etf_code,date,open,high,low,close
159119,2026-05-21,1.046,1.049,1.024,1.025
159119,2026-05-22,1.024,1.025,1.016,1.023
159119,2026-05-25,1.023,1.025,1.01,1.014
159119,2026-05-26,1.015,1.025,1.011,1.025
159119,2026-05-27,1.025,1.028,1.008,1.015
159127,2026-05-28,0.954,0.954,0.937,0.941
159143,2026-01-12,0.996,0.999,0.986,0.996
159143,2026-01-13,0.998,1.008,0.996,1.007
159143,2026-01-14,1.006,1.01,1,1.006
159143,2026-01-15,1.004,1.014,1.002,1.005
159143,2026-01-16,1.01,1.01,0.997,1.001
159143,2026-01-19,1.001,1.004,0.991,1.001
159143,2026-01-20,1.001,1.006,0.993,1.003
159143,2026-01-21,1.004,1.005,0.998,1
159143,2026-01-22,1.002,1.009,1.002,1.002
159143,2026-01-23,1.006,1.007,0.994,0.995
159143,2026-01-26,0.998,1.018,0.998,1.011
159143,2026-01-27,1.017,1.026,1.013,1.02
159143,2026-01-28,1.02,1.046,1.02,1.04
159143,2026-01-29,1.044,1.064,1.043,1.061
159143,2026-01-30,1.064,1.07,1.034,1.038
159143,2026-02-02,1.038,1.038,1.004,1.006
159143,2026-02-03,1.021,1.027,1.009,1.022
159143,2026-02-04,1.023,1.049,1.018,1.045
159143,2026-02-05,1.05,1.05,1.028,1.037
159143,2026-02-06,1.029,1.043,1.023,1.036
159143,2026-02-09,1.05,1.054,1.044,1.047
159143,2026-02-10,1.05,1.053,1.044,1.05
159143,2026-02-11,1.055,1.059,1.048,1.059
159143,2026-02-12,1.059,1.068,1.059,1.065
159143,2026-02-13,1.065,1.065,1.037,1.038
159143,2026-02-24,1.053,1.071,1.053,1.066
159143,2026-02-25,1.075,1.087,1.068,1.073
159143,2026-02-26,1.073,1.075,1.057,1.062
159143,2026-02-27,1.059,1.065,1.05,1.065
159143,2026-03-02,1.073,1.08,1.052,1.075
159143,2026-03-03,1.078,1.091,1.066,1.076
159143,2026-03-04,1.076,1.076,1.028,1.045
159143,2026-03-05,1.071,1.071,1.047,1.055
159143,2026-03-06,1.056,1.065,1.045,1.063
159143,2026-03-09,1.06,1.065,1.04,1.043
159143,2026-03-10,1.04,1.057,1.04,1.048
159143,2026-03-11,1.052,1.06,1.046,1.058
159143,2026-03-12,1.06,1.06,1.05,1.056
159143,2026-03-13,1.048,1.057,1.042,1.044
159143,2026-03-16,1.042,1.051,1.036,1.047
159143,2026-03-17,1.053,1.058,1.046,1.046
159143,2026-03-18,1.044,1.055,1.044,1.055
159143,2026-03-19,1.047,1.053,1.033,1.04
159143,2026-03-20,1.04,1.05,1.032,1.037
159143,2026-03-23,1.032,1.046,1.003,1.004
159143,2026-03-24,1.022,1.035,1.014,1.034
159143,2026-03-25,1.042,1.042,1.028,1.034
159143,2026-03-26,1.034,1.045,1.025,1.025
159143,2026-03-27,1.04,1.04,1.014,1.024
159143,2026-03-30,1.026,1.026,1.008,1.017
159143,2026-03-31,1.017,1.023,1.001,1.003
159143,2026-04-01,1.012,1.026,1.012,1.017
159143,2026-04-02,1.017,1.023,1.008,1.012
159143,2026-04-03,1.014,1.022,1.001,1.01
159143,2026-04-07,1.006,1.019,1.001,1.013
159143,2026-04-08,1.015,1.031,1.015,1.03
159143,2026-04-09,1.029,1.03,1.019,1.028
159143,2026-04-10,1.029,1.036,1.023,1.023
159143,2026-04-13,1.042,1.042,1.019,1.024
159143,2026-04-14,1.024,1.032,1.024,1.032
159143,2026-04-15,1.032,1.032,1.026,1.028
159143,2026-04-16,1.028,1.03,1.024,1.027
159143,2026-04-17,1.026,1.027,1.02,1.023
159143,2026-04-20,1.022,1.029,1.021,1.027
159143,2026-04-21,1.028,1.037,1.028,1.034
159143,2026-04-22,1.032,1.034,1.023,1.023
159143,2026-04-23,1.03,1.036,1.023,1.035
159143,2026-04-24,1.035,1.038,1.03,1.037
159143,2026-04-27,1.036,1.038,1.03,1.031
159143,2026-04-28,1.031,1.032,1.021,1.03
159143,2026-04-29,1.031,1.053,1.031,1.052
159143,2026-04-30,1.053,1.053,1.04,1.041
159143,2026-05-06,1.041,1.051,1.034,1.05
159143,2026-05-07,1.054,1.059,1.048,1.05
159143,2026-05-08,1.049,1.055,1.043,1.053
159143,2026-05-11,1.053,1.053,1.049,1.052
159143,2026-05-12,1.051,1.059,1.05,1.052
159143,2026-05-13,1.048,1.061,1.048,1.049
159143,2026-05-14,1.049,1.055,1.043,1.043
159143,2026-05-15,1.043,1.043,1.029,1.031
159143,2026-05-18,1.03,1.039,1.023,1.023
159143,2026-05-19,1.025,1.031,1.022,1.028
159143,2026-05-20,1.023,1.032,1.021,1.028
159143,2026-05-21,1.032,1.035,1.021,1.021
159143,2026-05-22,1.025,1.03,1.014,1.028
159143,2026-05-25,1.023,1.027,1.006,1.023
159143,2026-05-26,1.021,1.026,1.011,1.021
159143,2026-05-27,1.015,1.016,1.002,1.003
159143,2026-05-28,1.003,1.003,0.983,0.988
159143,2026-05-29,0.99,0.998,0.988,0.997
159166,2026-05-28,0.879,0.883,0.873,0.88
159166,2026-05-29,0.883,0.888,0.88,0.883
159201,2026-05-20,1.258,1.258,1.249,1.255
159201,2026-05-21,1.254,1.261,1.23,1.232
159201,2026-05-22,1.231,1.24,1.225,1.236
159201,2026-05-25,1.235,1.238,1.223,1.228
159201,2026-05-26,1.227,1.241,1.22,1.241
159201,2026-05-27,1.24,1.241,1.215,1.22
159201,2026-05-28,1.215,1.222,1.205,1.213
159201,2026-05-29,1.211,1.229,1.211,1.221
159221,2026-05-28,1.213,1.217,1.202,1.209
159221,2026-05-29,1.214,1.224,1.21,1.216
159222,2026-05-28,1.3,1.304,1.287,1.296
159222,2026-05-29,1.293,1.311,1.293,1.302
159229,2026-05-21,1.264,1.27,1.238,1.241
159229,2026-05-22,1.239,1.239,1.23,1.236
159229,2026-05-25,1.236,1.239,1.223,1.229
159229,2026-05-26,1.223,1.242,1.22,1.242
159229,2026-05-27,1.237,1.244,1.219,1.228
159229,2026-05-28,1.225,1.225,1.21,1.218
159232,2025-04-30,0.966,0.967,0.959,0.959
159232,2025-05-06,0.961,0.966,0.958,0.965
159232,2025-05-07,0.97,0.977,0.968,0.971
159232,2025-05-08,0.97,0.975,0.967,0.973
159232,2025-05-09,0.973,0.977,0.972,0.974
159232,2025-05-12,0.976,0.982,0.976,0.982
159232,2025-05-13,0.989,0.99,0.984,0.987
159232,2025-05-14,0.986,1.002,0.986,1.001
159232,2025-05-15,0.999,1.003,0.996,0.996
159232,2025-05-16,0.995,0.996,0.988,0.992
159232,2025-05-19,0.992,0.996,0.991,0.995
159232,2025-05-20,0.995,1,0.994,0.998
159232,2025-05-21,0.999,1.015,0.998,1.013
159232,2025-05-22,1.012,1.013,1.008,1.01
159232,2025-05-23,1.008,1.018,1.004,1.007
159232,2025-05-26,1.004,1.006,0.998,1.002
159232,2025-05-27,1.001,1.003,0.995,0.995
159232,2025-05-28,0.995,1.006,0.995,1.004
159232,2025-05-29,1.005,1.01,1.002,1.007
159232,2025-05-30,1.007,1.008,1.002,1.007
159232,2025-06-03,1.007,1.007,0.996,0.999
159232,2025-06-04,0.997,1.001,0.997,1
159232,2025-06-05,1,1.005,0.996,0.999
159232,2025-06-06,0.997,1.002,0.997,0.999
159232,2025-06-09,0.999,1.003,0.995,1.003
159232,2025-06-10,1.003,1.007,0.996,1.001
159232,2025-06-11,1.001,1.009,1.001,1.007
159232,2025-06-12,1.004,1.007,1.003,1.004
159232,2025-06-13,1.006,1.007,0.999,1.001
159232,2025-06-16,1,1,0.993,0.996
159232,2025-06-17,0.995,0.996,0.991,0.995
159232,2025-06-18,0.993,1,0.991,0.995
159232,2025-06-19,0.993,0.994,0.981,0.983
159232,2025-06-20,0.983,0.99,0.983,0.988
159232,2025-06-23,0.988,0.991,0.985,0.99
159232,2025-06-24,0.99,0.998,0.985,0.995
159232,2025-06-25,0.996,0.999,0.989,0.998
159232,2025-06-26,0.998,1.004,0.998,0.999
159232,2025-06-27,0.999,1.01,0.999,1.004
159232,2025-06-30,1.002,1.008,1.002,1.007
159232,2025-07-01,1.007,1.012,1.003,1.011
159232,2025-07-02,1.013,1.022,1.01,1.021
159232,2025-07-03,1.02,1.027,1.02,1.025
159232,2025-07-04,1.025,1.03,1.02,1.025
159232,2025-07-07,1.018,1.028,1.018,1.02
159232,2025-07-08,1.02,1.026,1.019,1.025
159232,2025-07-09,1.026,1.028,1.018,1.02
159232,2025-07-10,1.02,1.032,1.02,1.029
159232,2025-07-11,1.029,1.044,1.029,1.037
159232,2025-07-14,1.036,1.041,1.036,1.041
159232,2025-07-15,1.044,1.044,1.028,1.032
159232,2025-07-16,1.032,1.035,1.028,1.032
159232,2025-07-17,1.03,1.035,1.029,1.031
159232,2025-07-18,1.033,1.042,1.033,1.041
159232,2025-07-21,1.042,1.061,1.042,1.06
159232,2025-07-22,1.059,1.084,1.058,1.084
159232,2025-07-23,1.084,1.091,1.078,1.084
159232,2025-07-24,1.084,1.092,1.076,1.09
159232,2025-07-25,1.091,1.093,1.081,1.085
159232,2025-07-28,1.086,1.086,1.069,1.074
159232,2025-07-29,1.073,1.074,1.065,1.074
159232,2025-07-30,1.074,1.086,1.073,1.079
159232,2025-07-31,1.079,1.079,1.049,1.053
159232,2025-08-01,1.049,1.058,1.049,1.056
159232,2025-08-04,1.053,1.058,1.049,1.056
159232,2025-08-05,1.058,1.067,1.058,1.066
159232,2025-08-06,1.066,1.075,1.065,1.074
159232,2025-08-07,1.077,1.078,1.068,1.077
159232,2025-08-08,1.074,1.088,1.074,1.084
159232,2025-08-11,1.092,1.092,1.08,1.085
159232,2025-08-12,1.087,1.094,1.084,1.089
159232,2025-08-13,1.089,1.098,1.088,1.096
159232,2025-08-14,1.096,1.101,1.087,1.087
159232,2025-08-15,1.087,1.104,1.084,1.102
159232,2025-08-18,1.102,1.107,1.098,1.101
159232,2025-08-19,1.097,1.106,1.096,1.098
159232,2025-08-20,1.095,1.11,1.093,1.11
159232,2025-08-21,1.11,1.12,1.107,1.117
159232,2025-08-22,1.118,1.119,1.11,1.119
159232,2025-08-25,1.12,1.15,1.12,1.15
159232,2025-08-26,1.146,1.165,1.14,1.158
159232,2025-08-27,1.158,1.159,1.132,1.133
159232,2025-08-28,1.133,1.141,1.118,1.141
159232,2025-08-29,1.139,1.149,1.136,1.141
159232,2025-09-01,1.138,1.149,1.134,1.149
159232,2025-09-02,1.149,1.158,1.139,1.144
159232,2025-09-03,1.148,1.156,1.128,1.132
159232,2025-09-04,1.13,1.134,1.103,1.113
159232,2025-09-05,1.112,1.134,1.111,1.134
159232,2025-09-08,1.134,1.142,1.133,1.14
159232,2025-09-09,1.142,1.148,1.133,1.137
159232,2025-09-10,1.137,1.137,1.123,1.132
159232,2025-09-11,1.132,1.147,1.131,1.145
159232,2025-09-12,1.146,1.16,1.146,1.154
159232,2025-09-15,1.15,1.153,1.146,1.148
159232,2025-09-16,1.148,1.151,1.133,1.142
159232,2025-09-17,1.142,1.147,1.137,1.147
159232,2025-09-18,1.145,1.145,1.119,1.127
159232,2025-09-19,1.126,1.135,1.126,1.134
159232,2025-09-22,1.131,1.133,1.115,1.121
159232,2025-09-23,1.121,1.122,1.102,1.115
159232,2025-09-24,1.115,1.123,1.109,1.122
159232,2025-09-25,1.122,1.129,1.122,1.124
159232,2025-09-26,1.122,1.131,1.12,1.127
159232,2025-09-29,1.127,1.139,1.118,1.137
159232,2025-09-30,1.137,1.143,1.134,1.143
159232,2025-10-09,1.146,1.166,1.142,1.166
159232,2025-10-10,1.165,1.179,1.156,1.17
159232,2025-10-13,1.139,1.163,1.131,1.16
159232,2025-10-14,1.16,1.176,1.16,1.164
159232,2025-10-15,1.164,1.174,1.161,1.173
159232,2025-10-16,1.172,1.177,1.167,1.17
159232,2025-10-17,1.169,1.177,1.156,1.157
159232,2025-10-20,1.16,1.175,1.155,1.162
159232,2025-10-21,1.162,1.171,1.158,1.169
159232,2025-10-22,1.17,1.174,1.167,1.172
159232,2025-10-23,1.172,1.187,1.168,1.185
159232,2025-10-24,1.187,1.193,1.179,1.186
159232,2025-10-27,1.186,1.2,1.186,1.196
159232,2025-10-28,1.196,1.198,1.185,1.186
159232,2025-10-29,1.186,1.202,1.184,1.201
159232,2025-10-30,1.199,1.216,1.198,1.204
159232,2025-10-31,1.202,1.208,1.196,1.199
159232,2025-11-03,1.2,1.207,1.193,1.207
159232,2025-11-04,1.207,1.208,1.188,1.194
159232,2025-11-05,1.183,1.2,1.178,1.197
159232,2025-11-06,1.197,1.223,1.197,1.221
159232,2025-11-07,1.221,1.232,1.219,1.229
159232,2025-11-10,1.235,1.25,1.23,1.247
159232,2025-11-11,1.249,1.249,1.237,1.243
159232,2025-11-12,1.244,1.256,1.242,1.252
159232,2025-11-13,1.25,1.264,1.248,1.261
159232,2025-11-14,1.26,1.263,1.25,1.251
159232,2025-11-17,1.25,1.25,1.233,1.237
159232,2025-11-18,1.233,1.236,1.209,1.216
159232,2025-11-19,1.215,1.23,1.21,1.227
159232,2025-11-20,1.226,1.232,1.219,1.22
159232,2025-11-21,1.216,1.216,1.194,1.196
159232,2025-11-24,1.198,1.2,1.184,1.189
159232,2025-11-25,1.192,1.2,1.188,1.197
159232,2025-11-26,1.198,1.202,1.192,1.197
159232,2025-11-27,1.198,1.203,1.197,1.198
159232,2025-11-28,1.194,1.201,1.192,1.2
159232,2025-12-01,1.202,1.22,1.202,1.219
159232,2025-12-02,1.22,1.221,1.214,1.219
159232,2025-12-03,1.219,1.235,1.217,1.229
159232,2025-12-04,1.23,1.236,1.223,1.225
159232,2025-12-05,1.224,1.243,1.224,1.241
159232,2025-12-08,1.246,1.246,1.224,1.233
159232,2025-12-09,1.232,1.232,1.206,1.211
159232,2025-12-10,1.209,1.217,1.205,1.215
159232,2025-12-11,1.22,1.224,1.206,1.206
159232,2025-12-12,1.209,1.217,1.209,1.213
159232,2025-12-15,1.208,1.221,1.206,1.216
159232,2025-12-16,1.214,1.215,1.201,1.205
159232,2025-12-17,1.205,1.221,1.201,1.218
159232,2025-12-18,1.215,1.222,1.211,1.217
159232,2025-12-19,1.218,1.231,1.214,1.229
159232,2025-12-22,1.233,1.234,1.226,1.229
159232,2025-12-23,1.23,1.233,1.225,1.229
159232,2025-12-24,1.224,1.231,1.221,1.23
159232,2025-12-25,1.229,1.231,1.226,1.229
159232,2025-12-26,1.23,1.241,1.228,1.24
159232,2025-12-29,1.24,1.248,1.235,1.238
159232,2025-12-30,1.235,1.25,1.231,1.244
159232,2025-12-31,1.245,1.251,1.241,1.246
159232,2026-01-05,1.247,1.255,1.245,1.253
159232,2026-01-06,1.253,1.281,1.252,1.279
159232,2026-01-07,1.282,1.282,1.263,1.267
159232,2026-01-08,1.266,1.267,1.257,1.26
159232,2026-01-09,1.259,1.272,1.259,1.268
159232,2026-01-12,1.267,1.274,1.264,1.273
159232,2026-01-13,1.273,1.287,1.271,1.278
159232,2026-01-14,1.278,1.293,1.271,1.276
159232,2026-01-15,1.283,1.289,1.275,1.281
159232,2026-01-16,1.284,1.291,1.268,1.272
159232,2026-01-19,1.269,1.292,1.265,1.292
159232,2026-01-20,1.297,1.307,1.284,1.307
159232,2026-01-21,1.303,1.317,1.297,1.309
159232,2026-01-22,1.305,1.324,1.305,1.322
159232,2026-01-23,1.322,1.329,1.32,1.325
159232,2026-01-26,1.328,1.344,1.327,1.341
159232,2026-01-27,1.341,1.342,1.323,1.33
159232,2026-01-28,1.331,1.367,1.331,1.362
159232,2026-01-29,1.366,1.384,1.353,1.384
159232,2026-01-30,1.377,1.377,1.33,1.35
159232,2026-02-02,1.328,1.331,1.286,1.288
159232,2026-02-03,1.291,1.319,1.291,1.319
159232,2026-02-04,1.319,1.34,1.315,1.338
159232,2026-02-05,1.337,1.337,1.312,1.324
159232,2026-02-06,1.312,1.329,1.302,1.318
159232,2026-02-09,1.33,1.334,1.325,1.334
159232,2026-02-10,1.334,1.334,1.326,1.333
159232,2026-02-11,1.334,1.345,1.33,1.341
159232,2026-02-12,1.341,1.346,1.334,1.339
159232,2026-02-13,1.329,1.335,1.316,1.317
159232,2026-02-24,1.327,1.355,1.327,1.354
159232,2026-02-25,1.36,1.381,1.354,1.364
159232,2026-02-26,1.361,1.37,1.357,1.365
159232,2026-02-27,1.362,1.379,1.359,1.378
159232,2026-03-02,1.386,1.41,1.377,1.41
159232,2026-03-03,1.409,1.427,1.396,1.402
159232,2026-03-04,1.395,1.395,1.368,1.387
159232,2026-03-05,1.395,1.408,1.385,1.397
159232,2026-03-06,1.394,1.407,1.382,1.405
159232,2026-03-09,1.413,1.424,1.402,1.408
159232,2026-03-10,1.395,1.405,1.387,1.401
159232,2026-03-11,1.399,1.421,1.394,1.42
159232,2026-03-12,1.42,1.437,1.413,1.431
159232,2026-03-13,1.424,1.44,1.411,1.416
159232,2026-03-16,1.413,1.421,1.399,1.402
159232,2026-03-17,1.404,1.412,1.39,1.391
159232,2026-03-18,1.391,1.394,1.367,1.383
159232,2026-03-19,1.373,1.382,1.357,1.363
159232,2026-03-20,1.356,1.368,1.349,1.351
159232,2026-03-23,1.336,1.339,1.302,1.31
159232,2026-03-24,1.317,1.331,1.301,1.327
159232,2026-03-25,1.33,1.341,1.323,1.341
159232,2026-03-26,1.341,1.344,1.327,1.328
159232,2026-03-27,1.324,1.336,1.318,1.336
159232,2026-03-30,1.327,1.338,1.323,1.336
159232,2026-03-31,1.337,1.346,1.323,1.324
159232,2026-04-01,1.336,1.336,1.326,1.33
159232,2026-04-02,1.33,1.333,1.319,1.325
159232,2026-04-03,1.322,1.327,1.307,1.309
159232,2026-04-07,1.305,1.315,1.304,1.314
159232,2026-04-08,1.325,1.339,1.318,1.339
159232,2026-04-09,1.331,1.332,1.324,1.331
159232,2026-04-10,1.339,1.342,1.337,1.338
159232,2026-04-13,1.332,1.336,1.325,1.334
159232,2026-04-14,1.335,1.338,1.326,1.338
159232,2026-04-15,1.34,1.341,1.328,1.329
159232,2026-04-16,1.331,1.337,1.33,1.336
159232,2026-04-17,1.335,1.336,1.324,1.327
159232,2026-04-20,1.325,1.327,1.322,1.324
159232,2026-04-21,1.323,1.326,1.319,1.326
159232,2026-04-22,1.326,1.326,1.319,1.322
159232,2026-04-23,1.319,1.327,1.316,1.322
159232,2026-04-24,1.322,1.323,1.307,1.315
159232,2026-04-27,1.312,1.317,1.31,1.314
159232,2026-04-28,1.313,1.322,1.309,1.322
159232,2026-04-29,1.323,1.346,1.323,1.344
159232,2026-04-30,1.343,1.347,1.332,1.338
159232,2026-05-06,1.335,1.335,1.324,1.331
159232,2026-05-07,1.332,1.332,1.314,1.32
159232,2026-05-08,1.32,1.321,1.311,1.318
159232,2026-05-11,1.319,1.323,1.313,1.323
159232,2026-05-12,1.324,1.325,1.31,1.312
159232,2026-05-13,1.31,1.314,1.308,1.312
159232,2026-05-14,1.312,1.315,1.3,1.302
159232,2026-05-15,1.302,1.302,1.282,1.286
159232,2026-05-18,1.285,1.289,1.268,1.276
159232,2026-05-19,1.274,1.289,1.273,1.287
159232,2026-05-20,1.283,1.289,1.271,1.277
159232,2026-05-21,1.275,1.284,1.251,1.253
159232,2026-05-22,1.253,1.254,1.241,1.25
159232,2026-05-25,1.249,1.253,1.235,1.241
159232,2026-05-26,1.242,1.252,1.237,1.251
159232,2026-05-27,1.251,1.256,1.23,1.237
159232,2026-05-28,1.235,1.236,1.219,1.227
159232,2026-05-29,1.226,1.24,1.225,1.233
159233,2026-05-28,1.225,1.225,1.208,1.216
159236,2026-05-28,1.232,1.232,1.216,1.221
159266,2026-05-28,0.981,0.981,0.96,0.965
159281,2026-05-28,0.96,0.961,0.941,0.947
159307,2026-05-28,1.042,1.045,1.035,1.037
159332,2026-05-28,1.183,1.19,1.176,1.177
159333,2026-05-28,1.37,1.373,1.35,1.357
159399,2025-02-27,0.961,0.966,0.959,0.966
159399,2025-02-28,0.967,0.968,0.954,0.957
159399,2025-03-03,0.957,0.967,0.954,0.96
159399,2025-03-04,0.96,0.96,0.952,0.957
159399,2025-03-05,0.957,0.961,0.953,0.96
159399,2025-03-06,0.961,0.966,0.96,0.966
159399,2025-03-07,0.964,0.973,0.962,0.969
159399,2025-03-10,0.969,0.973,0.966,0.971
159399,2025-03-11,0.971,0.974,0.966,0.974
159399,2025-03-12,0.976,0.976,0.972,0.973
159399,2025-03-13,0.974,0.979,0.97,0.976
159399,2025-03-14,0.976,0.985,0.975,0.983
159399,2025-03-17,0.984,0.989,0.983,0.985
159399,2025-03-18,0.986,0.987,0.981,0.985
159399,2025-03-19,0.985,0.985,0.979,0.982
159399,2025-03-20,0.982,0.984,0.979,0.98
159399,2025-03-21,0.978,0.988,0.974,0.978
159399,2025-03-24,0.977,0.983,0.975,0.983
159399,2025-03-25,0.983,0.988,0.98,0.986
159399,2025-03-26,0.985,0.987,0.981,0.985
159399,2025-03-27,0.985,0.985,0.979,0.981
159399,2025-03-28,0.981,0.981,0.97,0.975
159399,2025-03-31,0.973,0.982,0.971,0.976
159399,2025-04-01,0.975,0.979,0.974,0.977
159399,2025-04-02,0.977,0.978,0.972,0.974
159399,2025-04-03,0.965,0.97,0.961,0.968
159399,2025-04-07,0.931,0.935,0.869,0.883
159399,2025-04-08,0.888,0.93,0.888,0.93
159399,2025-04-09,0.92,0.93,0.906,0.926
159399,2025-04-10,0.932,0.94,0.928,0.934
159399,2025-04-11,0.928,0.932,0.924,0.93
159399,2025-04-14,0.932,0.938,0.929,0.938
159399,2025-04-15,0.94,0.94,0.933,0.94
159399,2025-04-16,0.937,0.945,0.933,0.943
159399,2025-04-17,0.94,0.945,0.938,0.943
159399,2025-04-18,0.943,0.948,0.94,0.947
159399,2025-04-21,0.947,0.947,0.941,0.945
159399,2025-04-22,0.942,0.947,0.942,0.945
159399,2025-04-23,0.947,0.95,0.945,0.946
159399,2025-04-24,0.946,0.951,0.945,0.947
159399,2025-04-25,0.949,0.949,0.944,0.946
159399,2025-04-28,0.946,0.949,0.939,0.947
159399,2025-04-29,0.947,0.948,0.943,0.945
159399,2025-04-30,0.944,0.947,0.94,0.941
159399,2025-05-06,0.942,0.947,0.937,0.947
159399,2025-05-07,0.95,0.959,0.948,0.952
159399,2025-05-08,0.951,0.957,0.947,0.954
159399,2025-05-09,0.954,0.958,0.953,0.957
159399,2025-05-12,0.959,0.964,0.957,0.963
159399,2025-05-13,0.966,0.969,0.964,0.968
159399,2025-05-14,0.969,0.978,0.965,0.976
159399,2025-05-15,0.973,0.977,0.97,0.971
159399,2025-05-16,0.967,0.97,0.962,0.963
159399,2025-05-19,0.964,0.967,0.962,0.967
159399,2025-05-20,0.967,0.969,0.966,0.968
159399,2025-05-21,0.967,0.98,0.967,0.978
159399,2025-05-22,0.978,0.98,0.974,0.976
159399,2025-05-23,0.976,0.983,0.97,0.97
159399,2025-05-26,0.968,0.973,0.966,0.969
159399,2025-05-27,0.969,0.972,0.965,0.966
159399,2025-05-28,0.967,0.977,0.966,0.974
159399,2025-05-29,0.973,0.978,0.972,0.976
159399,2025-05-30,0.974,0.979,0.972,0.978
159399,2025-06-03,0.977,0.977,0.968,0.97
159399,2025-06-04,0.971,0.972,0.969,0.971
159399,2025-06-05,0.971,0.974,0.968,0.97
159399,2025-06-06,0.97,0.975,0.969,0.973
159399,2025-06-09,0.974,0.978,0.971,0.976
159399,2025-06-10,0.976,0.981,0.971,0.975
159399,2025-06-11,0.98,0.982,0.979,0.98
159399,2025-06-12,0.982,0.983,0.976,0.979
159399,2025-06-13,0.978,0.983,0.973,0.978
159399,2025-06-16,0.977,0.978,0.973,0.975
159399,2025-06-17,0.975,0.981,0.973,0.98
159399,2025-06-18,0.979,0.986,0.977,0.98
159399,2025-06-19,0.978,0.978,0.968,0.973
159399,2025-06-20,0.972,0.974,0.97,0.972
159399,2025-06-23,0.969,0.974,0.967,0.971
159399,2025-06-24,0.97,0.978,0.967,0.975
159399,2025-06-25,0.975,0.981,0.971,0.979
159399,2025-06-26,0.979,0.985,0.977,0.98
159399,2025-06-27,0.982,0.99,0.982,0.984
159399,2025-06-30,0.985,0.988,0.983,0.987
159399,2025-07-01,0.987,0.989,0.982,0.988
159399,2025-07-02,0.989,1.002,0.989,1.002
159399,2025-07-03,1.004,1.006,1,1.005
159399,2025-07-04,1.004,1.01,0.999,1.006
159399,2025-07-07,1.005,1.005,0.999,1.001
159399,2025-07-08,1.001,1.006,0.998,1.005
159399,2025-07-09,1.005,1.008,0.999,1.002
159399,2025-07-10,1.001,1.013,1.001,1.011
159399,2025-07-11,1.016,1.022,1.014,1.015
159399,2025-07-14,1.015,1.02,1.015,1.019
159399,2025-07-15,1.019,1.02,1.008,1.014
159399,2025-07-16,1.016,1.016,1.009,1.014
159399,2025-07-17,1.014,1.016,1.012,1.015
159399,2025-07-18,1.016,1.024,1.015,1.023
159399,2025-07-21,1.024,1.038,1.024,1.038
159399,2025-07-22,1.038,1.058,1.035,1.057
159399,2025-07-23,1.058,1.063,1.051,1.052
159399,2025-07-24,1.052,1.062,1.05,1.062
159399,2025-07-25,1.056,1.062,1.053,1.055
159399,2025-07-28,1.052,1.053,1.042,1.047
159399,2025-07-29,1.049,1.05,1.043,1.05
159399,2025-07-30,1.05,1.062,1.049,1.055
159399,2025-07-31,1.051,1.051,1.024,1.03
159399,2025-08-01,1.027,1.034,1.025,1.029
159399,2025-08-04,1.026,1.033,1.024,1.033
159399,2025-08-05,1.034,1.042,1.033,1.042
159399,2025-08-06,1.041,1.048,1.039,1.047
159399,2025-08-07,1.047,1.049,1.04,1.047
159399,2025-08-08,1.047,1.057,1.044,1.053
159399,2025-08-11,1.058,1.058,1.053,1.055
159399,2025-08-12,1.056,1.063,1.053,1.059
159399,2025-08-13,1.059,1.066,1.059,1.065
159399,2025-08-14,1.066,1.07,1.056,1.059
159399,2025-08-15,1.058,1.072,1.054,1.07
159399,2025-08-18,1.07,1.073,1.064,1.068
159399,2025-08-19,1.067,1.075,1.063,1.065
159399,2025-08-20,1.063,1.075,1.06,1.075
159399,2025-08-21,1.076,1.087,1.075,1.082
159399,2025-08-22,1.082,1.087,1.074,1.087
159399,2025-08-25,1.089,1.118,1.087,1.117
159399,2025-08-26,1.114,1.131,1.107,1.124
159399,2025-08-27,1.125,1.127,1.1,1.101
159399,2025-08-28,1.102,1.11,1.088,1.11
159399,2025-08-29,1.104,1.12,1.104,1.113
159399,2025-09-01,1.117,1.119,1.106,1.117
159399,2025-09-02,1.117,1.128,1.107,1.116
159399,2025-09-03,1.119,1.127,1.097,1.103
159399,2025-09-04,1.103,1.104,1.073,1.085
159399,2025-09-05,1.085,1.101,1.081,1.1
159399,2025-09-08,1.1,1.111,1.099,1.109
159399,2025-09-09,1.108,1.112,1.097,1.105
159399,2025-09-10,1.104,1.104,1.092,1.101
159399,2025-09-11,1.102,1.12,1.102,1.118
159399,2025-09-12,1.119,1.127,1.118,1.123
159399,2025-09-15,1.123,1.127,1.119,1.125
159399,2025-09-16,1.128,1.128,1.106,1.118
159399,2025-09-17,1.117,1.123,1.11,1.122
159399,2025-09-18,1.122,1.122,1.098,1.104
159399,2025-09-19,1.103,1.107,1.101,1.105
159399,2025-09-22,1.1,1.102,1.089,1.095
159399,2025-09-23,1.094,1.095,1.078,1.091
159399,2025-09-24,1.088,1.094,1.08,1.093
159399,2025-09-25,1.092,1.098,1.09,1.09
159399,2025-09-26,1.089,1.098,1.088,1.092
159399,2025-09-29,1.092,1.102,1.082,1.1
159399,2025-09-30,1.099,1.106,1.097,1.105
159399,2025-10-09,1.108,1.129,1.107,1.128
159399,2025-10-10,1.135,1.138,1.122,1.126
159399,2025-10-13,1.108,1.121,1.095,1.12
159399,2025-10-14,1.121,1.127,1.111,1.116
159399,2025-10-15,1.12,1.124,1.111,1.121
159399,2025-10-16,1.12,1.121,1.11,1.115
159399,2025-10-17,1.114,1.117,1.091,1.094
159399,2025-10-20,1.099,1.101,1.093,1.098
159399,2025-10-21,1.097,1.109,1.097,1.106
159399,2025-10-22,1.102,1.112,1.1,1.111
159399,2025-10-23,1.11,1.12,1.103,1.118
159399,2025-10-24,1.119,1.127,1.116,1.12
159399,2025-10-27,1.123,1.135,1.123,1.133
159399,2025-10-28,1.133,1.133,1.12,1.122
159399,2025-10-29,1.121,1.131,1.118,1.131
159399,2025-10-30,1.131,1.142,1.128,1.13
159399,2025-10-31,1.13,1.136,1.127,1.128
159399,2025-11-03,1.129,1.138,1.124,1.136
159399,2025-11-04,1.135,1.135,1.116,1.121
159399,2025-11-05,1.117,1.126,1.107,1.124
159399,2025-11-06,1.12,1.145,1.12,1.142
159399,2025-11-07,1.142,1.148,1.139,1.146
159399,2025-11-10,1.149,1.162,1.144,1.161
159399,2025-11-11,1.155,1.158,1.15,1.157
159399,2025-11-12,1.157,1.167,1.155,1.164
159399,2025-11-13,1.163,1.173,1.158,1.173
159399,2025-11-14,1.172,1.172,1.162,1.163
159399,2025-11-17,1.163,1.163,1.145,1.15
159399,2025-11-18,1.144,1.148,1.128,1.133
159399,2025-11-19,1.133,1.142,1.132,1.139
159399,2025-11-20,1.141,1.144,1.132,1.134
159399,2025-11-21,1.13,1.13,1.11,1.115
159399,2025-11-24,1.119,1.122,1.107,1.112
159399,2025-11-25,1.112,1.12,1.111,1.118
159399,2025-11-26,1.12,1.122,1.116,1.119
159399,2025-11-27,1.119,1.125,1.117,1.119
159399,2025-11-28,1.12,1.123,1.114,1.123
159399,2025-12-01,1.127,1.138,1.127,1.138
159399,2025-12-02,1.138,1.141,1.133,1.138
159399,2025-12-03,1.137,1.147,1.133,1.143
159399,2025-12-04,1.143,1.148,1.137,1.141
159399,2025-12-05,1.141,1.15,1.14,1.15
159399,2025-12-08,1.151,1.154,1.135,1.142
159399,2025-12-09,1.138,1.139,1.119,1.122
159399,2025-12-10,1.122,1.126,1.114,1.125
159399,2025-12-11,1.125,1.128,1.117,1.119
159399,2025-12-12,1.119,1.129,1.119,1.128
159399,2025-12-15,1.123,1.136,1.123,1.128
159399,2025-12-16,1.129,1.129,1.116,1.121
159399,2025-12-17,1.118,1.132,1.114,1.13
159399,2025-12-18,1.126,1.131,1.124,1.128
159399,2025-12-19,1.128,1.136,1.125,1.136
159399,2025-12-22,1.136,1.137,1.13,1.132
159399,2025-12-23,1.129,1.134,1.124,1.128
159399,2025-12-24,1.126,1.128,1.119,1.127
159399,2025-12-25,1.126,1.129,1.123,1.127
159399,2025-12-26,1.126,1.136,1.126,1.134
159399,2025-12-29,1.133,1.139,1.126,1.129
159399,2025-12-30,1.127,1.134,1.121,1.13
159399,2025-12-31,1.13,1.136,1.128,1.134
159399,2026-01-05,1.137,1.146,1.135,1.145
159399,2026-01-06,1.145,1.167,1.145,1.165
159399,2026-01-07,1.164,1.168,1.158,1.161
159399,2026-01-08,1.157,1.165,1.154,1.161
159399,2026-01-09,1.166,1.175,1.166,1.171
159399,2026-01-12,1.172,1.176,1.165,1.172
159399,2026-01-13,1.172,1.179,1.167,1.171
159399,2026-01-14,1.172,1.188,1.166,1.175
159399,2026-01-15,1.17,1.177,1.162,1.167
159399,2026-01-16,1.171,1.179,1.157,1.161
159399,2026-01-19,1.158,1.173,1.157,1.171
159399,2026-01-20,1.172,1.182,1.166,1.182
159399,2026-01-21,1.181,1.182,1.172,1.177
159399,2026-01-22,1.176,1.183,1.175,1.183
159399,2026-01-23,1.179,1.187,1.178,1.181
159399,2026-01-26,1.182,1.194,1.179,1.187
159399,2026-01-27,1.186,1.186,1.168,1.176
159399,2026-01-28,1.177,1.2,1.169,1.198
159399,2026-01-29,1.197,1.21,1.187,1.209
159399,2026-01-30,1.204,1.205,1.17,1.184
159399,2026-02-02,1.168,1.173,1.138,1.141
159399,2026-02-03,1.146,1.163,1.146,1.161
159399,2026-02-04,1.163,1.184,1.162,1.184
159399,2026-02-05,1.172,1.177,1.163,1.174
159399,2026-02-06,1.157,1.178,1.157,1.169
159399,2026-02-09,1.178,1.18,1.172,1.178
159399,2026-02-10,1.18,1.18,1.173,1.18
159399,2026-02-11,1.181,1.19,1.177,1.183
159399,2026-02-12,1.183,1.187,1.176,1.177
159399,2026-02-13,1.173,1.176,1.161,1.163
159399,2026-02-24,1.172,1.183,1.172,1.182
159399,2026-02-25,1.182,1.204,1.181,1.194
159399,2026-02-26,1.194,1.196,1.187,1.195
159399,2026-02-27,1.191,1.209,1.189,1.208
159399,2026-03-02,1.201,1.215,1.193,1.215
159399,2026-03-03,1.21,1.216,1.185,1.187
159399,2026-03-04,1.179,1.192,1.175,1.182
159399,2026-03-05,1.191,1.206,1.191,1.198
159399,2026-03-06,1.196,1.211,1.189,1.21
159399,2026-03-09,1.202,1.208,1.19,1.202
159399,2026-03-10,1.203,1.211,1.201,1.206
159399,2026-03-11,1.21,1.219,1.21,1.219
159399,2026-03-12,1.218,1.225,1.212,1.221
159399,2026-03-13,1.218,1.225,1.208,1.21
159399,2026-03-16,1.212,1.212,1.182,1.189
159399,2026-03-17,1.19,1.2,1.177,1.179
159399,2026-03-18,1.179,1.181,1.162,1.173
159399,2026-03-19,1.167,1.167,1.139,1.147
159399,2026-03-20,1.146,1.148,1.128,1.131
159399,2026-03-23,1.122,1.122,1.085,1.091
159399,2026-03-24,1.099,1.109,1.084,1.109
159399,2026-03-25,1.109,1.125,1.108,1.124
159399,2026-03-26,1.122,1.128,1.107,1.114
159399,2026-03-27,1.105,1.117,1.098,1.115
159399,2026-03-30,1.103,1.109,1.095,1.108
159399,2026-03-31,1.108,1.122,1.106,1.109
159399,2026-04-01,1.121,1.123,1.112,1.119
159399,2026-04-02,1.119,1.119,1.104,1.109
159399,2026-04-03,1.111,1.111,1.095,1.096
159399,2026-04-07,1.097,1.1,1.093,1.1
159399,2026-04-08,1.112,1.126,1.11,1.125
159399,2026-04-09,1.12,1.121,1.115,1.119
159399,2026-04-10,1.129,1.131,1.125,1.125
159399,2026-04-13,1.12,1.123,1.115,1.122
159399,2026-04-14,1.124,1.131,1.119,1.129
159399,2026-04-15,1.127,1.13,1.123,1.123
159399,2026-04-16,1.126,1.131,1.124,1.131
159399,2026-04-17,1.128,1.128,1.12,1.123
159399,2026-04-20,1.122,1.124,1.117,1.12
159399,2026-04-21,1.119,1.121,1.115,1.121
159399,2026-04-22,1.118,1.119,1.114,1.118
159399,2026-04-23,1.116,1.122,1.113,1.118
159399,2026-04-24,1.115,1.116,1.105,1.11
159399,2026-04-27,1.107,1.11,1.104,1.107
159399,2026-04-28,1.107,1.112,1.104,1.11
159399,2026-04-29,1.11,1.124,1.109,1.124
159399,2026-04-30,1.123,1.128,1.116,1.118
159399,2026-05-06,1.12,1.121,1.114,1.12
159399,2026-05-07,1.119,1.12,1.108,1.113
159399,2026-05-08,1.107,1.111,1.104,1.108
159399,2026-05-11,1.109,1.117,1.109,1.115
159399,2026-05-12,1.116,1.117,1.106,1.108
159399,2026-05-13,1.107,1.116,1.105,1.115
159399,2026-05-14,1.114,1.118,1.103,1.105
159399,2026-05-15,1.105,1.106,1.092,1.094
159399,2026-05-18,1.093,1.097,1.082,1.09
159399,2026-05-19,1.092,1.101,1.086,1.098
159399,2026-05-20,1.096,1.096,1.082,1.086
159399,2026-05-21,1.085,1.087,1.063,1.065
159399,2026-05-22,1.067,1.068,1.057,1.062
159399,2026-05-25,1.061,1.064,1.051,1.056
159399,2026-05-26,1.057,1.067,1.053,1.065
159399,2026-05-27,1.065,1.068,1.045,1.049
159399,2026-05-28,1.049,1.051,1.038,1.045
159399,2026-05-29,1.045,1.057,1.045,1.052
159547,2026-05-28,1.186,1.191,1.179,1.18
159549,2026-05-28,1.19,1.192,1.181,1.183
159569,2024-08-22,0.931,0.931,0.921,0.93
159569,2024-08-23,0.927,0.931,0.921,0.929
159569,2024-08-26,0.929,0.937,0.929,0.937
159569,2024-08-27,0.937,0.951,0.933,0.949
159569,2024-08-28,0.947,0.95,0.939,0.941
159569,2024-08-29,0.935,0.943,0.93,0.936
159569,2024-08-30,0.936,0.945,0.933,0.941
159569,2024-09-02,0.928,0.941,0.928,0.939
159569,2024-09-03,0.939,0.941,0.927,0.928
159569,2024-09-04,0.919,0.925,0.912,0.915
159569,2024-09-05,0.915,0.919,0.905,0.907
159569,2024-09-06,0.909,0.91,0.902,0.903
159569,2024-09-09,0.901,0.901,0.884,0.885
159569,2024-09-10,0.885,0.89,0.885,0.889
159569,2024-09-11,0.88,0.88,0.865,0.872
159569,2024-09-12,0.877,0.888,0.873,0.886
159569,2024-09-13,0.887,0.898,0.887,0.891
159569,2024-09-18,0.898,0.905,0.898,0.902
159569,2024-09-19,0.902,0.911,0.899,0.909
159569,2024-09-20,0.913,0.92,0.91,0.917
159569,2024-09-23,0.916,0.932,0.916,0.928
159569,2024-09-24,0.928,0.966,0.928,0.963
159569,2024-09-25,0.964,0.997,0.964,0.973
159569,2024-09-26,0.978,0.993,0.969,0.99
159569,2024-09-27,0.994,1.01,0.98,0.994
159569,2024-09-30,0.998,1.038,0.998,1.013
159569,2024-10-08,1.121,1.121,1.015,1.037
159569,2024-10-09,1.037,1.037,0.971,0.978
159569,2024-10-10,0.983,1.042,0.983,1.023
159569,2024-10-11,1.023,1.032,0.999,1
159569,2024-10-14,1.006,1.045,1.006,1.039
159569,2024-10-15,1.05,1.051,0.928,1.012
159569,2024-10-16,1.016,1.036,1.015,1.028
159569,2024-10-17,1.029,1.042,1.01,1.01
159569,2024-10-18,1.011,1.041,1.011,1.033
159569,2024-10-21,1.044,1.045,1.024,1.024
159569,2024-10-22,1.019,1.039,1.019,1.032
159569,2024-10-23,1.035,1.05,1.033,1.04
159569,2024-10-24,1.036,1.04,1.029,1.038
159569,2024-10-25,1.042,1.046,1.034,1.035
159569,2024-10-28,1.035,1.036,1.027,1.034
159569,2024-10-29,1.036,1.037,1.019,1.02
159569,2024-10-30,1.022,1.025,1.003,1.005
159569,2024-10-31,1.006,1.016,1.002,1.006
159569,2024-11-01,1.006,1.025,1.006,1.018
159569,2024-11-04,1.019,1.019,1.009,1.017
159569,2024-11-05,1.015,1.032,1.015,1.03
159569,2024-11-06,1.03,1.037,1.021,1.022
159569,2024-11-07,1.026,1.047,1.021,1.046
159569,2024-11-08,1.057,1.068,1.032,1.033
159569,2024-11-11,1.024,1.026,1.016,1.019
159569,2024-11-12,1.018,1.033,0.998,1
159569,2024-11-13,1.002,1.012,0.997,1.005
159569,2024-11-14,1,1.007,0.99,0.991
159569,2024-11-15,0.989,1.006,0.989,0.999
159569,2024-11-18,1.004,1.021,1.004,1.012
159569,2024-11-19,1.02,1.023,1.012,1.015
159569,2024-11-20,1.015,1.019,1.012,1.015
159569,2024-11-21,1.005,1.019,1.005,1.015
159569,2024-11-22,1.021,1.024,0.991,0.991
159569,2024-11-25,1.001,1.002,0.993,0.997
159569,2024-11-26,0.989,1.007,0.983,0.99
159569,2024-11-27,0.987,0.994,0.983,0.994
159569,2024-11-28,0.994,0.995,0.98,0.98
159569,2024-11-29,0.981,0.986,0.977,0.978
159569,2024-12-02,0.984,0.994,0.982,0.99
159569,2024-12-03,0.996,1.011,0.994,1.008
159569,2024-12-04,1.006,1.018,1.004,1.014
159569,2024-12-05,1.014,1.014,1.005,1.005
159569,2024-12-06,1.012,1.025,1.012,1.023
159569,2024-12-09,1.023,1.032,1.017,1.025
159569,2024-12-10,1.057,1.077,1.036,1.037
159569,2024-12-11,1.036,1.051,1.035,1.038
159569,2024-12-12,1.04,1.054,1.039,1.052
159569,2024-12-13,1.052,1.052,1.033,1.04
159569,2024-12-16,1.042,1.048,1.038,1.038
159569,2024-12-17,1.041,1.048,1.033,1.033
159569,2024-12-18,1.041,1.048,1.041,1.046
159569,2024-12-19,1.038,1.045,1.036,1.045
159569,2024-12-20,1.045,1.045,1.032,1.034
159569,2024-12-23,1.034,1.057,1.034,1.057
159569,2024-12-24,1.057,1.084,1.057,1.08
159569,2024-12-25,1.08,1.182,1.075,1.081
159569,2024-12-26,1.098,1.132,1.093,1.114
159569,2024-12-27,1.127,1.127,1.064,1.072
159569,2024-12-30,1.072,1.087,1.072,1.083
159569,2024-12-31,1.084,1.097,1.084,1.085
159569,2025-01-02,1.086,1.089,1.056,1.059
159569,2025-01-03,1.062,1.079,1.062,1.071
159569,2025-01-06,1.074,1.081,1.067,1.073
159569,2025-01-07,1.073,1.074,1.053,1.055
159569,2025-01-08,1.055,1.059,1.04,1.048
159569,2025-01-09,1.044,1.048,1.038,1.042
159569,2025-01-10,1.048,1.049,1.033,1.034
159569,2025-01-13,1.034,1.038,1.021,1.033
159569,2025-01-14,1.037,1.044,1.034,1.042
159569,2025-01-15,1.041,1.047,1.036,1.038
159569,2025-01-16,1.042,1.05,1.037,1.045
159569,2025-01-17,1.044,1.047,1.039,1.043
159569,2025-01-20,1.045,1.049,1.037,1.038
159569,2025-01-21,1.04,1.041,1.031,1.035
159569,2025-01-22,1.037,1.037,1.024,1.026
159569,2025-01-23,1.027,1.037,1.027,1.029
159569,2025-01-24,1.026,1.036,1.026,1.036
159569,2025-01-27,1.036,1.048,1.036,1.046
159569,2025-02-05,1.044,1.044,1.03,1.031
159569,2025-02-06,1.031,1.038,1.03,1.038
159569,2025-02-07,1.038,1.04,1.032,1.037
159569,2025-02-10,1.037,1.046,1.036,1.039
159569,2025-02-11,1.04,1.045,1.039,1.041
159569,2025-02-12,1.044,1.051,1.042,1.049
159569,2025-02-13,1.053,1.053,1.043,1.048
159569,2025-02-14,1.045,1.047,1.04,1.044
159569,2025-02-17,1.046,1.059,1.043,1.059
159569,2025-02-18,1.062,1.074,1.057,1.062
159569,2025-02-19,1.062,1.065,1.057,1.061
159569,2025-02-20,1.06,1.061,1.053,1.056
159569,2025-02-21,1.06,1.063,1.057,1.059
159569,2025-02-24,1.06,1.066,1.049,1.059
159569,2025-02-25,1.059,1.059,1.047,1.047
159569,2025-02-26,1.053,1.062,1.05,1.061
159569,2025-02-27,1.061,1.066,1.053,1.063
159569,2025-02-28,1.062,1.064,1.046,1.047
159569,2025-03-03,1.048,1.062,1.048,1.057
159569,2025-03-04,1.054,1.054,1.04,1.053
159569,2025-03-05,1.052,1.073,1.052,1.073
159569,2025-03-06,1.079,1.079,1.068,1.071
159569,2025-03-07,1.07,1.083,1.068,1.075
159569,2025-03-10,1.074,1.09,1.074,1.089
159569,2025-03-11,1.092,1.093,1.077,1.093
159569,2025-03-12,1.094,1.1,1.089,1.097
159569,2025-03-13,1.094,1.104,1.086,1.093
159569,2025-03-14,1.093,1.111,1.093,1.106
159569,2025-03-17,1.106,1.116,1.102,1.116
159569,2025-03-18,1.118,1.127,1.114,1.126
159569,2025-03-19,1.126,1.133,1.123,1.13
159569,2025-03-20,1.125,1.133,1.122,1.122
159569,2025-03-21,1.122,1.129,1.106,1.109
159569,2025-03-24,1.105,1.119,1.105,1.117
159569,2025-03-25,1.117,1.119,1.102,1.107
159569,2025-03-26,1.109,1.113,1.099,1.103
159569,2025-03-27,1.103,1.112,1.102,1.108
159569,2025-03-28,1.108,1.111,1.097,1.102
159569,2025-03-31,1.102,1.108,1.092,1.102
159569,2025-04-01,1.1,1.118,1.1,1.118
159569,2025-04-02,1.118,1.121,1.111,1.118
159569,2025-04-03,1.104,1.116,1.098,1.105
159569,2025-04-07,1.046,1.046,0.991,1.001
159569,2025-04-08,1.041,1.041,1.005,1.012
159569,2025-04-09,1.009,1.017,0.982,1.01
159569,2025-04-10,1.025,1.055,1.025,1.032
159569,2025-04-11,1.031,1.047,1.013,1.042
159569,2025-04-14,1.05,1.064,1.05,1.063
159569,2025-04-15,1.065,1.131,1.063,1.072
159569,2025-04-16,1.074,1.074,1.053,1.057
159569,2025-04-17,1.059,1.069,1.059,1.065
159569,2025-04-18,1.065,1.094,1.059,1.06
159569,2025-04-21,1.059,1.073,1.059,1.064
159569,2025-04-22,1.064,1.069,1.058,1.067
159569,2025-04-23,1.071,1.081,1.07,1.072
159569,2025-04-24,1.07,1.074,1.067,1.067
159569,2025-04-25,1.07,1.081,1.07,1.078
159569,2025-04-28,1.076,1.094,1.073,1.093
159569,2025-04-29,1.094,1.097,1.083,1.083
159569,2025-04-30,1.087,1.087,1.075,1.084
159569,2025-05-06,1.084,1.091,1.076,1.091
159569,2025-05-07,1.098,1.107,1.092,1.104
159569,2025-05-08,1.107,1.107,1.071,1.098
159569,2025-05-09,1.098,1.112,1.098,1.11
159569,2025-05-12,1.111,1.124,1.111,1.12
159569,2025-05-13,1.123,1.134,1.12,1.133
159569,2025-05-14,1.135,1.156,1.133,1.154
159569,2025-05-15,1.153,1.167,1.149,1.155
159569,2025-05-16,1.156,1.156,1.143,1.154
159569,2025-05-19,1.154,1.165,1.153,1.163
159569,2025-05-20,1.162,1.185,1.162,1.184
159569,2025-05-21,1.186,1.199,1.179,1.194
159569,2025-05-22,1.193,1.197,1.188,1.192
159569,2025-05-23,1.193,1.196,1.183,1.185
159569,2025-05-26,1.183,1.197,1.182,1.186
159569,2025-05-27,1.183,1.193,1.183,1.183
159569,2025-05-28,1.184,1.193,1.183,1.193
159569,2025-05-29,1.195,1.199,1.19,1.192
159569,2025-05-30,1.193,1.197,1.189,1.192
159569,2025-06-03,1.185,1.202,1.185,1.198
159569,2025-06-04,1.198,1.21,1.197,1.21
159569,2025-06-05,1.208,1.208,1.191,1.195
159569,2025-06-06,1.196,1.202,1.192,1.194
159569,2025-06-09,1.195,1.198,1.19,1.196
159569,2025-06-10,1.196,1.218,1.196,1.218
159569,2025-06-11,1.219,1.233,1.218,1.233
159569,2025-06-12,1.233,1.238,1.227,1.231
159569,2025-06-13,1.228,1.248,1.226,1.243
159569,2025-06-16,1.244,1.256,1.238,1.246
159569,2025-06-17,1.247,1.25,1.239,1.242
159569,2025-06-18,1.24,1.243,1.236,1.242
159569,2025-06-19,1.243,1.243,1.208,1.212
159569,2025-06-20,1.215,1.238,1.214,1.227
159569,2025-06-23,1.237,1.244,1.222,1.238
159569,2025-06-24,1.23,1.248,1.23,1.248
159569,2025-06-25,1.252,1.255,1.235,1.241
159569,2025-06-26,1.242,1.242,1.236,1.238
159569,2025-06-27,1.239,1.246,1.227,1.231
159569,2025-06-30,1.235,1.236,1.22,1.232
159569,2025-07-01,1.227,1.237,1.227,1.233
159569,2025-07-02,1.236,1.263,1.234,1.261
159569,2025-07-03,1.258,1.269,1.251,1.256
159569,2025-07-04,1.252,1.263,1.248,1.256
159569,2025-07-07,1.256,1.265,1.254,1.263
159569,2025-07-08,1.262,1.273,1.259,1.26
159569,2025-07-09,1.259,1.263,1.253,1.26
159569,2025-07-10,1.26,1.276,1.26,1.275
159569,2025-07-11,1.28,1.292,1.275,1.281
159569,2025-07-14,1.287,1.297,1.281,1.292
159569,2025-07-15,1.298,1.298,1.275,1.283
159569,2025-07-16,1.286,1.289,1.279,1.286
159569,2025-07-17,1.287,1.288,1.278,1.279
159569,2025-07-18,1.281,1.285,1.278,1.284
159569,2025-07-21,1.284,1.311,1.284,1.311
159569,2025-07-22,1.311,1.337,1.301,1.334
159569,2025-07-23,1.348,1.351,1.334,1.34
159569,2025-07-24,1.341,1.357,1.335,1.357
159569,2025-07-25,1.371,1.371,1.348,1.35
159569,2025-07-28,1.357,1.357,1.335,1.339
159569,2025-07-29,1.336,1.342,1.325,1.33
159569,2025-07-30,1.331,1.346,1.328,1.332
159569,2025-07-31,1.337,1.337,1.307,1.309
159569,2025-08-01,1.307,1.315,1.3,1.306
159569,2025-08-04,1.306,1.306,1.283,1.304
159569,2025-08-05,1.305,1.321,1.305,1.321
159569,2025-08-06,1.32,1.332,1.317,1.326
159569,2025-08-07,1.326,1.336,1.319,1.335
159569,2025-08-08,1.337,1.344,1.332,1.337
159569,2025-08-11,1.339,1.344,1.331,1.334
159569,2025-08-12,1.334,1.357,1.334,1.354
159569,2025-08-13,1.357,1.365,1.351,1.358
159569,2025-08-14,1.358,1.364,1.345,1.347
159569,2025-08-15,1.348,1.349,1.337,1.342
159569,2025-08-18,1.342,1.343,1.337,1.339
159569,2025-08-19,1.341,1.342,1.328,1.33
159569,2025-08-20,1.328,1.334,1.319,1.334
159569,2025-08-21,1.334,1.342,1.332,1.338
159569,2025-08-22,1.339,1.341,1.326,1.332
159569,2025-08-25,1.337,1.347,1.337,1.346
159569,2025-08-26,1.346,1.346,1.332,1.334
159569,2025-08-27,1.333,1.338,1.311,1.311
159569,2025-08-28,1.31,1.322,1.308,1.315
159569,2025-08-29,1.316,1.322,1.3,1.302
159569,2025-09-01,1.304,1.309,1.299,1.302
159569,2025-09-02,1.303,1.311,1.299,1.302
159569,2025-09-03,1.303,1.309,1.294,1.297
159569,2025-09-04,1.298,1.302,1.277,1.287
159569,2025-09-05,1.292,1.307,1.286,1.306
159569,2025-09-08,1.302,1.317,1.299,1.317
159569,2025-09-09,1.317,1.325,1.309,1.313
159569,2025-09-10,1.313,1.328,1.313,1.326
159569,2025-09-11,1.326,1.335,1.319,1.335
159569,2025-09-12,1.336,1.339,1.323,1.323
159569,2025-09-15,1.322,1.33,1.32,1.323
159569,2025-09-16,1.326,1.34,1.317,1.327
159569,2025-09-17,1.327,1.334,1.324,1.331
159569,2025-09-18,1.33,1.331,1.304,1.308
159569,2025-09-19,1.31,1.329,1.31,1.328
159569,2025-09-22,1.328,1.329,1.292,1.297
159569,2025-09-23,1.298,1.3,1.287,1.291
159569,2025-09-24,1.287,1.3,1.286,1.295
159569,2025-09-25,1.295,1.298,1.278,1.278
159569,2025-09-26,1.277,1.294,1.273,1.293
159569,2025-09-29,1.293,1.295,1.282,1.293
159569,2025-09-30,1.292,1.297,1.282,1.286
159569,2025-10-09,1.283,1.298,1.281,1.295
159569,2025-10-10,1.292,1.306,1.285,1.295
159569,2025-10-13,1.287,1.291,1.273,1.289
159569,2025-10-14,1.297,1.321,1.293,1.298
159569,2025-10-15,1.307,1.314,1.301,1.312
159569,2025-10-16,1.311,1.338,1.308,1.338
159569,2025-10-17,1.339,1.347,1.318,1.32
159569,2025-10-20,1.328,1.34,1.324,1.339
159569,2025-10-21,1.34,1.343,1.331,1.334
159569,2025-10-22,1.328,1.331,1.315,1.331
159569,2025-10-23,1.331,1.344,1.33,1.343
159569,2025-10-24,1.342,1.351,1.342,1.348
159569,2025-10-27,1.35,1.368,1.344,1.363
159569,2025-10-28,1.364,1.368,1.351,1.352
159569,2025-10-29,1.353,1.358,1.352,1.358
159569,2025-10-30,1.357,1.376,1.357,1.361
159569,2025-10-31,1.362,1.372,1.356,1.359
159569,2025-11-03,1.355,1.388,1.355,1.387
159569,2025-11-04,1.387,1.406,1.378,1.382
159569,2025-11-05,1.381,1.393,1.367,1.391
159569,2025-11-06,1.392,1.411,1.391,1.411
159569,2025-11-07,1.405,1.428,1.405,1.422
159569,2025-11-10,1.433,1.442,1.424,1.441
159569,2025-11-11,1.446,1.45,1.427,1.435
159569,2025-11-12,1.438,1.458,1.438,1.458
159569,2025-11-13,1.458,1.464,1.444,1.454
159569,2025-11-14,1.455,1.459,1.433,1.435
159569,2025-11-17,1.434,1.435,1.418,1.422
159569,2025-11-18,1.423,1.424,1.389,1.39
159569,2025-11-19,1.394,1.406,1.392,1.402
159569,2025-11-20,1.402,1.411,1.391,1.394
159569,2025-11-21,1.384,1.388,1.366,1.367
159569,2025-11-24,1.377,1.38,1.358,1.367
159569,2025-11-25,1.377,1.384,1.371,1.378
159569,2025-11-26,1.379,1.384,1.375,1.376
159569,2025-11-27,1.377,1.387,1.374,1.382
159569,2025-11-28,1.386,1.387,1.37,1.372
159569,2025-12-01,1.373,1.383,1.372,1.381
159569,2025-12-02,1.392,1.401,1.385,1.396
159569,2025-12-03,1.396,1.403,1.384,1.386
159569,2025-12-04,1.394,1.399,1.39,1.396
159569,2025-12-05,1.399,1.4,1.39,1.399
159569,2025-12-08,1.399,1.4,1.38,1.382
159569,2025-12-09,1.38,1.381,1.361,1.361
159569,2025-12-10,1.362,1.365,1.342,1.349
159569,2025-12-11,1.353,1.364,1.345,1.349
159569,2025-12-12,1.349,1.357,1.349,1.353
159569,2025-12-15,1.352,1.354,1.343,1.347
159569,2025-12-16,1.352,1.355,1.327,1.329
159569,2025-12-17,1.322,1.338,1.321,1.336
159569,2025-12-18,1.339,1.343,1.333,1.343
159569,2025-12-19,1.344,1.347,1.339,1.343
159569,2025-12-22,1.344,1.348,1.334,1.338
159569,2025-12-23,1.339,1.353,1.339,1.343
159569,2025-12-24,1.354,1.355,1.34,1.342
159569,2025-12-25,1.342,1.342,1.331,1.334
159569,2025-12-26,1.332,1.339,1.332,1.339
159569,2025-12-29,1.338,1.342,1.327,1.328
159569,2025-12-30,1.328,1.338,1.325,1.336
159569,2025-12-31,1.334,1.334,1.321,1.325
159569,2026-01-05,1.33,1.331,1.317,1.32
159569,2026-01-06,1.321,1.332,1.32,1.332
159569,2026-01-07,1.332,1.338,1.327,1.332
159569,2026-01-08,1.335,1.335,1.326,1.329
159569,2026-01-09,1.332,1.334,1.328,1.333
159569,2026-01-12,1.334,1.337,1.324,1.33
159569,2026-01-13,1.335,1.349,1.335,1.34
159569,2026-01-14,1.343,1.345,1.336,1.341
159569,2026-01-15,1.342,1.352,1.338,1.341
159569,2026-01-16,1.341,1.346,1.324,1.325
159569,2026-01-19,1.321,1.331,1.317,1.322
159569,2026-01-20,1.327,1.334,1.317,1.329
159569,2026-01-21,1.335,1.338,1.327,1.328
159569,2026-01-22,1.328,1.351,1.328,1.346
159569,2026-01-23,1.346,1.352,1.336,1.338
159569,2026-01-26,1.337,1.355,1.333,1.352
159569,2026-01-27,1.351,1.364,1.35,1.358
159569,2026-01-28,1.358,1.393,1.358,1.39
159569,2026-01-29,1.393,1.411,1.389,1.407
159569,2026-01-30,1.408,1.415,1.381,1.388
159569,2026-02-02,1.375,1.38,1.346,1.349
159569,2026-02-03,1.355,1.379,1.355,1.375
159569,2026-02-04,1.374,1.409,1.37,1.409
159569,2026-02-05,1.395,1.408,1.381,1.401
159569,2026-02-06,1.406,1.407,1.38,1.401
159569,2026-02-09,1.407,1.424,1.407,1.418
159569,2026-02-10,1.419,1.427,1.414,1.424
159569,2026-02-11,1.421,1.44,1.416,1.44
159569,2026-02-12,1.44,1.447,1.43,1.432
159569,2026-02-13,1.428,1.428,1.407,1.411
159569,2026-02-24,1.416,1.447,1.416,1.445
159569,2026-02-25,1.445,1.464,1.442,1.449
159569,2026-02-26,1.449,1.449,1.424,1.436
159569,2026-02-27,1.431,1.446,1.42,1.445
159569,2026-03-02,1.457,1.474,1.436,1.462
159569,2026-03-03,1.467,1.501,1.46,1.479
159569,2026-03-04,1.479,1.479,1.431,1.44
159569,2026-03-05,1.451,1.474,1.446,1.459
159569,2026-03-06,1.455,1.468,1.444,1.466
159569,2026-03-09,1.49,1.493,1.458,1.463
159569,2026-03-10,1.463,1.47,1.453,1.46
159569,2026-03-11,1.457,1.491,1.449,1.491
159569,2026-03-12,1.493,1.515,1.487,1.511
159569,2026-03-13,1.513,1.519,1.483,1.486
159569,2026-03-16,1.482,1.503,1.48,1.498
159569,2026-03-17,1.5,1.513,1.486,1.489
159569,2026-03-18,1.488,1.507,1.48,1.501
159569,2026-03-19,1.499,1.517,1.497,1.504
159569,2026-03-20,1.504,1.51,1.485,1.504
159569,2026-03-23,1.494,1.498,1.458,1.458
159569,2026-03-24,1.482,1.483,1.464,1.477
159569,2026-03-25,1.471,1.479,1.456,1.473
159569,2026-03-26,1.48,1.492,1.471,1.478
159569,2026-03-27,1.478,1.498,1.472,1.491
159569,2026-03-30,1.491,1.497,1.474,1.485
159569,2026-03-31,1.489,1.491,1.45,1.452
159569,2026-04-01,1.465,1.469,1.45,1.454
159569,2026-04-02,1.447,1.468,1.447,1.459
159569,2026-04-03,1.459,1.467,1.456,1.457
159569,2026-04-07,1.45,1.476,1.45,1.475
159569,2026-04-08,1.469,1.475,1.446,1.454
159569,2026-04-09,1.454,1.46,1.448,1.453
159569,2026-04-10,1.456,1.469,1.456,1.458
159569,2026-04-13,1.461,1.464,1.453,1.462
159569,2026-04-14,1.465,1.469,1.462,1.467
159569,2026-04-15,1.467,1.471,1.456,1.459
159569,2026-04-16,1.464,1.465,1.454,1.459
159569,2026-04-17,1.454,1.458,1.446,1.449
159569,2026-04-20,1.449,1.45,1.439,1.441
159569,2026-04-21,1.444,1.472,1.441,1.469
159569,2026-04-22,1.472,1.472,1.454,1.457
159569,2026-04-23,1.457,1.476,1.452,1.476
159569,2026-04-24,1.476,1.483,1.468,1.48
159569,2026-04-27,1.48,1.482,1.469,1.473
159569,2026-04-28,1.473,1.484,1.46,1.481
159569,2026-04-29,1.482,1.511,1.482,1.509
159569,2026-04-30,1.508,1.508,1.486,1.492
159569,2026-05-06,1.48,1.495,1.471,1.494
159569,2026-05-07,1.498,1.498,1.47,1.472
159569,2026-05-08,1.479,1.479,1.463,1.467
159569,2026-05-11,1.467,1.473,1.463,1.468
159569,2026-05-12,1.472,1.479,1.467,1.476
159569,2026-05-13,1.48,1.481,1.464,1.468
159569,2026-05-14,1.464,1.472,1.457,1.463
159569,2026-05-15,1.463,1.466,1.452,1.455
159569,2026-05-18,1.455,1.466,1.451,1.456
159569,2026-05-19,1.457,1.466,1.455,1.46
159569,2026-05-20,1.46,1.464,1.453,1.459
159569,2026-05-21,1.457,1.46,1.445,1.448
159569,2026-05-22,1.45,1.453,1.433,1.439
159569,2026-05-25,1.438,1.45,1.437,1.441
159569,2026-05-26,1.442,1.449,1.433,1.448
159569,2026-05-27,1.441,1.446,1.423,1.435
159569,2026-05-28,1.43,1.435,1.414,1.417
159569,2026-05-29,1.414,1.434,1.413,1.432
159581,2026-05-28,1.044,1.051,1.042,1.045
159758,2021-12-28,1.001,1.001,1.001,1.001
159758,2021-12-29,0.979,0.979,0.979,0.979
159758,2021-12-30,0.99,0.99,0.99,0.99
159758,2021-12-31,1.0,1.0,1.0,1.0
159758,2022-01-04,0.998,0.998,0.998,0.998
159758,2022-01-05,0.978,0.978,0.978,0.978
159758,2022-01-06,0.975,0.975,0.975,0.975
159758,2022-01-07,0.97,0.97,0.97,0.97
159758,2022-01-10,0.979,0.979,0.979,0.979
159758,2022-01-11,0.975,0.975,0.975,0.975
159758,2022-01-12,0.975,0.975,0.975,0.975
159758,2022-01-13,0.957,0.957,0.957,0.957
159758,2022-01-14,0.959,0.959,0.959,0.959
159758,2022-01-17,0.969,0.969,0.969,0.969
159758,2022-01-18,0.963,0.963,0.963,0.963
159758,2022-01-19,0.95,0.95,0.95,0.95
159758,2022-01-20,0.958,0.958,0.958,0.958
159758,2022-01-21,0.947,0.947,0.947,0.947
159758,2022-01-24,0.945,0.945,0.945,0.945
159758,2022-01-25,0.919,0.919,0.919,0.919
159758,2022-01-26,0.918,0.918,0.918,0.918
159758,2022-01-27,0.905,0.905,0.905,0.905
159758,2022-01-28,0.891,0.891,0.891,0.891
159758,2022-02-07,0.909,0.909,0.909,0.909
159758,2022-02-08,0.903,0.903,0.903,0.903
159758,2022-02-09,0.925,0.925,0.925,0.925
159758,2022-02-10,0.931,0.931,0.931,0.931
159758,2022-02-11,0.917,0.917,0.917,0.917
159758,2022-02-14,0.909,0.909,0.909,0.909
159758,2022-02-15,0.927,0.927,0.927,0.927
159758,2022-02-16,0.93,0.93,0.93,0.93
159758,2022-02-17,0.925,0.925,0.925,0.925
159758,2022-02-18,0.936,0.936,0.936,0.936
159758,2022-02-21,0.939,0.939,0.939,0.939
159758,2022-02-22,0.925,0.925,0.925,0.925
159758,2022-02-23,0.931,0.931,0.931,0.931
159758,2022-02-24,0.915,0.915,0.915,0.915
159758,2022-02-25,0.93,0.93,0.93,0.93
159758,2022-02-28,0.931,0.931,0.931,0.931
159758,2022-03-01,0.938,0.938,0.938,0.938
159758,2022-03-02,0.936,0.936,0.936,0.936
159758,2022-03-03,0.927,0.927,0.927,0.927
159758,2022-03-04,0.922,0.922,0.922,0.922
159758,2022-03-07,0.901,0.901,0.901,0.901
159758,2022-03-08,0.87,0.87,0.87,0.87
159758,2022-03-09,0.87,0.87,0.87,0.87
159758,2022-03-10,0.886,0.886,0.886,0.886
159758,2022-03-11,0.905,0.905,0.905,0.905
159758,2022-03-14,0.879,0.879,0.879,0.879
159758,2022-03-15,0.84,0.84,0.84,0.84
159758,2022-03-16,0.853,0.853,0.853,0.853
159758,2022-03-17,0.877,0.877,0.877,0.877
159758,2022-03-18,0.886,0.886,0.886,0.886
159758,2022-03-21,0.893,0.893,0.893,0.893
159758,2022-03-22,0.888,0.888,0.888,0.888
159758,2022-03-23,0.898,0.898,0.898,0.898
159758,2022-03-24,0.894,0.894,0.894,0.894
159758,2022-03-25,0.881,0.881,0.881,0.881
159758,2022-03-28,0.888,0.888,0.888,0.888
159758,2022-03-29,0.891,0.891,0.891,0.891
159758,2022-03-30,0.901,0.901,0.901,0.901
159758,2022-03-31,0.903,0.903,0.903,0.903
159758,2022-04-01,0.915,0.915,0.915,0.915
159758,2022-04-06,0.909,0.909,0.909,0.909
159758,2022-04-07,0.896,0.896,0.896,0.896
159758,2022-04-08,0.895,0.895,0.895,0.895
159758,2022-04-11,0.875,0.875,0.875,0.875
159758,2022-04-12,0.886,0.886,0.886,0.886
159758,2022-04-13,0.878,0.878,0.878,0.878
159758,2022-04-14,0.896,0.896,0.896,0.896
159758,2022-04-15,0.89,0.89,0.89,0.89
159758,2022-04-18,0.885,0.885,0.885,0.885
159758,2022-04-19,0.883,0.883,0.883,0.883
159758,2022-04-20,0.865,0.865,0.865,0.865
159758,2022-04-21,0.847,0.847,0.847,0.847
159758,2022-04-22,0.856,0.856,0.856,0.856
159758,2022-04-25,0.83,0.83,0.83,0.83
159758,2022-04-26,0.801,0.801,0.801,0.801
159758,2022-04-27,0.82,0.82,0.82,0.82
159758,2022-04-28,0.83,0.83,0.83,0.83
159758,2022-04-29,0.852,0.852,0.852,0.852
159758,2022-05-05,0.862,0.862,0.862,0.862
159758,2022-05-06,0.843,0.843,0.843,0.843
159758,2022-05-09,0.84,0.84,0.84,0.84
159758,2022-05-10,0.841,0.841,0.841,0.841
159758,2022-05-11,0.854,0.854,0.854,0.854
159758,2022-05-12,0.851,0.851,0.851,0.851
159758,2022-05-13,0.857,0.857,0.857,0.857
159758,2022-05-16,0.853,0.853,0.853,0.853
159758,2022-05-17,0.856,0.856,0.856,0.856
159758,2022-05-18,0.848,0.848,0.848,0.848
159758,2022-05-19,0.847,0.847,0.847,0.847
159758,2022-05-20,0.863,0.863,0.863,0.863
159758,2022-05-23,0.866,0.866,0.866,0.866
159758,2022-05-24,0.85,0.85,0.85,0.85
159758,2022-05-25,0.845,0.845,0.845,0.845
159758,2022-05-26,0.848,0.848,0.848,0.848
159758,2022-05-27,0.858,0.858,0.858,0.858
159758,2022-05-30,0.862,0.862,0.862,0.862
159758,2022-05-31,0.877,0.877,0.877,0.877
159758,2022-06-01,0.881,0.881,0.881,0.881
159758,2022-06-02,0.873,0.873,0.873,0.873
159758,2022-06-06,0.892,0.892,0.892,0.892
159758,2022-06-07,0.905,0.905,0.905,0.905
159758,2022-06-08,0.916,0.916,0.916,0.916
159758,2022-06-09,0.905,0.905,0.905,0.905
159758,2022-06-10,0.912,0.912,0.912,0.912
159758,2022-06-13,0.906,0.906,0.906,0.906
159758,2022-06-14,0.908,0.908,0.908,0.908
159758,2022-06-15,0.916,0.916,0.916,0.916
159758,2022-06-16,0.914,0.914,0.914,0.914
159758,2022-06-17,0.917,0.917,0.917,0.917
159758,2022-06-20,0.922,0.922,0.922,0.922
159758,2022-06-21,0.918,0.918,0.918,0.918
159758,2022-06-22,0.902,0.902,0.902,0.902
159758,2022-06-23,0.915,0.915,0.915,0.915
159758,2022-06-24,0.922,0.922,0.922,0.922
159758,2022-06-27,0.936,0.936,0.936,0.936
159758,2022-06-28,0.941,0.941,0.941,0.941
159758,2022-06-29,0.931,0.931,0.931,0.931
159758,2022-06-30,0.954,0.954,0.954,0.954
159758,2022-07-01,0.95,0.95,0.95,0.95
159758,2022-07-04,0.956,0.956,0.956,0.956
159758,2022-07-05,0.958,0.958,0.958,0.958
159758,2022-07-06,0.929,0.929,0.929,0.929
159758,2022-07-07,0.929,0.929,0.929,0.929
159758,2022-07-08,0.926,0.926,0.926,0.926
159758,2022-07-11,0.91,0.91,0.91,0.91
159758,2022-07-12,0.903,0.903,0.903,0.903
159758,2022-07-13,0.9,0.9,0.9,0.9
159758,2022-07-14,0.905,0.905,0.905,0.905
159758,2022-07-15,0.898,0.898,0.898,0.898
159758,2022-07-18,0.893,0.893,0.893,0.893
159758,2022-07-19,0.9,0.9,0.9,0.9
159758,2022-07-20,0.904,0.904,0.904,0.904
159758,2022-07-21,0.895,0.895,0.895,0.895
159758,2022-07-22,0.891,0.891,0.891,0.891
159758,2022-07-25,0.89,0.89,0.89,0.89
159758,2022-07-26,0.9,0.9,0.9,0.9
159758,2022-07-27,0.9,0.9,0.9,0.9
159758,2022-07-28,0.896,0.896,0.896,0.896
159758,2022-07-29,0.875,0.875,0.875,0.875
159758,2022-08-01,0.881,0.881,0.881,0.881
159758,2022-08-02,0.87,0.87,0.87,0.87
159758,2022-08-03,0.86,0.86,0.86,0.86
159758,2022-08-04,0.868,0.868,0.868,0.868
159758,2022-08-05,0.878,0.878,0.878,0.878
159758,2022-08-08,0.885,0.885,0.885,0.885
159758,2022-08-09,0.89,0.89,0.89,0.89
159758,2022-08-10,0.88,0.88,0.88,0.88
159758,2022-08-11,0.894,0.894,0.894,0.894
159758,2022-08-12,0.904,0.904,0.904,0.904
159758,2022-08-15,0.901,0.901,0.901,0.901
159758,2022-08-16,0.894,0.894,0.894,0.894
159758,2022-08-17,0.899,0.899,0.899,0.899
159758,2022-08-18,0.888,0.888,0.888,0.888
159758,2022-08-19,0.888,0.888,0.888,0.888
159758,2022-08-22,0.901,0.901,0.901,0.901
159758,2022-08-23,0.897,0.897,0.897,0.897
159758,2022-08-24,0.882,0.882,0.882,0.882
159758,2022-08-25,0.901,0.901,0.901,0.901
159758,2022-08-26,0.896,0.896,0.896,0.896
159758,2022-08-29,0.891,0.891,0.891,0.891
159758,2022-08-30,0.888,0.888,0.888,0.888
159758,2022-08-31,0.886,0.886,0.886,0.886
159758,2022-09-01,0.887,0.887,0.887,0.887
159758,2022-09-02,0.882,0.882,0.882,0.882
159758,2022-09-05,0.88,0.88,0.88,0.88
159758,2022-09-06,0.892,0.892,0.892,0.892
159758,2022-09-07,0.889,0.889,0.889,0.889
159758,2022-09-08,0.884,0.884,0.884,0.884
159758,2022-09-09,0.893,0.893,0.893,0.893
159758,2022-09-13,0.893,0.893,0.893,0.893
159758,2022-09-14,0.885,0.885,0.885,0.885
159758,2022-09-15,0.883,0.883,0.883,0.883
159758,2022-09-16,0.867,0.867,0.867,0.867
159758,2022-09-19,0.858,0.858,0.858,0.858
159758,2022-09-20,0.863,0.863,0.863,0.863
159758,2022-09-21,0.857,0.857,0.857,0.857
159758,2022-09-22,0.853,0.853,0.853,0.853
159758,2022-09-23,0.844,0.844,0.844,0.844
159758,2022-09-26,0.841,0.841,0.841,0.841
159758,2022-09-27,0.859,0.859,0.859,0.859
159758,2022-09-28,0.853,0.853,0.853,0.853
159758,2022-09-29,0.861,0.861,0.861,0.861
159758,2022-09-30,0.863,0.863,0.863,0.863
159758,2022-10-10,0.853,0.853,0.853,0.853
159758,2022-10-11,0.846,0.846,0.846,0.846
159758,2022-10-12,0.854,0.854,0.854,0.854
159758,2022-10-13,0.849,0.849,0.849,0.849
159758,2022-10-14,0.876,0.876,0.876,0.876
159758,2022-10-17,0.874,0.874,0.874,0.874
159758,2022-10-18,0.88,0.88,0.88,0.88
159758,2022-10-19,0.869,0.869,0.869,0.869
159758,2022-10-20,0.864,0.864,0.864,0.864
159758,2022-10-21,0.865,0.865,0.865,0.865
159758,2022-10-24,0.843,0.843,0.843,0.843
159758,2022-10-25,0.828,0.828,0.828,0.828
159758,2022-10-26,0.839,0.839,0.839,0.839
159758,2022-10-27,0.842,0.842,0.842,0.842
159758,2022-10-28,0.828,0.828,0.828,0.828
159758,2022-10-31,0.823,0.823,0.823,0.823
159758,2022-11-01,0.832,0.832,0.832,0.832
159758,2022-11-02,0.852,0.852,0.852,0.852
159758,2022-11-03,0.841,0.841,0.841,0.841
159758,2022-11-04,0.862,0.862,0.862,0.862
159758,2022-11-07,0.864,0.864,0.864,0.864
159758,2022-11-08,0.859,0.859,0.859,0.859
159758,2022-11-09,0.854,0.854,0.854,0.854
159758,2022-11-10,0.849,0.849,0.849,0.849
159758,2022-11-11,0.866,0.866,0.866,0.866
159758,2022-11-14,0.874,0.874,0.874,0.874
159758,2022-11-15,0.893,0.893,0.893,0.893
159758,2022-11-16,0.883,0.883,0.883,0.883
159758,2022-11-17,0.887,0.887,0.887,0.887
159758,2022-11-18,0.883,0.883,0.883,0.883
159758,2022-11-21,0.879,0.879,0.879,0.879
159758,2022-11-22,0.873,0.873,0.873,0.873
159758,2022-11-23,0.866,0.866,0.866,0.866
159758,2022-11-24,0.872,0.872,0.872,0.872
159758,2022-11-25,0.876,0.876,0.876,0.876
159758,2022-11-28,0.868,0.868,0.868,0.868
159758,2022-11-29,0.891,0.891,0.891,0.891
159758,2022-11-30,0.891,0.891,0.891,0.891
159758,2022-12-01,0.899,0.899,0.899,0.899
159758,2022-12-02,0.895,0.895,0.895,0.895
159758,2022-12-05,0.904,0.904,0.904,0.904
159758,2022-12-06,0.902,0.902,0.902,0.902
159758,2022-12-07,0.903,0.903,0.903,0.903
159758,2022-12-08,0.903,0.903,0.903,0.903
159758,2022-12-09,0.91,0.91,0.91,0.91
159758,2022-12-12,0.911,0.911,0.911,0.911
159758,2022-12-13,0.905,0.905,0.905,0.905
159758,2022-12-14,0.907,0.907,0.907,0.907
159758,2022-12-15,0.899,0.899,0.899,0.899
159758,2022-12-16,0.897,0.897,0.897,0.897
159758,2022-12-19,0.88,0.88,0.88,0.88
159758,2022-12-20,0.864,0.864,0.864,0.864
159758,2022-12-21,0.867,0.867,0.867,0.867
159758,2022-12-22,0.862,0.862,0.862,0.862
159758,2022-12-23,0.863,0.863,0.863,0.863
159758,2022-12-26,0.865,0.865,0.865,0.865
159758,2022-12-27,0.874,0.874,0.874,0.874
159758,2022-12-28,0.871,0.871,0.871,0.871
159758,2022-12-29,0.876,0.876,0.876,0.876
159758,2022-12-30,0.877,0.877,0.877,0.877
159758,2023-01-03,0.88,0.88,0.88,0.88
159758,2023-01-04,0.88,0.88,0.88,0.88
159758,2023-01-05,0.895,0.895,0.895,0.895
159758,2023-01-06,0.894,0.894,0.894,0.894
159758,2023-01-09,0.904,0.904,0.904,0.904
159758,2023-01-10,0.907,0.907,0.907,0.907
159758,2023-01-11,0.909,0.909,0.909,0.909
159758,2023-01-12,0.91,0.91,0.91,0.91
159758,2023-01-13,0.927,0.927,0.927,0.927
159758,2023-01-16,0.942,0.942,0.942,0.942
159758,2023-01-17,0.935,0.935,0.935,0.935
159758,2023-01-18,0.932,0.932,0.932,0.932
159758,2023-01-19,0.939,0.939,0.939,0.939
159758,2023-01-20,0.944,0.944,0.944,0.944
159758,2023-01-30,0.946,0.946,0.946,0.946
159758,2023-01-31,0.937,0.937,0.937,0.937
159758,2023-02-01,0.944,0.944,0.944,0.944
159758,2023-02-02,0.96,0.96,0.96,0.96
159758,2023-02-03,0.954,0.954,0.954,0.954
159758,2023-02-06,0.945,0.945,0.945,0.945
159758,2023-02-07,0.941,0.941,0.941,0.941
159758,2023-02-08,0.936,0.936,0.936,0.936
159758,2023-02-09,0.95,0.95,0.95,0.95
159758,2023-02-10,0.946,0.946,0.946,0.946
159758,2023-02-13,0.957,0.957,0.957,0.957
159758,2023-02-14,0.96,0.96,0.96,0.96
159758,2023-02-15,0.958,0.958,0.958,0.958
159758,2023-02-16,0.952,0.952,0.952,0.952
159758,2023-02-17,0.946,0.946,0.946,0.946
159758,2023-02-20,0.968,0.968,0.968,0.968
159758,2023-02-21,0.967,0.967,0.967,0.967
159758,2023-02-22,0.971,0.971,0.971,0.971
159758,2023-02-23,0.969,0.969,0.969,0.969
159758,2023-02-24,0.963,0.963,0.963,0.963
159758,2023-02-27,0.962,0.962,0.962,0.962
159758,2023-02-28,0.969,0.969,0.969,0.969
159758,2023-03-01,0.976,0.976,0.976,0.976
159758,2023-03-02,0.975,0.975,0.975,0.975
159758,2023-03-03,0.972,0.972,0.972,0.972
159758,2023-03-06,0.967,0.967,0.967,0.967
159758,2023-03-07,0.952,0.952,0.952,0.952
159758,2023-03-08,0.954,0.954,0.954,0.954
159758,2023-03-09,0.953,0.953,0.953,0.953
159758,2023-03-10,0.942,0.942,0.942,0.942
159758,2023-03-13,0.956,0.956,0.956,0.956
159758,2023-03-14,0.943,0.943,0.943,0.943
159758,2023-03-15,0.939,0.939,0.939,0.939
159758,2023-03-16,0.935,0.935,0.935,0.935
159758,2023-03-17,0.939,0.939,0.939,0.939
159758,2023-03-20,0.928,0.928,0.928,0.928
159758,2023-03-21,0.939,0.939,0.939,0.939
159758,2023-03-22,0.944,0.944,0.944,0.944
159758,2023-03-23,0.953,0.953,0.953,0.953
159758,2023-03-24,0.953,0.953,0.953,0.953
159758,2023-03-27,0.953,0.953,0.953,0.953
159758,2023-03-28,0.951,0.951,0.951,0.951
159758,2023-03-29,0.957,0.957,0.957,0.957
159758,2023-03-30,0.967,0.967,0.967,0.967
159758,2023-03-31,0.975,0.975,0.975,0.975
159758,2023-04-03,0.979,0.979,0.979,0.979
159758,2023-04-04,0.979,0.979,0.979,0.979
159758,2023-04-06,0.976,0.976,0.976,0.976
159758,2023-04-07,0.98,0.98,0.98,0.98
159758,2023-04-10,0.966,0.966,0.966,0.966
159758,2023-04-11,0.968,0.968,0.968,0.968
159758,2023-04-12,0.972,0.972,0.972,0.972
159758,2023-04-13,0.966,0.966,0.966,0.966
159758,2023-04-14,0.961,0.961,0.961,0.961
159758,2023-04-17,0.965,0.965,0.965,0.965
159758,2023-04-18,0.969,0.969,0.969,0.969
159758,2023-04-19,0.969,0.969,0.969,0.969
159758,2023-04-20,0.969,0.969,0.969,0.969
159758,2023-04-21,0.95,0.95,0.95,0.95
159758,2023-04-24,0.938,0.938,0.938,0.938
159758,2023-04-25,0.937,0.937,0.937,0.937
159758,2023-04-26,0.936,0.936,0.936,0.936
159758,2023-04-27,0.938,0.938,0.938,0.938
159758,2023-04-28,0.947,0.947,0.947,0.947
159758,2023-05-04,0.956,0.956,0.956,0.956
159758,2023-05-05,0.95,0.95,0.95,0.95
159758,2023-05-08,0.952,0.952,0.952,0.952
159758,2023-05-09,0.944,0.944,0.944,0.944
159758,2023-05-10,0.94,0.94,0.94,0.94
159758,2023-05-11,0.941,0.941,0.941,0.941
159758,2023-05-12,0.928,0.928,0.928,0.928
159758,2023-05-15,0.934,0.934,0.934,0.934
159758,2023-05-16,0.928,0.928,0.928,0.928
159758,2023-05-17,0.926,0.926,0.926,0.926
159758,2023-05-18,0.926,0.926,0.926,0.926
159758,2023-05-19,0.935,0.935,0.935,0.935
159758,2023-05-22,0.937,0.937,0.937,0.937
159758,2023-05-23,0.933,0.933,0.933,0.933
159758,2023-05-24,0.919,0.919,0.919,0.919
159758,2023-05-25,0.911,0.911,0.911,0.911
159758,2023-05-26,0.921,0.921,0.921,0.921
159758,2023-05-29,0.924,0.924,0.924,0.924
159758,2023-05-30,0.926,0.926,0.926,0.926
159758,2023-05-31,0.919,0.919,0.919,0.919
159758,2023-06-01,0.92,0.92,0.92,0.92
159758,2023-06-02,0.925,0.925,0.925,0.925
159758,2023-06-05,0.926,0.926,0.926,0.926
159758,2023-06-06,0.908,0.908,0.908,0.908
159758,2023-06-07,0.902,0.902,0.902,0.902
159758,2023-06-08,0.902,0.902,0.902,0.902
159758,2023-06-09,0.906,0.906,0.906,0.906
159758,2023-06-12,0.913,0.913,0.913,0.913
159758,2023-06-13,0.914,0.914,0.914,0.914
159758,2023-06-14,0.926,0.926,0.926,0.926
159758,2023-06-15,0.93,0.93,0.93,0.93
159758,2023-06-16,0.936,0.936,0.936,0.936
159758,2023-06-19,0.934,0.934,0.934,0.934
159758,2023-06-20,0.928,0.928,0.928,0.928
159758,2023-06-21,0.91,0.91,0.91,0.91
159758,2023-06-26,0.886,0.886,0.886,0.886
159758,2023-06-27,0.906,0.906,0.906,0.906
159758,2023-06-28,0.906,0.906,0.906,0.906
159758,2023-06-29,0.908,0.908,0.908,0.908
159758,2023-06-30,0.909,0.909,0.909,0.909
159758,2023-07-03,0.914,0.914,0.914,0.914
159758,2023-07-04,0.912,0.912,0.912,0.912
159758,2023-07-05,0.908,0.908,0.908,0.908
159758,2023-07-06,0.901,0.901,0.901,0.901
159758,2023-07-07,0.897,0.897,0.897,0.897
159758,2023-07-10,0.902,0.902,0.902,0.902
159758,2023-07-11,0.908,0.908,0.908,0.908
159758,2023-07-12,0.903,0.903,0.903,0.903
159758,2023-07-13,0.916,0.916,0.916,0.916
159758,2023-07-14,0.914,0.914,0.914,0.914
159758,2023-07-17,0.909,0.909,0.909,0.909
159758,2023-07-18,0.907,0.907,0.907,0.907
159758,2023-07-19,0.91,0.91,0.91,0.91
159758,2023-07-20,0.905,0.905,0.905,0.905
159758,2023-07-21,0.908,0.908,0.908,0.908
159758,2023-07-24,0.903,0.903,0.903,0.903
159758,2023-07-25,0.924,0.924,0.924,0.924
159758,2023-07-26,0.919,0.919,0.919,0.919
159758,2023-07-27,0.913,0.913,0.913,0.913
159758,2023-07-28,0.928,0.928,0.928,0.928
159758,2023-07-31,0.93,0.93,0.93,0.93
159758,2023-08-01,0.922,0.922,0.922,0.922
159758,2023-08-02,0.918,0.918,0.918,0.918
159758,2023-08-03,0.925,0.925,0.925,0.925
159758,2023-08-04,0.921,0.921,0.921,0.921
159758,2023-08-07,0.91,0.91,0.91,0.91
159758,2023-08-08,0.917,0.917,0.917,0.917
159758,2023-08-09,0.912,0.912,0.912,0.912
159758,2023-08-10,0.914,0.914,0.914,0.914
159758,2023-08-11,0.902,0.902,0.902,0.902
159758,2023-08-14,0.904,0.904,0.904,0.904
159758,2023-08-15,0.902,0.902,0.902,0.902
159758,2023-08-16,0.896,0.896,0.896,0.896
159758,2023-08-17,0.9,0.9,0.9,0.9
159758,2023-08-18,0.884,0.884,0.884,0.884
159758,2023-08-21,0.872,0.872,0.872,0.872
159758,2023-08-22,0.875,0.875,0.875,0.875
159758,2023-08-23,0.866,0.866,0.866,0.866
159758,2023-08-24,0.876,0.876,0.876,0.876
159758,2023-08-25,0.87,0.87,0.87,0.87
159758,2023-08-28,0.877,0.877,0.877,0.877
159758,2023-08-29,0.886,0.886,0.886,0.886
159758,2023-08-30,0.892,0.892,0.892,0.892
159758,2023-08-31,0.892,0.892,0.892,0.892
159758,2023-09-01,0.898,0.898,0.898,0.898
159758,2023-09-04,0.908,0.908,0.908,0.908
159758,2023-09-05,0.901,0.901,0.901,0.901
159758,2023-09-06,0.895,0.895,0.895,0.895
159758,2023-09-07,0.888,0.888,0.888,0.888
159758,2023-09-08,0.878,0.878,0.878,0.878
159758,2023-09-11,0.889,0.889,0.889,0.889
159758,2023-09-12,0.886,0.886,0.886,0.886
159758,2023-09-13,0.882,0.882,0.882,0.882
159758,2023-09-14,0.883,0.883,0.883,0.883
159758,2023-09-15,0.878,0.878,0.878,0.878
159758,2023-09-18,0.885,0.885,0.885,0.885
159758,2023-09-19,0.884,0.884,0.884,0.884
159758,2023-09-20,0.882,0.882,0.882,0.882
159758,2023-09-21,0.877,0.877,0.877,0.877
159758,2023-09-22,0.885,0.885,0.885,0.885
159758,2023-09-25,0.883,0.883,0.883,0.883
159758,2023-09-26,0.88,0.88,0.88,0.88
159758,2023-09-27,0.885,0.885,0.885,0.885
159758,2023-09-28,0.885,0.885,0.885,0.885
159758,2023-10-09,0.882,0.882,0.882,0.882
159758,2023-10-10,0.868,0.868,0.868,0.868
159758,2023-10-11,0.869,0.869,0.869,0.869
159758,2023-10-12,0.869,0.869,0.869,0.869
159758,2023-10-13,0.861,0.861,0.861,0.861
159758,2023-10-16,0.853,0.853,0.853,0.853
159758,2023-10-17,0.854,0.854,0.854,0.854
159758,2023-10-18,0.842,0.842,0.842,0.842
159758,2023-10-19,0.833,0.833,0.833,0.833
159758,2023-10-20,0.821,0.821,0.821,0.821
159758,2023-10-23,0.81,0.81,0.81,0.81
159758,2023-10-24,0.819,0.819,0.819,0.819
159758,2023-10-25,0.819,0.819,0.819,0.819
159758,2023-10-26,0.824,0.824,0.824,0.824
159758,2023-10-27,0.843,0.843,0.843,0.843
159758,2023-10-30,0.847,0.847,0.847,0.847
159758,2023-10-31,0.844,0.844,0.844,0.844
159758,2023-11-01,0.845,0.845,0.845,0.845
159758,2023-11-02,0.839,0.839,0.839,0.839
159758,2023-11-03,0.846,0.846,0.846,0.846
159758,2023-11-06,0.852,0.852,0.852,0.852
159758,2023-11-07,0.85,0.85,0.85,0.85
159758,2023-11-08,0.854,0.854,0.854,0.854
159758,2023-11-09,0.856,0.856,0.856,0.856
159758,2023-11-10,0.856,0.856,0.856,0.856
159758,2023-11-13,0.851,0.851,0.851,0.851
159758,2023-11-14,0.849,0.849,0.849,0.849
159758,2023-11-15,0.851,0.851,0.851,0.851
159758,2023-11-16,0.853,0.853,0.853,0.853
159758,2023-11-17,0.852,0.852,0.852,0.852
159758,2023-11-20,0.858,0.858,0.858,0.858
159758,2023-11-21,0.861,0.861,0.861,0.861
159758,2023-11-22,0.86,0.86,0.86,0.86
159758,2023-11-23,0.865,0.865,0.865,0.865
159758,2023-11-24,0.87,0.87,0.87,0.87
159758,2023-11-27,0.862,0.862,0.862,0.862
159758,2023-11-28,0.866,0.866,0.866,0.866
159758,2023-11-29,0.866,0.866,0.866,0.866
159758,2023-11-30,0.869,0.869,0.869,0.869
159758,2023-12-01,0.868,0.868,0.868,0.868
159758,2023-12-04,0.859,0.859,0.859,0.859
159758,2023-12-05,0.845,0.845,0.845,0.845
159758,2023-12-06,0.847,0.847,0.847,0.847
159758,2023-12-07,0.85,0.85,0.85,0.85
159758,2023-12-08,0.847,0.847,0.847,0.847
159758,2023-12-11,0.852,0.852,0.852,0.852
159758,2023-12-12,0.852,0.852,0.852,0.852
159758,2023-12-13,0.843,0.843,0.843,0.843
159758,2023-12-14,0.836,0.836,0.836,0.836
159758,2023-12-15,0.834,0.834,0.834,0.834
159758,2023-12-18,0.832,0.832,0.832,0.832
159758,2023-12-19,0.828,0.828,0.828,0.828
159758,2023-12-20,0.819,0.819,0.819,0.819
159758,2023-12-21,0.825,0.825,0.825,0.825
159758,2023-12-22,0.822,0.822,0.822,0.822
159758,2023-12-25,0.824,0.824,0.824,0.824
159758,2023-12-26,0.817,0.817,0.817,0.817
159758,2023-12-27,0.822,0.822,0.822,0.822
159758,2023-12-28,0.837,0.837,0.837,0.837
159758,2023-12-29,0.846,0.846,0.846,0.846
159758,2024-01-02,0.838,0.838,0.838,0.838
159758,2024-01-03,0.836,0.836,0.836,0.836
159758,2024-01-04,0.83,0.83,0.83,0.83
159758,2024-01-05,0.823,0.823,0.823,0.823
159758,2024-01-08,0.81,0.81,0.81,0.81
159758,2024-01-09,0.817,0.817,0.817,0.817
159758,2024-01-10,0.818,0.818,0.818,0.818
159758,2024-01-11,0.822,0.822,0.822,0.822
159758,2024-01-12,0.819,0.819,0.819,0.819
159758,2024-01-15,0.822,0.822,0.822,0.822
159758,2024-01-16,0.823,0.823,0.823,0.823
159758,2024-01-17,0.809,0.809,0.809,0.809
159758,2024-01-18,0.813,0.813,0.813,0.813
159758,2024-01-19,0.812,0.812,0.812,0.812
159758,2024-01-22,0.782,0.782,0.782,0.782
159758,2024-01-23,0.792,0.792,0.792,0.792
159758,2024-01-24,0.798,0.798,0.798,0.798
159758,2024-01-25,0.81,0.81,0.81,0.81
159758,2024-01-26,0.812,0.812,0.812,0.812
159758,2024-01-29,0.801,0.801,0.801,0.801
159758,2024-01-30,0.788,0.788,0.788,0.788
159758,2024-01-31,0.779,0.779,0.779,0.779
159758,2024-02-01,0.774,0.774,0.774,0.774
159758,2024-02-02,0.763,0.763,0.763,0.763
159758,2024-02-05,0.768,0.768,0.768,0.768
159758,2024-02-06,0.81,0.81,0.81,0.81
159758,2024-02-07,0.834,0.834,0.834,0.834
159758,2024-02-08,0.839,0.839,0.839,0.839
159758,2024-02-19,0.841,0.841,0.841,0.841
159758,2024-02-20,0.845,0.845,0.845,0.845
159758,2024-02-21,0.851,0.851,0.851,0.851
159758,2024-02-22,0.855,0.855,0.855,0.855
159758,2024-02-23,0.854,0.854,0.854,0.854
159758,2024-02-26,0.852,0.852,0.852,0.852
159758,2024-02-27,0.864,0.864,0.864,0.864
159758,2024-02-28,0.858,0.858,0.858,0.858
159758,2024-02-29,0.87,0.87,0.87,0.87
159758,2024-03-01,0.877,0.877,0.877,0.877
159758,2024-03-04,0.88,0.88,0.88,0.88
159758,2024-03-05,0.885,0.885,0.885,0.885
159758,2024-03-06,0.885,0.885,0.885,0.885
159758,2024-03-07,0.878,0.878,0.878,0.878
159758,2024-03-08,0.883,0.883,0.883,0.883
159758,2024-03-11,0.897,0.897,0.897,0.897
159758,2024-03-12,0.899,0.899,0.899,0.899
159758,2024-03-13,0.897,0.897,0.897,0.897
159758,2024-03-14,0.893,0.893,0.893,0.893
159758,2024-03-15,0.897,0.897,0.897,0.897
159758,2024-03-18,0.901,0.901,0.901,0.901
159758,2024-03-19,0.9,0.9,0.9,0.9
159758,2024-03-20,0.899,0.899,0.899,0.899
159758,2024-03-21,0.89,0.89,0.89,0.89
159758,2024-03-22,0.883,0.883,0.883,0.883
159758,2024-03-25,0.881,0.881,0.881,0.881
159758,2024-03-26,0.881,0.881,0.881,0.881
159758,2024-03-27,0.875,0.875,0.875,0.875
159758,2024-03-28,0.88,0.88,0.88,0.88
159758,2024-03-29,0.89,0.89,0.89,0.89
159758,2024-04-01,0.906,0.906,0.906,0.906
159758,2024-04-02,0.9,0.9,0.9,0.9
159758,2024-04-03,0.898,0.898,0.898,0.898
159758,2024-04-08,0.884,0.884,0.884,0.884
159758,2024-04-09,0.885,0.885,0.885,0.885
159758,2024-04-10,0.877,0.877,0.877,0.877
159758,2024-04-11,0.88,0.88,0.88,0.88
159758,2024-04-12,0.88,0.88,0.88,0.88
159758,2024-04-15,0.895,0.895,0.895,0.895
159758,2024-04-16,0.89,0.89,0.89,0.89
159758,2024-04-17,0.894,0.894,0.894,0.894
159758,2024-04-18,0.895,0.895,0.895,0.895
159758,2024-04-19,0.895,0.895,0.895,0.895
159758,2024-04-22,0.893,0.893,0.893,0.893
159758,2024-04-23,0.889,0.889,0.889,0.889
159758,2024-04-24,0.89,0.89,0.89,0.89
159758,2024-04-25,0.886,0.886,0.886,0.886
159758,2024-04-26,0.902,0.902,0.902,0.902
159758,2024-04-29,0.915,0.915,0.915,0.915
159758,2024-04-30,0.919,0.919,0.919,0.919
159758,2024-05-06,0.938,0.938,0.938,0.938
159758,2024-05-07,0.939,0.939,0.939,0.939
159758,2024-05-08,0.933,0.933,0.933,0.933
159758,2024-05-09,0.943,0.943,0.943,0.943
159758,2024-05-10,0.941,0.941,0.941,0.941
159758,2024-05-13,0.939,0.939,0.939,0.939
159758,2024-05-14,0.94,0.94,0.94,0.94
159758,2024-05-15,0.932,0.932,0.932,0.932
159758,2024-05-16,0.927,0.927,0.927,0.927
159758,2024-05-17,0.931,0.931,0.931,0.931
159758,2024-05-20,0.933,0.933,0.933,0.933
159758,2024-05-21,0.929,0.929,0.929,0.929
159758,2024-05-22,0.921,0.921,0.921,0.921
159758,2024-05-23,0.911,0.911,0.911,0.911
159758,2024-05-24,0.904,0.904,0.904,0.904
159758,2024-05-27,0.913,0.913,0.913,0.913
159758,2024-05-28,0.906,0.906,0.906,0.906
159758,2024-05-29,0.905,0.905,0.905,0.905
159758,2024-05-30,0.899,0.899,0.899,0.899
159758,2024-05-31,0.898,0.898,0.898,0.898
159758,2024-06-03,0.889,0.889,0.889,0.889
159758,2024-06-04,0.904,0.904,0.904,0.904
159758,2024-06-05,0.891,0.891,0.891,0.891
159758,2024-06-06,0.892,0.892,0.892,0.892
159758,2024-06-07,0.881,0.881,0.881,0.881
159758,2024-06-11,0.887,0.887,0.887,0.887
159758,2024-06-12,0.887,0.887,0.887,0.887
159758,2024-06-13,0.875,0.875,0.875,0.875
159758,2024-06-14,0.875,0.875,0.875,0.875
159758,2024-06-17,0.874,0.874,0.874,0.874
159758,2024-06-18,0.871,0.871,0.871,0.871
159758,2024-06-19,0.858,0.858,0.858,0.858
159758,2024-06-20,0.849,0.849,0.849,0.849
159758,2024-06-21,0.845,0.845,0.845,0.845
159758,2024-06-24,0.84,0.84,0.84,0.84
159758,2024-06-25,0.835,0.835,0.835,0.835
159758,2024-06-26,0.845,0.845,0.845,0.845
159758,2024-06-27,0.83,0.83,0.83,0.83
159758,2024-06-28,0.824,0.824,0.824,0.824
159758,2024-07-01,0.824,0.824,0.824,0.824
159758,2024-07-02,0.813,0.813,0.813,0.813
159758,2024-07-03,0.806,0.806,0.806,0.806
159758,2024-07-04,0.796,0.796,0.796,0.796
159758,2024-07-05,0.804,0.804,0.804,0.804
159758,2024-07-08,0.789,0.789,0.789,0.789
159758,2024-07-09,0.8,0.8,0.8,0.8
159758,2024-07-10,0.802,0.802,0.802,0.802
159758,2024-07-11,0.813,0.813,0.813,0.813
159758,2024-07-12,0.815,0.815,0.815,0.815
159758,2024-07-15,0.808,0.808,0.808,0.808
159758,2024-07-16,0.806,0.806,0.806,0.806
159758,2024-07-17,0.811,0.811,0.811,0.811
159758,2024-07-18,0.817,0.817,0.817,0.817
159758,2024-07-19,0.822,0.822,0.822,0.822
159758,2024-07-22,0.819,0.819,0.819,0.819
159758,2024-07-23,0.792,0.792,0.792,0.792
159758,2024-07-24,0.78,0.78,0.78,0.78
159758,2024-07-25,0.775,0.775,0.775,0.775
159758,2024-07-26,0.778,0.778,0.778,0.778
159758,2024-07-29,0.767,0.767,0.767,0.767
159758,2024-07-30,0.76,0.76,0.76,0.76
159758,2024-07-31,0.795,0.795,0.795,0.795
159758,2024-08-01,0.784,0.784,0.784,0.784
159758,2024-08-02,0.776,0.776,0.776,0.776
159758,2024-08-05,0.771,0.771,0.771,0.771
159758,2024-08-06,0.775,0.775,0.775,0.775
159758,2024-08-07,0.779,0.779,0.779,0.779
159758,2024-08-08,0.782,0.782,0.782,0.782
159758,2024-08-09,0.777,0.777,0.777,0.777
159758,2024-08-12,0.78,0.78,0.78,0.78
159758,2024-08-13,0.779,0.779,0.779,0.779
159758,2024-08-14,0.77,0.77,0.77,0.77
159758,2024-08-15,0.774,0.774,0.774,0.774
159758,2024-08-16,0.772,0.772,0.772,0.772
159758,2024-08-19,0.774,0.774,0.774,0.774
159758,2024-08-20,0.762,0.762,0.762,0.762
159758,2024-08-21,0.764,0.764,0.764,0.764
159758,2024-08-22,0.755,0.755,0.755,0.755
159758,2024-08-23,0.76,0.76,0.76,0.76
159758,2024-08-26,0.748,0.748,0.748,0.748
159758,2024-08-27,0.741,0.741,0.741,0.741
159758,2024-08-28,0.736,0.736,0.736,0.736
159758,2024-08-29,0.747,0.747,0.747,0.747
159758,2024-08-30,0.76,0.76,0.76,0.76
159758,2024-09-02,0.743,0.743,0.743,0.743
159758,2024-09-03,0.751,0.751,0.751,0.751
159758,2024-09-04,0.753,0.753,0.753,0.753
159758,2024-09-05,0.756,0.756,0.756,0.756
159758,2024-09-06,0.745,0.745,0.745,0.745
159758,2024-09-09,0.734,0.734,0.734,0.734
159758,2024-09-10,0.73,0.73,0.73,0.73
159758,2024-09-11,0.733,0.733,0.733,0.733
159758,2024-09-12,0.721,0.721,0.721,0.721
159758,2024-09-13,0.713,0.713,0.713,0.713
159758,2024-09-18,0.718,0.718,0.718,0.718
159758,2024-09-19,0.73,0.73,0.73,0.73
159758,2024-09-20,0.729,0.729,0.729,0.729
159758,2024-09-23,0.729,0.729,0.729,0.729
159758,2024-09-24,0.758,0.758,0.758,0.758
159758,2024-09-25,0.763,0.763,0.763,0.763
159758,2024-09-26,0.811,0.811,0.811,0.811
159758,2024-09-27,0.875,0.875,0.875,0.875
159758,2024-09-30,0.958,0.958,0.958,0.958
159758,2024-10-08,1.01,1.01,1.01,1.01
159758,2024-10-09,0.944,0.944,0.944,0.944
159758,2024-10-10,0.933,0.933,0.933,0.933
159758,2024-10-11,0.893,0.893,0.893,0.893
159758,2024-10-14,0.907,0.907,0.907,0.907
159758,2024-10-15,0.887,0.887,0.887,0.887
159758,2024-10-16,0.878,0.878,0.878,0.878
159758,2024-10-17,0.87,0.87,0.87,0.87
159758,2024-10-18,0.903,0.903,0.903,0.903
159758,2024-10-21,0.903,0.903,0.903,0.903
159758,2024-10-22,0.916,0.916,0.916,0.916
159758,2024-10-23,0.911,0.911,0.911,0.911
159758,2024-10-24,0.896,0.896,0.896,0.896
159758,2024-10-25,0.903,0.903,0.903,0.903
159758,2024-10-28,0.912,0.912,0.912,0.912
159758,2024-10-29,0.9,0.9,0.9,0.9
159758,2024-10-30,0.894,0.894,0.894,0.894
159758,2024-10-31,0.884,0.884,0.884,0.884
159758,2024-11-01,0.887,0.887,0.887,0.887
159758,2024-11-04,0.896,0.896,0.896,0.896
159758,2024-11-05,0.918,0.918,0.918,0.918
159758,2024-11-06,0.915,0.915,0.915,0.915
159758,2024-11-07,0.966,0.966,0.966,0.966
159758,2024-11-08,0.957,0.957,0.957,0.957
159758,2024-11-11,0.955,0.955,0.955,0.955
159758,2024-11-12,0.963,0.963,0.963,0.963
159758,2024-11-13,0.96,0.96,0.96,0.96
159758,2024-11-14,0.944,0.944,0.944,0.944
159758,2024-11-15,0.921,0.921,0.921,0.921
159758,2024-11-18,0.902,0.902,0.902,0.902
159758,2024-11-19,0.913,0.913,0.913,0.913
159758,2024-11-20,0.921,0.921,0.921,0.921
159758,2024-11-21,0.925,0.925,0.925,0.925
159758,2024-11-22,0.894,0.894,0.894,0.894
159758,2024-11-25,0.889,0.889,0.889,0.889
159758,2024-11-26,0.893,0.893,0.893,0.893
159758,2024-11-27,0.909,0.909,0.909,0.909
159758,2024-11-28,0.894,0.894,0.894,0.894
159758,2024-11-29,0.918,0.918,0.918,0.918
159758,2024-12-02,0.924,0.924,0.924,0.924
159758,2024-12-03,0.918,0.918,0.918,0.918
159758,2024-12-04,0.915,0.915,0.915,0.915
159758,2024-12-05,0.912,0.912,0.912,0.912
159758,2024-12-06,0.924,0.924,0.924,0.924
159758,2024-12-09,0.915,0.915,0.915,0.915
159758,2024-12-10,0.926,0.926,0.926,0.926
159758,2024-12-11,0.935,0.935,0.935,0.935
159758,2024-12-12,0.949,0.949,0.949,0.949
159758,2024-12-13,0.927,0.927,0.927,0.927
159758,2024-12-16,0.918,0.918,0.918,0.918
159758,2024-12-17,0.916,0.916,0.916,0.916
159758,2024-12-18,0.921,0.921,0.921,0.921
159758,2024-12-19,0.919,0.919,0.919,0.919
159758,2024-12-20,0.918,0.918,0.918,0.918
159758,2024-12-23,0.91,0.91,0.91,0.91
159758,2024-12-24,0.921,0.921,0.921,0.921
159758,2024-12-25,0.92,0.92,0.92,0.92
159758,2024-12-26,0.917,0.917,0.917,0.917
159758,2024-12-27,0.921,0.921,0.921,0.921
159758,2024-12-30,0.925,0.925,0.925,0.925
159758,2024-12-31,0.913,0.913,0.913,0.913
159758,2025-01-02,0.891,0.891,0.891,0.891
159758,2025-01-03,0.886,0.886,0.886,0.886
159758,2025-01-06,0.879,0.879,0.879,0.879
159758,2025-01-07,0.88,0.88,0.88,0.88
159758,2025-01-08,0.89,0.89,0.89,0.89
159758,2025-01-09,0.887,0.887,0.887,0.887
159758,2025-01-10,0.875,0.875,0.875,0.875
159758,2025-01-13,0.873,0.873,0.873,0.873
159758,2025-01-14,0.89,0.89,0.89,0.89
159758,2025-01-15,0.885,0.885,0.885,0.885
159758,2025-01-16,0.887,0.887,0.887,0.887
159758,2025-01-17,0.896,0.896,0.896,0.896
159758,2025-01-20,0.897,0.897,0.897,0.897
159758,2025-01-21,0.898,0.898,0.898,0.898
159758,2025-01-22,0.895,0.895,0.895,0.895
159758,2025-01-23,0.894,0.894,0.894,0.894
159758,2025-01-24,0.904,0.904,0.904,0.904
159758,2025-01-27,0.907,0.907,0.907,0.907
159758,2025-02-05,0.899,0.899,0.899,0.899
159758,2025-02-06,0.905,0.905,0.905,0.905
159758,2025-02-07,0.915,0.915,0.915,0.915
159758,2025-02-10,0.91,0.91,0.91,0.91
159758,2025-02-11,0.907,0.907,0.907,0.907
159758,2025-02-12,0.914,0.914,0.914,0.914
159758,2025-02-13,0.911,0.911,0.911,0.911
159758,2025-02-14,0.915,0.915,0.915,0.915
159758,2025-02-17,0.907,0.907,0.907,0.907
159758,2025-02-18,0.898,0.898,0.898,0.898
159758,2025-02-19,0.901,0.901,0.901,0.901
159758,2025-02-20,0.9,0.9,0.9,0.9
159758,2025-02-21,0.905,0.905,0.905,0.905
159758,2025-02-24,0.903,0.903,0.903,0.903
159758,2025-02-25,0.892,0.892,0.892,0.892
159758,2025-02-26,0.895,0.895,0.895,0.895
159758,2025-02-27,0.898,0.898,0.898,0.898
159758,2025-02-28,0.886,0.886,0.886,0.886
159758,2025-03-03,0.894,0.894,0.894,0.894
159758,2025-03-04,0.893,0.893,0.893,0.893
159758,2025-03-05,0.895,0.895,0.895,0.895
159758,2025-03-06,0.903,0.903,0.903,0.903
159758,2025-03-07,0.899,0.899,0.899,0.899
159758,2025-03-10,0.9,0.9,0.9,0.9
159758,2025-03-11,0.9,0.9,0.9,0.9
159758,2025-03-12,0.905,0.905,0.905,0.905
159758,2025-03-13,0.901,0.901,0.901,0.901
159758,2025-03-14,0.92,0.92,0.92,0.92
159758,2025-03-17,0.922,0.922,0.922,0.922
159758,2025-03-18,0.922,0.922,0.922,0.922
159758,2025-03-19,0.919,0.919,0.919,0.919
159758,2025-03-20,0.915,0.915,0.915,0.915
159758,2025-03-21,0.906,0.906,0.906,0.906
159758,2025-03-24,0.913,0.913,0.913,0.913
159758,2025-03-25,0.912,0.912,0.912,0.912
159758,2025-03-26,0.91,0.91,0.91,0.91
159758,2025-03-27,0.915,0.915,0.915,0.915
159758,2025-03-28,0.913,0.913,0.913,0.913
159758,2025-03-31,0.911,0.911,0.911,0.911
159758,2025-04-01,0.916,0.916,0.916,0.916
159758,2025-04-02,0.917,0.917,0.917,0.917
159758,2025-04-03,0.908,0.908,0.908,0.908
159758,2025-04-07,0.838,0.838,0.838,0.838
159758,2025-04-08,0.855,0.855,0.855,0.855
159758,2025-04-09,0.859,0.859,0.859,0.859
159758,2025-04-10,0.88,0.88,0.88,0.88
159758,2025-04-11,0.881,0.881,0.881,0.881
159758,2025-04-14,0.883,0.883,0.883,0.883
159758,2025-04-15,0.889,0.889,0.889,0.889
159758,2025-04-16,0.887,0.887,0.887,0.887
159758,2025-04-17,0.889,0.889,0.889,0.889
159758,2025-04-18,0.888,0.888,0.888,0.888
159758,2025-04-21,0.892,0.892,0.892,0.892
159758,2025-04-22,0.896,0.896,0.896,0.896
159758,2025-04-23,0.894,0.894,0.894,0.894
159758,2025-04-24,0.893,0.893,0.893,0.893
159758,2025-04-25,0.891,0.891,0.891,0.891
159758,2025-04-28,0.881,0.881,0.881,0.881
159758,2025-04-29,0.881,0.881,0.881,0.881
159758,2025-04-30,0.882,0.882,0.882,0.882
159758,2025-05-06,0.891,0.891,0.891,0.891
159758,2025-05-07,0.894,0.894,0.894,0.894
159758,2025-05-08,0.898,0.898,0.898,0.898
159758,2025-05-09,0.896,0.896,0.896,0.896
159758,2025-05-12,0.901,0.901,0.901,0.901
159758,2025-05-13,0.903,0.903,0.903,0.903
159758,2025-05-14,0.911,0.911,0.911,0.911
159758,2025-05-15,0.913,0.913,0.913,0.913
159758,2025-05-16,0.909,0.909,0.909,0.909
159758,2025-05-19,0.908,0.908,0.908,0.908
159758,2025-05-20,0.916,0.916,0.916,0.916
159758,2025-05-21,0.92,0.92,0.92,0.92
159758,2025-05-22,0.921,0.921,0.921,0.921
159758,2025-05-23,0.915,0.915,0.915,0.915
159758,2025-05-26,0.91,0.91,0.91,0.91
159758,2025-05-27,0.909,0.909,0.909,0.909
159758,2025-05-28,0.911,0.911,0.911,0.911
159758,2025-05-29,0.92,0.92,0.92,0.92
159758,2025-05-30,0.92,0.92,0.92,0.92
159758,2025-06-03,0.919,0.919,0.919,0.919
159758,2025-06-04,0.923,0.923,0.923,0.923
159758,2025-06-05,0.929,0.929,0.929,0.929
159758,2025-06-06,0.926,0.926,0.926,0.926
159758,2025-06-09,0.932,0.932,0.932,0.932
159758,2025-06-10,0.932,0.932,0.932,0.932
159758,2025-06-11,0.938,0.938,0.938,0.938
159758,2025-06-12,0.936,0.936,0.936,0.936
159758,2025-06-13,0.927,0.927,0.927,0.927
159758,2025-06-16,0.925,0.925,0.925,0.925
159758,2025-06-17,0.915,0.915,0.915,0.915
159758,2025-06-18,0.914,0.914,0.914,0.914
159758,2025-06-19,0.91,0.91,0.91,0.91
159758,2025-06-20,0.91,0.91,0.91,0.91
159758,2025-06-23,0.909,0.909,0.909,0.909
159758,2025-06-24,0.92,0.92,0.92,0.92
159758,2025-06-25,0.936,0.936,0.936,0.936
159758,2025-06-26,0.928,0.928,0.928,0.928
159758,2025-06-27,0.928,0.928,0.928,0.928
159758,2025-06-30,0.941,0.941,0.941,0.941
159758,2025-07-01,0.948,0.948,0.948,0.948
159758,2025-07-02,0.942,0.942,0.942,0.942
159758,2025-07-03,0.948,0.948,0.948,0.948
159758,2025-07-04,0.948,0.948,0.948,0.948
159758,2025-07-07,0.945,0.945,0.945,0.945
159758,2025-07-08,0.95,0.95,0.95,0.95
159758,2025-07-09,0.955,0.955,0.955,0.955
159758,2025-07-10,0.951,0.951,0.951,0.951
159758,2025-07-11,0.959,0.959,0.959,0.959
159758,2025-07-14,0.964,0.964,0.964,0.964
159758,2025-07-15,0.971,0.971,0.971,0.971
159758,2025-07-16,0.971,0.971,0.971,0.971
159758,2025-07-17,0.977,0.977,0.977,0.977
159758,2025-07-18,0.982,0.982,0.982,0.982
159758,2025-07-21,0.985,0.985,0.985,0.985
159758,2025-07-22,0.992,0.992,0.992,0.992
159758,2025-07-23,0.997,0.997,0.997,0.997
159758,2025-07-24,1.0,1.0,1.0,1.0
159758,2025-07-25,1.008,1.008,1.008,1.008
159758,2025-07-28,1.005,1.005,1.005,1.005
159758,2025-07-29,1.008,1.008,1.008,1.008
159758,2025-07-30,1.015,1.015,1.015,1.015
159758,2025-07-31,1.0,1.0,1.0,1.0
159758,2025-08-01,0.998,0.998,0.998,0.998
159758,2025-08-04,1.01,1.01,1.01,1.01
159758,2025-08-05,1.017,1.017,1.017,1.017
159758,2025-08-06,1.026,1.026,1.026,1.026
159758,2025-08-07,1.022,1.022,1.022,1.022
159758,2025-08-08,1.014,1.014,1.014,1.014
159758,2025-08-11,1.025,1.025,1.025,1.025
159758,2025-08-12,1.03,1.03,1.03,1.03
159758,2025-08-13,1.042,1.042,1.042,1.042
159758,2025-08-14,1.036,1.036,1.036,1.036
159758,2025-08-15,1.056,1.056,1.056,1.056
159758,2025-08-18,1.074,1.074,1.074,1.074
159758,2025-08-19,1.059,1.059,1.059,1.059
159758,2025-08-20,1.074,1.074,1.074,1.074
159758,2025-08-21,1.08,1.08,1.08,1.08
159758,2025-08-22,1.088,1.088,1.088,1.088
159758,2025-08-25,1.103,1.103,1.103,1.103
159758,2025-08-26,1.107,1.107,1.107,1.107
159758,2025-08-27,1.098,1.098,1.098,1.098
159758,2025-08-28,1.105,1.105,1.105,1.105
159758,2025-08-29,1.122,1.122,1.122,1.122
159758,2025-09-01,1.122,1.122,1.122,1.122
159758,2025-09-02,1.105,1.105,1.105,1.105
159758,2025-09-03,1.088,1.088,1.088,1.088
159758,2025-09-04,1.056,1.056,1.056,1.056
159758,2025-09-05,1.083,1.083,1.083,1.083
159758,2025-09-08,1.104,1.104,1.104,1.104
159758,2025-09-09,1.093,1.093,1.093,1.093
159758,2025-09-10,1.092,1.092,1.092,1.092
159758,2025-09-11,1.11,1.11,1.11,1.11
159758,2025-09-12,1.106,1.106,1.106,1.106
159758,2025-09-15,1.1,1.1,1.1,1.1
159758,2025-09-16,1.105,1.105,1.105,1.105
159758,2025-09-17,1.12,1.12,1.12,1.12
159758,2025-09-18,1.114,1.114,1.114,1.114
159758,2025-09-19,1.119,1.119,1.119,1.119
159758,2025-09-22,1.108,1.108,1.108,1.108
159758,2025-09-23,1.097,1.097,1.097,1.097
159758,2025-09-24,1.118,1.118,1.118,1.118
159758,2025-09-25,1.127,1.127,1.127,1.127
159758,2025-09-26,1.109,1.109,1.109,1.109
159758,2025-09-29,1.117,1.117,1.117,1.117
159758,2025-09-30,1.125,1.125,1.125,1.125
159758,2025-10-09,1.127,1.127,1.127,1.127
159758,2025-10-10,1.116,1.116,1.116,1.116
159758,2025-10-13,1.1,1.1,1.1,1.1
159758,2025-10-14,1.084,1.084,1.084,1.084
159758,2025-10-15,1.093,1.093,1.093,1.093
159758,2025-10-16,1.092,1.092,1.092,1.092
159758,2025-10-17,1.066,1.066,1.066,1.066
159758,2025-10-20,1.071,1.071,1.071,1.071
159758,2025-10-21,1.081,1.081,1.081,1.081
159758,2025-10-22,1.081,1.081,1.081,1.081
159758,2025-10-23,1.082,1.082,1.082,1.082
159758,2025-10-24,1.09,1.09,1.09,1.09
159758,2025-10-27,1.095,1.095,1.095,1.095
159758,2025-10-28,1.089,1.089,1.089,1.089
159758,2025-10-29,1.102,1.102,1.102,1.102
159758,2025-10-30,1.079,1.079,1.079,1.079
159758,2025-10-31,1.08,1.08,1.08,1.08
159758,2025-11-03,1.076,1.076,1.076,1.076
159758,2025-11-04,1.056,1.056,1.056,1.056
159758,2025-11-05,1.057,1.057,1.057,1.057
159758,2025-11-06,1.065,1.065,1.065,1.065
159758,2025-11-07,1.059,1.059,1.059,1.059
159758,2025-11-10,1.062,1.062,1.062,1.062
159758,2025-11-11,1.053,1.053,1.053,1.053
159758,2025-11-12,1.053,1.053,1.053,1.053
159758,2025-11-13,1.058,1.058,1.058,1.058
159758,2025-11-14,1.046,1.046,1.046,1.046
159758,2025-11-17,1.034,1.034,1.034,1.034
159758,2025-11-18,1.03,1.03,1.03,1.03
159758,2025-11-19,1.03,1.03,1.03,1.03
159758,2025-11-20,1.022,1.022,1.022,1.022
159758,2025-11-21,1.007,1.007,1.007,1.007
159758,2025-11-24,1.012,1.012,1.012,1.012
159758,2025-11-25,1.023,1.023,1.023,1.023
159758,2025-11-26,1.021,1.021,1.021,1.021
159758,2025-11-27,1.016,1.016,1.016,1.016
159758,2025-11-28,1.019,1.019,1.019,1.019
159758,2025-12-01,1.029,1.029,1.029,1.029
159758,2025-12-02,1.017,1.017,1.017,1.017
159758,2025-12-03,1.01,1.01,1.01,1.01
159758,2025-12-04,1.013,1.013,1.013,1.013
159758,2025-12-05,1.018,1.018,1.018,1.018
159758,2025-12-08,1.022,1.022,1.022,1.022
159758,2025-12-09,1.014,1.014,1.014,1.014
159758,2025-12-10,1.018,1.018,1.018,1.018
159758,2025-12-11,1.008,1.008,1.008,1.008
159758,2025-12-12,1.013,1.013,1.013,1.013
159758,2025-12-15,1.008,1.008,1.008,1.008
159758,2025-12-16,0.999,0.999,0.999,0.999
159758,2025-12-17,1.013,1.013,1.013,1.013
159758,2025-12-18,1.01,1.01,1.01,1.01
159758,2025-12-19,1.014,1.014,1.014,1.014
159758,2025-12-22,1.024,1.024,1.024,1.024
159758,2025-12-23,1.025,1.025,1.025,1.025
159758,2025-12-24,1.028,1.028,1.028,1.028
159758,2025-12-25,1.032,1.032,1.032,1.032
159758,2025-12-26,1.029,1.029,1.029,1.029
159758,2025-12-29,1.023,1.023,1.023,1.023
159758,2025-12-30,1.026,1.026,1.026,1.026
159758,2025-12-31,1.024,1.024,1.024,1.024
159758,2026-01-05,1.053,1.053,1.053,1.053
159758,2026-01-06,1.072,1.072,1.072,1.072
159758,2026-01-07,1.069,1.069,1.069,1.069
159758,2026-01-08,1.062,1.062,1.062,1.062
159758,2026-01-09,1.078,1.078,1.078,1.078
159758,2026-01-12,1.087,1.087,1.087,1.087
159758,2026-01-13,1.085,1.085,1.085,1.085
159758,2026-01-14,1.094,1.094,1.094,1.094
159758,2026-01-15,1.096,1.096,1.096,1.096
159758,2026-01-16,1.102,1.102,1.102,1.102
159758,2026-01-19,1.098,1.098,1.098,1.098
159758,2026-01-20,1.094,1.094,1.094,1.094
159758,2026-01-21,1.115,1.115,1.115,1.115
159758,2026-01-22,1.114,1.114,1.114,1.114
159758,2026-01-23,1.122,1.122,1.122,1.122
159758,2026-01-26,1.11,1.11,1.11,1.11
159758,2026-01-27,1.118,1.118,1.118,1.118
159758,2026-01-28,1.123,1.123,1.123,1.123
159758,2026-01-29,1.125,1.125,1.125,1.125
159758,2026-01-30,1.118,1.118,1.118,1.118
159758,2026-02-02,1.081,1.081,1.081,1.081
159758,2026-02-03,1.104,1.104,1.104,1.104
159758,2026-02-04,1.111,1.111,1.111,1.111
159758,2026-02-05,1.103,1.103,1.103,1.103
159758,2026-02-06,1.101,1.101,1.101,1.101
159758,2026-02-09,1.123,1.123,1.123,1.123
159758,2026-02-10,1.125,1.125,1.125,1.125
159758,2026-02-11,1.122,1.122,1.122,1.122
159758,2026-02-12,1.123,1.123,1.123,1.123
159758,2026-02-13,1.107,1.107,1.107,1.107
159758,2026-02-24,1.109,1.109,1.109,1.109
159758,2026-02-25,1.112,1.112,1.112,1.112
159758,2026-02-26,1.117,1.117,1.117,1.117
159758,2026-02-27,1.121,1.121,1.121,1.121
159758,2026-03-02,1.11,1.11,1.11,1.11
159758,2026-03-03,1.083,1.083,1.083,1.083
159758,2026-03-04,1.07,1.07,1.07,1.07
159758,2026-03-05,1.076,1.076,1.076,1.076
159758,2026-03-06,1.086,1.086,1.086,1.086
159758,2026-03-09,1.072,1.072,1.072,1.072
159758,2026-03-10,1.095,1.095,1.095,1.095
159758,2026-03-11,1.097,1.097,1.097,1.097
159758,2026-03-12,1.089,1.089,1.089,1.089
159758,2026-03-13,1.087,1.087,1.087,1.087
159758,2026-03-16,1.088,1.088,1.088,1.088
159758,2026-03-17,1.083,1.083,1.083,1.083
159758,2026-03-18,1.09,1.09,1.09,1.09
159758,2026-03-19,1.07,1.07,1.07,1.07
159758,2026-03-20,1.071,1.071,1.071,1.071
159758,2026-03-23,1.022,1.022,1.022,1.022
159758,2026-03-24,1.049,1.049,1.049,1.049
159758,2026-03-25,1.07,1.07,1.07,1.07
159758,2026-03-26,1.055,1.055,1.055,1.055
159758,2026-03-27,1.07,1.07,1.07,1.07
159758,2026-03-30,1.07,1.07,1.07,1.07
159758,2026-03-31,1.054,1.054,1.054,1.054
159758,2026-04-01,1.077,1.077,1.077,1.077
159758,2026-04-02,1.064,1.064,1.064,1.064
159758,2026-04-03,1.052,1.052,1.052,1.052
159758,2026-04-07,1.046,1.046,1.046,1.046
159758,2026-04-08,1.082,1.082,1.082,1.082
159758,2026-04-09,1.088,1.088,1.088,1.088
159758,2026-04-10,1.1,1.1,1.1,1.1
159758,2026-04-13,1.091,1.091,1.091,1.091
159758,2026-04-14,1.092,1.092,1.092,1.092
159758,2026-04-15,1.089,1.089,1.089,1.089
159758,2026-04-16,1.105,1.105,1.105,1.105
159758,2026-04-17,1.1,1.1,1.1,1.1
159758,2026-04-20,1.106,1.106,1.106,1.106
159758,2026-04-21,1.112,1.112,1.112,1.112
159758,2026-04-22,1.115,1.115,1.115,1.115
159758,2026-05-20,1.128,1.13,1.121,1.126
159758,2026-05-21,1.135,1.153,1.104,1.108
159758,2026-05-22,1.106,1.125,1.103,1.123
159758,2026-05-25,1.123,1.129,1.11,1.12
159758,2026-05-26,1.119,1.121,1.101,1.115
159758,2026-05-27,1.115,1.118,1.096,1.099
159758,2026-05-28,1.098,1.1,1.078,1.094
159758,2026-05-29,1.096,1.097,1.068,1.073
510880,2007-01-18,0.443,0.447,0.35,0.421
510880,2007-01-19,0.42,0.466,0.417,0.464
510880,2007-01-22,0.475,0.552,0.475,0.552
510880,2007-01-23,0.574,0.599,0.505,0.592
510880,2007-01-24,0.594,0.679,0.586,0.663
510880,2007-01-25,0.661,0.661,0.564,0.569
510880,2007-01-26,0.524,0.619,0.465,0.616
510880,2007-01-29,0.628,0.682,0.624,0.682
510880,2007-01-30,0.685,0.73,0.671,0.696
510880,2007-01-31,0.693,0.693,0.532,0.54
510880,2007-02-01,0.524,0.547,0.444,0.518
510880,2007-02-02,0.512,0.534,0.425,0.431
510880,2007-02-05,0.404,0.424,0.374,0.387
510880,2007-02-06,0.39,0.423,0.319,0.422
510880,2007-02-07,0.433,0.487,0.421,0.468
510880,2007-02-08,0.454,0.499,0.436,0.495
510880,2007-02-09,0.495,0.496,0.449,0.464
510880,2007-02-12,0.462,0.544,0.455,0.543
510880,2007-02-13,0.545,0.583,0.543,0.576
510880,2007-02-14,0.576,0.644,0.562,0.632
510880,2007-02-15,0.659,0.724,0.649,0.722
510880,2007-02-16,0.764,0.783,0.722,0.745
510880,2007-02-26,0.738,0.863,0.738,0.859
510880,2007-02-27,0.875,0.882,0.624,0.634
510880,2007-02-28,0.625,0.754,0.583,0.743
510880,2007-03-01,0.743,0.745,0.594,0.683
510880,2007-03-02,0.674,0.721,0.654,0.699
510880,2007-03-05,0.694,0.733,0.594,0.659
510880,2007-03-06,0.635,0.704,0.624,0.679
510880,2007-03-07,0.687,0.744,0.687,0.728
510880,2007-03-08,0.721,0.746,0.714,0.743
510880,2007-03-09,0.746,0.764,0.72,0.742
510880,2007-03-12,0.743,0.762,0.71,0.76
510880,2007-03-13,0.754,0.779,0.745,0.771
510880,2007-03-14,0.732,0.734,0.689,0.712
510880,2007-03-15,0.71,0.76,0.704,0.758
510880,2007-03-16,0.759,0.773,0.69,0.699
510880,2007-03-19,0.654,0.754,0.631,0.742
510880,2007-03-20,0.741,0.766,0.728,0.763
510880,2007-03-21,0.763,0.796,0.755,0.793
510880,2007-03-22,0.795,0.849,0.795,0.812
510880,2007-03-23,0.807,0.827,0.766,0.821
510880,2007-03-26,0.817,0.877,0.817,0.876
510880,2007-03-27,0.875,0.897,0.874,0.893
510880,2007-03-28,0.893,0.922,0.812,0.914
510880,2007-03-29,0.919,0.942,0.874,0.9
510880,2007-03-30,0.891,0.925,0.874,0.901
510880,2007-04-02,0.906,0.998,0.906,0.992
510880,2007-04-03,1,1.044,0.999,1.018
510880,2007-04-04,1.023,1.04,0.999,1.019
510880,2007-04-05,1.019,1.054,1.001,1.049
510880,2007-04-06,1.044,1.074,1.024,1.072
510880,2007-04-09,1.075,1.166,1.075,1.152
510880,2007-04-10,1.155,1.205,1.124,1.204
510880,2007-04-11,1.205,1.242,1.187,1.242
510880,2007-04-12,1.243,1.282,1.232,1.281
510880,2007-04-13,1.281,1.302,1.25,1.263
510880,2007-04-16,1.259,1.332,1.257,1.329
510880,2007-04-17,1.332,1.369,1.264,1.369
510880,2007-04-18,1.369,1.395,1.332,1.387
510880,2007-04-19,1.364,1.374,1.174,1.245
510880,2007-04-20,1.253,1.364,1.253,1.355
510880,2007-04-23,1.366,1.53,1.366,1.527
510880,2007-04-24,1.574,1.627,1.532,1.592
510880,2007-04-25,1.586,1.734,1.524,1.584
510880,2007-04-26,1.584,1.659,1.584,1.634
510880,2007-04-27,1.643,1.654,1.576,1.617
510880,2007-04-30,1.614,1.661,1.588,1.659
510880,2007-05-08,1.724,1.813,1.724,1.812
510880,2007-05-09,1.811,1.854,1.724,1.828
510880,2007-05-10,1.827,1.921,1.813,1.891
510880,2007-05-11,1.892,1.892,1.819,1.861
510880,2007-05-14,1.834,1.914,1.724,1.899
510880,2007-05-15,1.903,1.906,1.745,1.753
510880,2007-05-16,1.744,1.82,1.654,1.811
510880,2007-05-17,1.819,1.902,1.816,1.875
510880,2007-05-18,1.865,1.911,1.844,1.885
510880,2007-05-21,1.805,1.934,1.782,1.916
510880,2007-05-22,1.916,1.992,1.916,1.961
510880,2007-05-23,1.964,2.056,1.949,2.052
510880,2007-05-24,2.055,2.074,1.959,2.017
510880,2007-05-25,1.978,2.034,1.955,2.022
510880,2007-05-28,2.034,2.122,2.034,2.107
510880,2007-05-29,2.125,2.208,2.119,2.206
510880,2007-05-30,2.013,2.174,1.904,1.924
510880,2007-05-31,1.877,2.032,1.699,1.966
510880,2007-06-01,1.951,2.025,1.782,1.784
510880,2007-06-04,1.804,1.844,1.469,1.474
510880,2007-06-05,1.45,1.624,1.216,1.614
510880,2007-06-06,1.643,1.69,1.524,1.639
510880,2007-06-07,1.655,1.759,1.64,1.753
510880,2007-06-08,1.764,1.786,1.729,1.775
510880,2007-06-11,1.77,1.826,1.77,1.814
510880,2007-06-12,1.819,1.967,1.772,1.964
510880,2007-06-13,1.994,2.076,1.994,2.06
510880,2007-06-14,2.029,2.034,1.942,1.971
510880,2007-06-15,1.97,1.993,1.922,1.961
510880,2007-06-18,1.989,2.065,1.989,2.045
510880,2007-06-19,2.031,2.112,2.024,2.08
510880,2007-06-20,2.074,2.152,2.004,2.024
510880,2007-06-21,2.005,2.054,1.971,2.041
510880,2007-06-22,2.037,2.074,1.834,1.928
510880,2007-06-25,1.933,1.96,1.705,1.721
510880,2007-06-26,1.66,1.794,1.624,1.787
510880,2007-06-27,1.799,1.882,1.763,1.874
510880,2007-06-28,1.849,1.884,1.713,1.714
510880,2007-06-29,1.628,1.699,1.579,1.595
510880,2007-07-02,1.569,1.671,1.544,1.627
510880,2007-07-03,1.647,1.703,1.629,1.687
510880,2007-07-04,1.688,1.708,1.613,1.626
510880,2007-07-05,1.613,1.613,1.424,1.433
510880,2007-07-06,1.424,1.574,1.369,1.57
510880,2007-07-09,1.58,1.672,1.575,1.663
510880,2007-07-10,1.654,1.663,1.576,1.589
510880,2007-07-11,1.576,1.617,1.55,1.614
510880,2007-07-12,1.616,1.653,1.602,1.634
510880,2007-07-13,1.633,1.644,1.594,1.638
510880,2007-07-16,1.634,1.636,1.526,1.536
510880,2007-07-17,1.515,1.616,1.504,1.591
510880,2007-07-18,1.589,1.664,1.559,1.614
510880,2007-07-19,1.604,1.623,1.579,1.582
510880,2007-07-20,1.583,1.707,1.583,1.706
510880,2007-07-23,1.724,1.916,1.724,1.913
510880,2007-07-24,1.933,2.009,1.914,1.924
510880,2007-07-25,1.902,2.024,1.894,2.023
510880,2007-07-26,2.034,2.068,2.006,2.048
510880,2007-07-27,2.024,2.094,1.986,2.083
510880,2007-07-30,2.083,2.233,2.065,2.209
510880,2007-07-31,2.204,2.244,2.182,2.233
510880,2007-08-01,2.233,2.259,2.084,2.095
510880,2007-08-02,2.124,2.226,2.12,2.211
510880,2007-08-03,2.214,2.279,2.214,2.276
510880,2007-08-06,2.278,2.397,2.278,2.387
510880,2007-08-07,2.392,2.474,2.349,2.434
510880,2007-08-08,2.398,2.413,2.278,2.352
510880,2007-08-09,2.347,2.429,2.334,2.424
510880,2007-08-10,2.406,2.434,2.035,2.399
510880,2007-08-13,2.398,2.464,2.366,2.405
510880,2007-08-14,2.406,2.462,2.405,2.455
510880,2007-08-15,2.454,2.504,2.385,2.48
510880,2007-08-16,2.49,2.49,2.365,2.416
510880,2007-08-17,2.404,2.464,2.325,2.345
510880,2007-08-20,2.412,2.672,2.412,2.671
510880,2007-08-21,2.694,2.704,2.624,2.653
510880,2007-08-22,2.633,2.692,2.583,2.665
510880,2007-08-23,2.667,2.709,2.645,2.7
510880,2007-08-24,2.714,2.856,2.705,2.849
510880,2007-08-27,2.869,2.963,2.85,2.902
510880,2007-08-28,2.873,2.902,2.802,2.898
510880,2007-08-29,2.869,2.895,2.794,2.816
510880,2007-08-30,2.824,2.885,2.812,2.877
510880,2007-08-31,2.878,2.957,2.877,2.953
510880,2007-09-03,3.003,3.161,2.995,3.143
510880,2007-09-04,3.174,3.204,3.103,3.133
510880,2007-09-05,3.127,3.149,3.044,3.12
510880,2007-09-06,3.142,3.252,3.142,3.241
510880,2007-09-07,3.224,3.234,3.149,3.179
510880,2007-09-10,3.118,3.242,3.074,3.239
510880,2007-09-11,3.236,3.281,2.924,3.004
510880,2007-09-12,3.004,3.108,2.922,3.051
510880,2007-09-13,3.065,3.244,3.024,3.236
510880,2007-09-14,3.246,3.404,3.234,3.38
510880,2007-09-17,3.38,3.553,3.374,3.551
510880,2007-09-18,3.594,3.624,3.419,3.473
510880,2007-09-19,3.473,3.497,3.321,3.395
510880,2007-09-20,3.401,3.47,3.354,3.403
510880,2007-09-21,3.404,3.422,3.224,3.298
510880,2007-09-24,3.298,3.354,3.184,3.339
510880,2007-09-25,3.337,3.358,3.252,3.264
510880,2007-09-26,3.244,3.299,3.124,3.158
510880,2007-09-27,3.158,3.204,3.115,3.184
510880,2007-09-28,3.256,3.335,3.229,3.329
510880,2007-10-08,3.395,3.412,3.284,3.299
510880,2007-10-09,3.282,3.306,3.204,3.289
510880,2007-10-10,3.287,3.424,3.287,3.338
510880,2007-10-11,3.338,3.384,3.274,3.347
510880,2007-10-12,3.364,3.454,3.174,3.36
510880,2007-10-15,3.345,3.615,3.304,3.612
510880,2007-10-16,3.618,3.714,3.555,3.597
510880,2007-10-17,3.565,3.632,3.49,3.579
510880,2007-10-18,3.572,3.601,3.384,3.39
510880,2007-10-19,3.409,3.494,3.299,3.345
510880,2007-10-22,3.281,3.283,3.125,3.143
510880,2007-10-23,3.134,3.184,2.994,3.179
510880,2007-10-24,3.207,3.358,3.179,3.315
510880,2007-10-25,3.258,3.261,3.009,3.024
510880,2007-10-26,2.931,3.124,2.914,3.085
510880,2007-10-29,3.112,3.191,3.061,3.186
510880,2007-10-30,3.213,3.299,3.125,3.298
510880,2007-10-31,3.374,3.374,3.292,3.327
510880,2007-11-01,3.324,3.418,3.324,3.342
510880,2007-11-02,3.286,3.324,3.242,3.284
510880,2007-11-05,3.28,3.28,3.093,3.13
510880,2007-11-06,3.124,3.13,2.957,2.974
510880,2007-11-07,3.023,3.034,2.904,2.992
510880,2007-11-08,2.974,2.974,2.741,2.746
510880,2007-11-09,2.722,2.79,2.575,2.716
510880,2007-11-12,2.622,2.715,2.468,2.633
510880,2007-11-13,2.674,2.805,2.622,2.689
510880,2007-11-14,2.774,2.859,2.684,2.856
510880,2007-11-15,2.824,2.844,2.75,2.763
510880,2007-11-16,2.713,2.745,2.674,2.733
510880,2007-11-19,2.745,2.771,2.71,2.742
510880,2007-11-20,2.721,2.85,2.684,2.813
510880,2007-11-21,2.853,2.889,2.754,2.76
510880,2007-11-22,2.688,2.734,2.609,2.623
510880,2007-11-23,2.603,2.664,2.562,2.662
510880,2007-11-26,2.714,2.752,2.594,2.601
510880,2007-11-27,2.565,2.621,2.524,2.526
510880,2007-11-28,2.524,2.564,2.404,2.42
510880,2007-11-29,2.449,2.592,2.405,2.59
510880,2007-11-30,2.589,2.589,2.474,2.485
510880,2007-12-03,2.444,2.542,2.444,2.513
510880,2007-12-04,2.523,2.649,2.523,2.589
510880,2007-12-05,2.589,2.769,2.579,2.76
510880,2007-12-06,2.781,2.781,2.714,2.749
510880,2007-12-07,2.764,2.873,2.756,2.854
510880,2007-12-10,2.812,2.949,2.774,2.94
510880,2007-12-11,2.954,2.992,2.896,2.95
510880,2007-12-12,2.924,2.949,2.85,2.908
510880,2007-12-13,2.884,2.884,2.71,2.714
510880,2007-12-14,2.663,2.784,2.626,2.775
510880,2007-12-17,2.783,2.784,2.672,2.677
510880,2007-12-18,2.659,2.684,2.612,2.621
510880,2007-12-19,2.684,2.784,2.676,2.769
510880,2007-12-20,2.774,2.899,2.746,2.889
510880,2007-12-21,2.879,2.949,2.869,2.937
510880,2007-12-24,2.959,3.044,2.935,2.996
510880,2007-12-25,3.001,3.039,2.976,3.011
510880,2007-12-26,3.024,3.08,3.004,3.056
510880,2007-12-27,3.074,3.109,3.034,3.109
510880,2007-12-28,3.115,3.143,3.044,3.061
510880,2008-01-02,3.064,3.116,3.005,3.073
510880,2008-01-03,3.054,3.225,3.034,3.218
510880,2008-01-04,3.222,3.273,3.164,3.258
510880,2008-01-07,3.255,3.295,3.207,3.279
510880,2008-01-08,3.302,3.402,3.236,3.284
510880,2008-01-09,3.244,3.384,3.234,3.382
510880,2008-01-10,3.395,3.454,3.376,3.394
510880,2008-01-11,3.396,3.421,3.329,3.386
510880,2008-01-14,3.382,3.448,3.357,3.427
510880,2008-01-15,3.419,3.466,3.374,3.389
510880,2008-01-16,3.374,3.374,3.262,3.271
510880,2008-01-17,3.194,3.271,2.974,3.095
510880,2008-01-18,3.064,3.113,3.009,3.074
510880,2008-01-21,3.06,3.102,2.814,2.83
510880,2008-01-22,2.724,2.724,2.425,2.465
510880,2008-01-23,2.534,2.701,2.514,2.699
510880,2008-01-24,2.74,2.764,2.649,2.704
510880,2008-01-25,2.702,2.762,2.614,2.736
510880,2008-01-28,2.684,2.684,2.409,2.415
510880,2008-01-29,2.445,2.504,2.39,2.423
510880,2008-01-30,2.467,2.544,2.35,2.427
510880,2008-01-31,2.427,2.504,2.375,2.394
510880,2008-02-01,2.423,2.434,2.197,2.313
510880,2008-02-04,2.425,2.702,2.425,2.702
510880,2008-02-05,2.702,2.724,2.594,2.661
510880,2008-02-13,2.593,2.625,2.526,2.563
510880,2008-02-14,2.614,2.663,2.584,2.63
510880,2008-02-15,2.587,2.599,2.527,2.592
510880,2008-02-18,2.642,2.708,2.613,2.658
510880,2008-02-19,2.673,2.782,2.634,2.778
510880,2008-02-20,2.781,2.838,2.711,2.713
510880,2008-02-21,2.692,2.768,2.61,2.721
510880,2008-02-22,2.673,2.704,2.535,2.576
510880,2008-02-25,2.576,2.61,2.425,2.437
510880,2008-02-26,2.565,2.593,2.322,2.427
510880,2008-02-27,2.444,2.512,2.404,2.502
510880,2008-02-28,2.504,2.552,2.425,2.498
510880,2008-02-29,2.472,2.534,2.451,2.512
510880,2008-03-03,2.489,2.608,2.454,2.603
510880,2008-03-04,2.609,2.639,2.474,2.479
510880,2008-03-05,2.464,2.479,2.313,2.396
510880,2008-03-06,2.407,2.478,2.342,2.415
510880,2008-03-07,2.374,2.405,2.334,2.352
510880,2008-03-10,2.339,2.339,2.172,2.215
510880,2008-03-11,2.169,2.201,2.104,2.2
510880,2008-03-12,2.286,2.31,2.094,2.097
510880,2008-03-13,2.025,2.073,1.907,1.966
510880,2008-03-14,1.924,1.984,1.883,1.926
510880,2008-03-17,1.922,1.922,1.744,1.753
510880,2008-03-18,1.744,1.802,1.504,1.561
510880,2008-03-19,1.634,1.739,1.595,1.685
510880,2008-03-20,1.614,1.864,1.519,1.821
510880,2008-03-21,1.784,1.939,1.771,1.905
510880,2008-03-24,1.934,1.963,1.734,1.739
510880,2008-03-25,1.688,1.817,1.636,1.785
510880,2008-03-26,1.814,1.867,1.754,1.783
510880,2008-03-27,1.724,1.763,1.574,1.601
510880,2008-03-28,1.535,1.717,1.466,1.703
510880,2008-03-31,1.584,1.661,1.554,1.557
510880,2008-04-01,1.536,1.574,1.309,1.335
510880,2008-04-02,1.365,1.414,1.236,1.268
510880,2008-04-03,1.266,1.399,1.245,1.383
510880,2008-04-07,1.344,1.565,1.326,1.553
510880,2008-04-08,1.564,1.621,1.524,1.584
510880,2008-04-09,1.534,1.628,1.454,1.458
510880,2008-04-10,1.419,1.496,1.374,1.491
510880,2008-04-11,1.523,1.561,1.492,1.525
510880,2008-04-14,1.479,1.479,1.314,1.331
510880,2008-04-15,1.304,1.364,1.22,1.362
510880,2008-04-16,1.348,1.354,1.265,1.271
510880,2008-04-17,1.275,1.316,1.124,1.161
510880,2008-04-18,1.124,1.134,1.024,1.036
510880,2008-04-21,1.274,1.274,1.024,1.058
510880,2008-04-22,1.004,1.09,0.946,1.089
510880,2008-04-23,1.024,1.247,1.023,1.226
510880,2008-04-24,1.484,1.506,1.424,1.506
510880,2008-04-25,1.504,1.693,1.476,1.576
510880,2008-04-28,1.507,1.563,1.496,1.508
510880,2008-04-29,1.479,1.593,1.479,1.574
510880,2008-04-30,1.597,1.767,1.592,1.741
510880,2008-05-05,1.794,1.814,1.749,1.802
510880,2008-05-06,1.783,1.816,1.712,1.76
510880,2008-05-07,1.752,1.789,1.604,1.617
510880,2008-05-08,1.574,1.702,1.564,1.694
510880,2008-05-09,1.718,1.773,1.642,1.707
510880,2008-05-12,1.634,1.782,1.632,1.745
510880,2008-05-13,1.664,1.797,1.65,1.744
510880,2008-05-14,1.733,1.812,1.724,1.8
510880,2008-05-15,1.814,1.892,1.809,1.813
510880,2008-05-16,1.812,1.849,1.733,1.768
510880,2008-05-19,1.749,1.781,1.715,1.755
510880,2008-05-20,1.745,1.793,1.564,1.58
510880,2008-05-21,1.529,1.706,1.479,1.672
510880,2008-05-22,1.619,1.69,1.574,1.615
510880,2008-05-23,1.594,1.634,1.524,1.566
510880,2008-05-26,1.524,1.543,1.463,1.468
510880,2008-05-27,1.424,1.486,1.42,1.461
510880,2008-05-28,1.474,1.58,1.435,1.551
510880,2008-05-29,1.534,1.561,1.463,1.465
510880,2008-05-30,1.482,1.529,1.461,1.516
510880,2008-06-02,1.504,1.554,1.482,1.527
510880,2008-06-03,1.528,1.546,1.494,1.514
510880,2008-06-04,1.496,1.516,1.442,1.46
510880,2008-06-05,1.456,1.474,1.4,1.424
510880,2008-06-06,1.426,1.47,1.415,1.428
510880,2008-06-10,1.324,1.324,1.128,1.142
510880,2008-06-11,1.115,1.154,1.069,1.111
510880,2008-06-12,1.094,1.117,0.996,1.054
510880,2008-06-13,1.059,1.099,0.975,0.983
510880,2008-06-16,1.005,1.034,0.937,0.989
510880,2008-06-17,0.979,1.005,0.874,0.892
510880,2008-06-18,0.882,1.043,0.824,1.038
510880,2008-06-19,1.009,1.009,0.799,0.819
510880,2008-06-20,0.891,0.969,0.745,0.869
510880,2008-06-23,0.853,0.861,0.774,0.784
510880,2008-06-24,0.784,0.823,0.739,0.789
510880,2008-06-25,0.794,0.922,0.779,0.912
510880,2008-06-26,0.913,0.949,0.857,0.926
510880,2008-06-27,0.844,0.846,0.714,0.745
510880,2008-06-30,0.709,0.763,0.663,0.709
510880,2008-07-01,0.696,0.723,0.629,0.633
510880,2008-07-02,0.644,0.679,0.619,0.65
510880,2008-07-03,0.62,0.747,0.594,0.71
510880,2008-07-04,0.689,0.72,0.665,0.684
510880,2008-07-07,0.69,0.83,0.685,0.817
510880,2008-07-08,0.827,0.867,0.785,0.84
510880,2008-07-09,0.867,0.944,0.867,0.94
510880,2008-07-10,0.904,0.964,0.89,0.893
510880,2008-07-11,0.889,0.904,0.833,0.867
510880,2008-07-14,0.852,0.903,0.825,0.893
510880,2008-07-15,0.902,0.923,0.805,0.808
510880,2008-07-16,0.783,0.795,0.686,0.723
510880,2008-07-17,0.754,0.783,0.679,0.686
510880,2008-07-18,0.71,0.777,0.666,0.776
510880,2008-07-21,0.754,0.865,0.742,0.86
510880,2008-07-22,0.855,0.87,0.831,0.856
510880,2008-07-23,0.879,0.894,0.834,0.836
510880,2008-07-24,0.855,0.912,0.84,0.903
510880,2008-07-25,0.874,0.889,0.853,0.861
510880,2008-07-28,0.87,0.916,0.87,0.894
510880,2008-07-29,0.866,0.87,0.835,0.855
510880,2008-07-30,0.884,0.89,0.823,0.838
510880,2008-07-31,0.852,0.863,0.764,0.767
510880,2008-08-01,0.744,0.802,0.705,0.764
510880,2008-08-04,0.75,0.75,0.695,0.698
510880,2008-08-05,0.696,0.714,0.625,0.631
510880,2008-08-06,0.652,0.668,0.615,0.643
510880,2008-08-07,0.641,0.662,0.623,0.644
510880,2008-08-08,0.644,0.647,0.524,0.532
510880,2008-08-11,0.514,0.526,0.409,0.414
510880,2008-08-12,0.394,0.462,0.394,0.44
510880,2008-08-13,0.424,0.472,0.385,0.454
510880,2008-08-14,0.444,0.472,0.424,0.45
510880,2008-08-15,0.452,0.48,0.433,0.452
510880,2008-08-18,0.459,0.461,0.339,0.342
510880,2008-08-19,0.324,0.373,0.315,0.36
510880,2008-08-20,0.334,0.524,0.316,0.519
510880,2008-08-21,0.459,0.506,0.407,0.409
510880,2008-08-22,0.394,0.394,0.333,0.359
510880,2008-08-25,0.356,0.384,0.335,0.343
510880,2008-08-26,0.329,0.33,0.26,0.271
510880,2008-08-27,0.271,0.297,0.234,0.269
510880,2008-08-28,0.269,0.294,0.259,0.286
510880,2008-08-29,0.289,0.363,0.289,0.335
510880,2008-09-01,0.322,0.322,0.274,0.281
510880,2008-09-02,0.262,0.294,0.251,0.275
510880,2008-09-03,0.274,0.292,0.249,0.264
510880,2008-09-04,0.272,0.301,0.26,0.283
510880,2008-09-05,0.24,0.266,0.228,0.238
510880,2008-09-08,0.243,0.249,0.161,0.163
510880,2008-09-09,0.175,0.192,0.149,0.176
510880,2008-09-10,0.164,0.224,0.152,0.192
510880,2008-09-11,0.191,0.204,0.153,0.154
510880,2008-09-12,0.135,0.191,0.135,0.171
510880,2008-09-16,0.164,0.168,0.133,0.134
510880,2008-09-17,0.124,0.157,0.098,0.101
510880,2008-09-18,0.069,0.09,-0.024,0.053
510880,2008-09-19,0.214,0.216,0.204,0.216
510880,2008-09-22,0.389,0.395,0.236,0.329
510880,2008-09-23,0.255,0.273,0.194,0.23
510880,2008-09-24,0.185,0.253,0.164,0.245
510880,2008-09-25,0.249,0.354,0.225,0.312
510880,2008-09-26,0.339,0.348,0.285,0.326
510880,2008-10-06,0.254,0.284,0.21,0.211
510880,2008-10-07,0.154,0.243,0.126,0.205
510880,2008-10-08,0.155,0.192,0.138,0.157
510880,2008-10-09,0.189,0.201,0.121,0.123
510880,2008-10-10,0.039,0.074,0.039,0.049
510880,2008-10-13,0.035,0.102,-0.024,0.1
510880,2008-10-14,0.194,0.194,0.024,0.055
510880,2008-10-15,0.024,0.039,-0.004,0.008
510880,2008-10-16,-0.059,-0.029,-0.067,-0.066
510880,2008-10-17,-0.051,-0.04,-0.067,-0.052
510880,2008-10-20,-0.064,-0.001,-0.068,-0.003
510880,2008-10-21,0.001,0.032,-0.023,-0.022
510880,2008-10-22,-0.05,-0.02,-0.067,-0.064
510880,2008-10-23,-0.093,-0.066,-0.111,-0.066
510880,2008-10-24,-0.067,-0.061,-0.124,-0.11
510880,2008-10-27,-0.131,-0.131,-0.231,-0.23
510880,2008-10-28,-0.256,-0.177,-0.276,-0.195
510880,2008-10-29,-0.183,-0.176,-0.251,-0.249
510880,2008-10-30,-0.243,-0.2,-0.276,-0.225
510880,2008-10-31,-0.235,-0.216,-0.256,-0.246
510880,2008-11-03,-0.256,-0.236,-0.271,-0.26
510880,2008-11-04,-0.275,-0.261,-0.286,-0.279
510880,2008-11-05,-0.271,-0.216,-0.271,-0.234
510880,2008-11-06,-0.266,-0.242,-0.275,-0.252
510880,2008-11-07,-0.275,-0.226,-0.284,-0.243
510880,2008-11-10,-0.208,-0.111,-0.211,-0.112
510880,2008-11-11,-0.126,-0.076,-0.141,-0.133
510880,2008-11-12,-0.153,-0.112,-0.156,-0.112
510880,2008-11-13,-0.143,-0.016,-0.143,-0.029
510880,2008-11-14,-0.017,0.019,-0.049,0.013
510880,2008-11-17,-0.001,0.079,-0.01,0.059
510880,2008-11-18,0.055,0.063,-0.085,-0.066
510880,2008-11-19,-0.071,0.052,-0.075,0.04
510880,2008-11-20,0.014,0.064,-0.003,0.022
510880,2008-11-21,-0.017,0.053,-0.066,0.01
510880,2008-11-24,0.005,0.022,-0.05,-0.046
510880,2008-11-25,-0.021,-0.001,-0.088,-0.06
510880,2008-11-26,-0.06,-0.018,-0.083,-0.038
510880,2008-11-27,0.084,0.104,-0.01,-0.009
510880,2008-11-28,-0.035,0.004,-0.041,-0.036
510880,2008-12-01,-0.037,-0.007,-0.065,-0.012
510880,2008-12-02,-0.055,0.014,-0.056,-0.011
510880,2008-12-03,0.001,0.064,0,0.063
510880,2008-12-04,0.09,0.153,0.07,0.1
510880,2008-12-05,0.092,0.116,0.07,0.11
510880,2008-12-08,0.134,0.18,0.116,0.178
510880,2008-12-09,0.184,0.189,0.132,0.133
510880,2008-12-10,0.122,0.154,0.089,0.154
510880,2008-12-11,0.144,0.156,0.097,0.099
510880,2008-12-12,0.08,0.096,0.012,0.036
510880,2008-12-15,0.045,0.075,0.026,0.054
510880,2008-12-16,0.035,0.077,0.01,0.071
510880,2008-12-17,0.072,0.1,0.064,0.069
510880,2008-12-18,0.064,0.099,0.049,0.087
510880,2008-12-19,0.084,0.12,0.076,0.098
510880,2008-12-22,0.095,0.104,0.055,0.064
510880,2008-12-23,0.074,0.074,-0.025,-0.013
510880,2008-12-24,-0.041,-0.021,-0.057,-0.046
510880,2008-12-25,-0.047,-0.032,-0.079,-0.063
510880,2008-12-26,-0.06,-0.052,-0.076,-0.063
510880,2008-12-29,-0.076,-0.058,-0.093,-0.069
510880,2008-12-30,-0.068,-0.049,-0.09,-0.087
510880,2008-12-31,-0.095,-0.076,-0.111,-0.109
510880,2009-01-05,-0.084,-0.046,-0.094,-0.051
510880,2009-01-06,-0.05,0.008,-0.063,0.002
510880,2009-01-07,0.004,0.019,-0.005,-0.004
510880,2009-01-08,-0.036,-0.021,-0.045,-0.033
510880,2009-01-09,-0.028,0.001,-0.031,-0.002
510880,2009-01-12,-0.006,0.023,-0.018,0.009
510880,2009-01-13,-0.026,0.005,-0.026,-0.022
510880,2009-01-14,-0.026,0.029,-0.026,0.028
510880,2009-01-15,0.004,0.04,0.004,0.015
510880,2009-01-16,0.019,0.081,0.019,0.057
510880,2009-01-19,0.077,0.1,0.051,0.064
510880,2009-01-20,0.055,0.079,0.045,0.075
510880,2009-01-21,0.059,0.085,0.053,0.058
510880,2009-01-22,0.069,0.084,0.058,0.079
510880,2009-01-23,0.075,0.104,0.073,0.079
510880,2009-02-02,0.093,0.104,0.079,0.1
510880,2009-02-03,0.102,0.146,0.096,0.145
510880,2009-02-04,0.149,0.193,0.149,0.193
510880,2009-02-05,0.192,0.234,0.177,0.193
510880,2009-02-06,0.195,0.268,0.195,0.264
510880,2009-02-09,0.294,0.32,0.277,0.308
510880,2009-02-10,0.295,0.333,0.282,0.332
510880,2009-02-11,0.307,0.37,0.294,0.335
510880,2009-02-12,0.338,0.351,0.264,0.326
510880,2009-02-13,0.321,0.396,0.31,0.395
510880,2009-02-16,0.406,0.473,0.393,0.47
510880,2009-02-17,0.469,0.475,0.392,0.395
510880,2009-02-18,0.354,0.372,0.291,0.294
510880,2009-02-19,0.314,0.344,0.291,0.328
510880,2009-02-20,0.334,0.379,0.304,0.374
510880,2009-02-23,0.365,0.433,0.337,0.42
510880,2009-02-24,0.396,0.429,0.325,0.327
510880,2009-02-25,0.344,0.364,0.278,0.325
510880,2009-02-26,0.324,0.357,0.214,0.233
510880,2009-02-27,0.215,0.224,0.148,0.163
510880,2009-03-02,0.139,0.198,0.139,0.186
510880,2009-03-03,0.156,0.206,0.137,0.189
510880,2009-03-04,0.193,0.315,0.193,0.31
510880,2009-03-05,0.329,0.344,0.284,0.314
510880,2009-03-06,0.289,0.317,0.277,0.293
510880,2009-03-09,0.302,0.327,0.227,0.232
510880,2009-03-10,0.212,0.257,0.2,0.255
510880,2009-03-11,0.292,0.304,0.234,0.235
510880,2009-03-12,0.224,0.239,0.186,0.233
510880,2009-03-13,0.239,0.253,0.212,0.216
510880,2009-03-16,0.211,0.24,0.201,0.234
510880,2009-03-17,0.234,0.308,0.228,0.298
510880,2009-03-18,0.317,0.349,0.304,0.321
510880,2009-03-19,0.321,0.361,0.307,0.36
510880,2009-03-20,0.362,0.38,0.337,0.365
510880,2009-03-23,0.367,0.418,0.365,0.406
510880,2009-03-24,0.458,0.46,0.404,0.427
510880,2009-03-25,0.418,0.428,0.372,0.374
510880,2009-03-26,0.376,0.429,0.35,0.428
510880,2009-03-27,0.438,0.475,0.426,0.455
510880,2009-03-30,0.456,0.458,0.43,0.435
510880,2009-03-31,0.403,0.436,0.376,0.435
510880,2009-04-01,0.438,0.482,0.438,0.474
510880,2009-04-02,0.478,0.517,0.478,0.496
510880,2009-04-03,0.509,0.517,0.471,0.484
510880,2009-04-07,0.48,0.509,0.471,0.489
510880,2009-04-08,0.478,0.486,0.408,0.416
510880,2009-04-09,0.419,0.435,0.394,0.433
510880,2009-04-10,0.445,0.485,0.43,0.477
510880,2009-04-13,0.49,0.56,0.49,0.552
510880,2009-04-14,0.547,0.579,0.538,0.569
510880,2009-04-15,0.558,0.592,0.54,0.586
510880,2009-04-16,0.592,0.618,0.563,0.593
510880,2009-04-17,0.58,0.597,0.544,0.569
510880,2009-04-20,0.548,0.615,0.548,0.608
510880,2009-04-21,0.588,0.607,0.552,0.591
510880,2009-04-22,0.599,0.62,0.509,0.511
510880,2009-04-23,0.504,0.535,0.483,0.524
510880,2009-04-24,0.529,0.541,0.5,0.501
510880,2009-04-27,0.494,0.502,0.428,0.433
510880,2009-04-28,0.415,0.447,0.415,0.443
510880,2009-04-29,0.448,0.506,0.438,0.497
510880,2009-04-30,0.504,0.526,0.499,0.508
510880,2009-05-04,0.515,0.594,0.515,0.593
510880,2009-05-05,0.602,0.615,0.588,0.607
510880,2009-05-06,0.6,0.649,0.598,0.639
510880,2009-05-07,0.651,0.671,0.606,0.64
510880,2009-05-08,0.621,0.659,0.602,0.646
510880,2009-05-11,0.656,0.671,0.593,0.596
510880,2009-05-12,0.58,0.652,0.578,0.65
510880,2009-05-13,0.653,0.678,0.639,0.666
510880,2009-05-14,0.648,0.659,0.62,0.651
510880,2009-05-15,0.651,0.666,0.63,0.648
510880,2009-05-18,0.646,0.67,0.609,0.664
510880,2009-05-19,0.678,0.695,0.671,0.684
510880,2009-05-20,0.687,0.698,0.66,0.662
510880,2009-05-21,0.65,0.668,0.613,0.619
510880,2009-05-22,0.613,0.631,0.599,0.61
510880,2009-05-25,0.581,0.62,0.552,0.612
510880,2009-05-26,0.612,0.619,0.579,0.585
510880,2009-05-27,0.594,0.613,0.584,0.607
510880,2009-06-01,0.629,0.672,0.625,0.669
510880,2009-06-02,0.676,0.69,0.667,0.675
510880,2009-06-03,0.668,0.716,0.668,0.714
510880,2009-06-04,0.703,0.743,0.695,0.736
510880,2009-06-05,0.74,0.747,0.708,0.711
510880,2009-06-08,0.708,0.715,0.676,0.696
510880,2009-06-09,0.692,0.701,0.653,0.697
510880,2009-06-10,0.703,0.743,0.698,0.732
510880,2009-06-11,0.733,0.744,0.703,0.718
510880,2009-06-12,0.702,0.713,0.642,0.655
510880,2009-06-15,0.663,0.682,0.643,0.68
510880,2009-06-16,0.676,0.694,0.661,0.681
510880,2009-06-17,0.681,0.722,0.666,0.716
510880,2009-06-18,0.718,0.742,0.717,0.74
510880,2009-06-19,0.74,0.753,0.72,0.746
510880,2009-06-22,0.765,0.785,0.752,0.758
510880,2009-06-23,0.736,0.798,0.723,0.77
510880,2009-06-24,0.768,0.825,0.758,0.821
510880,2009-06-25,0.827,0.84,0.809,0.816
510880,2009-06-26,0.82,0.829,0.807,0.813
510880,2009-06-29,0.808,0.839,0.796,0.838
510880,2009-06-30,0.849,0.854,0.809,0.813
510880,2009-07-01,0.808,0.859,0.803,0.857
510880,2009-07-02,0.865,0.884,0.849,0.878
510880,2009-07-03,0.868,0.918,0.86,0.905
510880,2009-07-06,0.908,1.001,0.908,0.993
510880,2009-07-07,0.989,1.026,0.967,0.977
510880,2009-07-08,0.968,1.016,0.938,0.996
510880,2009-07-09,0.997,1.053,0.993,1.052
510880,2009-07-10,1.053,1.065,1.028,1.045
510880,2009-07-13,1.025,1.045,1.006,1.007
510880,2009-07-14,1.015,1.095,1.015,1.093
510880,2009-07-15,1.108,1.177,1.106,1.16
510880,2009-07-16,1.184,1.194,1.143,1.144
510880,2009-07-17,1.148,1.172,1.137,1.161
510880,2009-07-20,1.17,1.248,1.17,1.231
510880,2009-07-21,1.239,1.245,1.173,1.178
510880,2009-07-22,1.168,1.266,1.168,1.254
510880,2009-07-23,1.258,1.275,1.248,1.272
510880,2009-07-24,1.286,1.3,1.221,1.293
510880,2009-07-27,1.293,1.358,1.293,1.356
510880,2009-07-28,1.356,1.417,1.346,1.412
510880,2009-07-29,1.413,1.438,1.148,1.278
510880,2009-07-30,1.284,1.346,1.238,1.321
510880,2009-07-31,1.347,1.426,1.336,1.419
510880,2009-08-03,1.432,1.528,1.43,1.527
510880,2009-08-04,1.544,1.581,1.5,1.569
510880,2009-08-05,1.57,1.57,1.462,1.518
510880,2009-08-06,1.498,1.498,1.396,1.417
510880,2009-08-07,1.417,1.467,1.286,1.297
510880,2009-08-10,1.338,1.358,1.257,1.325
510880,2009-08-11,1.343,1.346,1.286,1.335
510880,2009-08-12,1.326,1.326,1.175,1.184
510880,2009-08-13,1.184,1.218,1.12,1.2
510880,2009-08-14,1.19,1.211,1.108,1.113
510880,2009-08-17,1.093,1.093,0.918,0.928
510880,2009-08-18,0.917,1.013,0.898,1
510880,2009-08-19,1.001,1.003,0.828,0.843
510880,2009-08-20,0.848,0.952,0.848,0.951
510880,2009-08-21,0.948,1.025,0.909,1.014
510880,2009-08-24,1.028,1.053,0.999,1.035
510880,2009-08-25,1.023,1.025,0.879,0.96
510880,2009-08-26,0.918,1.041,0.918,1.028
510880,2009-08-27,0.999,1.044,0.948,0.998
510880,2009-08-28,0.993,1.009,0.891,0.918
510880,2009-08-31,0.863,0.868,0.682,0.698
510880,2009-09-01,0.698,0.764,0.676,0.707
510880,2009-09-02,0.696,0.755,0.689,0.737
510880,2009-09-03,0.739,0.897,0.737,0.883
510880,2009-09-04,0.88,0.908,0.858,0.895
510880,2009-09-07,0.908,0.942,0.88,0.897
510880,2009-09-08,0.882,0.949,0.847,0.948
510880,2009-09-09,0.968,0.994,0.923,0.986
510880,2009-09-10,0.978,0.988,0.941,0.949
510880,2009-09-11,0.948,1.009,0.938,0.993
510880,2009-09-14,1.008,1.048,0.99,1.035
510880,2009-09-15,1.046,1.074,1.008,1.047
510880,2009-09-16,1.038,1.042,0.973,1.005
510880,2009-09-17,1.01,1.063,1.01,1.061
510880,2009-09-18,1.069,1.073,0.946,0.97
510880,2009-09-21,0.93,0.971,0.89,0.967
510880,2009-09-22,0.977,0.987,0.848,0.886
510880,2009-09-23,0.879,0.917,0.829,0.834
510880,2009-09-24,0.825,0.862,0.77,0.838
510880,2009-09-25,0.828,0.843,0.799,0.823
510880,2009-09-28,0.825,0.846,0.733,0.743
510880,2009-09-29,0.749,0.763,0.701,0.739
510880,2009-09-30,0.752,0.793,0.748,0.76
510880,2009-10-09,0.809,0.883,0.809,0.882
510880,2009-10-12,0.881,0.89,0.854,0.867
510880,2009-10-13,0.866,0.923,0.857,0.917
510880,2009-10-14,0.927,0.979,0.921,0.945
510880,2009-10-15,0.968,0.988,0.945,0.962
510880,2009-10-16,0.967,0.978,0.915,0.964
510880,2009-10-19,0.963,1.032,0.948,1.029
510880,2009-10-20,1.041,1.098,1.028,1.052
510880,2009-10-21,1.048,1.063,1.032,1.04
510880,2009-10-22,1.046,1.046,1.009,1.019
510880,2009-10-23,1.023,1.08,1.022,1.056
510880,2009-10-26,1.051,1.072,1.041,1.067
510880,2009-10-27,1.041,1.053,0.992,0.998
510880,2009-10-28,0.991,1.008,0.949,1.006
510880,2009-10-29,0.962,0.986,0.943,0.952
510880,2009-10-30,0.983,1.011,0.971,0.972
510880,2009-11-02,0.907,1.046,0.907,1.045
510880,2009-11-03,1.047,1.091,1.039,1.083
510880,2009-11-04,1.087,1.119,1.073,1.104
510880,2009-11-05,1.101,1.134,1.098,1.131
510880,2009-11-06,1.147,1.174,1.147,1.16
510880,2009-11-09,1.16,1.184,1.145,1.178
510880,2009-11-10,1.199,1.206,1.178,1.18
510880,2009-11-11,1.171,1.182,1.146,1.163
510880,2009-11-12,1.167,1.197,1.16,1.169
510880,2009-11-13,1.16,1.175,1.112,1.174
510880,2009-11-16,1.185,1.267,1.185,1.259
510880,2009-11-17,1.271,1.279,1.249,1.251
510880,2009-11-18,1.267,1.275,1.247,1.261
510880,2009-11-19,1.265,1.289,1.247,1.286
510880,2009-11-20,1.276,1.291,1.254,1.267
510880,2009-11-23,1.271,1.31,1.271,1.309
510880,2009-11-24,1.317,1.366,1.221,1.231
510880,2009-11-25,1.226,1.314,1.202,1.31
510880,2009-11-26,1.321,1.334,1.182,1.19
510880,2009-11-27,1.17,1.189,1.101,1.11
510880,2009-11-30,1.131,1.219,1.131,1.215
510880,2009-12-01,1.204,1.269,1.196,1.268
510880,2009-12-02,1.285,1.299,1.263,1.286
510880,2009-12-03,1.281,1.311,1.264,1.305
510880,2009-12-04,1.295,1.335,1.244,1.332
510880,2009-12-07,1.331,1.351,1.321,1.348
510880,2009-12-08,1.351,1.354,1.285,1.326
510880,2009-12-09,1.29,1.316,1.263,1.274
510880,2009-12-10,1.291,1.315,1.254,1.281
510880,2009-12-11,1.29,1.311,1.268,1.271
510880,2009-12-14,1.261,1.32,1.214,1.303
510880,2009-12-15,1.295,1.327,1.256,1.301
510880,2009-12-16,1.296,1.325,1.271,1.274
510880,2009-12-17,1.28,1.291,1.201,1.203
510880,2009-12-18,1.186,1.203,1.143,1.156
510880,2009-12-21,1.145,1.167,1.121,1.158
510880,2009-12-22,1.156,1.168,1.082,1.091
510880,2009-12-23,1.088,1.119,1.076,1.116
510880,2009-12-24,1.116,1.211,1.111,1.196
510880,2009-12-25,1.191,1.198,1.17,1.186
510880,2009-12-28,1.194,1.247,1.189,1.237
510880,2009-12-29,1.241,1.241,1.199,1.238
510880,2009-12-30,1.239,1.284,1.232,1.277
510880,2009-12-31,1.28,1.296,1.266,1.289
510880,2010-01-04,1.293,1.303,1.246,1.248
510880,2010-01-05,1.251,1.293,1.226,1.284
510880,2010-01-06,1.284,1.316,1.263,1.279
510880,2010-01-07,1.269,1.283,1.189,1.209
510880,2010-01-08,1.192,1.215,1.17,1.21
510880,2010-01-11,1.306,1.316,1.192,1.212
510880,2010-01-12,1.206,1.255,1.171,1.253
510880,2010-01-13,1.192,1.208,1.137,1.145
510880,2010-01-14,1.158,1.191,1.141,1.181
510880,2010-01-15,1.185,1.207,1.164,1.189
510880,2010-01-18,1.181,1.201,1.171,1.198
510880,2010-01-19,1.207,1.231,1.201,1.203
510880,2010-01-20,1.204,1.221,1.111,1.121
510880,2010-01-21,1.124,1.141,1.109,1.126
510880,2010-01-22,1.096,1.139,1.056,1.125
510880,2010-01-25,1.099,1.125,1.071,1.079
510880,2010-01-26,1.079,1.091,1.006,1.013
510880,2010-01-27,1.016,1.025,0.966,0.978
510880,2010-01-28,0.982,0.989,0.954,0.963
510880,2010-01-29,0.961,0.994,0.949,0.961
510880,2010-02-01,0.957,0.965,0.899,0.92
510880,2010-02-02,0.921,0.964,0.914,0.918
510880,2010-02-03,0.926,0.995,0.889,0.987
510880,2010-02-04,0.966,0.992,0.953,0.975
510880,2010-02-05,0.921,0.936,0.908,0.92
510880,2010-02-08,0.914,0.933,0.907,0.922
510880,2010-02-09,0.92,0.946,0.911,0.935
510880,2010-02-10,0.947,0.966,0.941,0.962
510880,2010-02-11,0.962,0.974,0.951,0.964
510880,2010-02-12,0.967,0.992,0.967,0.99
510880,2010-02-22,0.992,1.003,0.981,0.982
510880,2010-02-23,0.976,0.976,0.936,0.96
510880,2010-02-24,0.945,0.997,0.933,0.993
510880,2010-02-25,1.001,1.027,0.997,1.026
510880,2010-02-26,1.012,1.032,1.003,1.007
510880,2010-03-01,1.008,1.049,1.008,1.042
510880,2010-03-02,1.047,1.058,1.019,1.027
510880,2010-03-03,1.024,1.046,1.017,1.042
510880,2010-03-04,1.037,1.051,0.981,0.984
510880,2010-03-05,0.986,1.005,0.981,0.991
510880,2010-03-08,0.991,1.026,0.99,1.016
510880,2010-03-09,1.008,1.049,0.995,1.029
510880,2010-03-10,1.029,1.048,1.008,1.016
510880,2010-03-11,1.013,1.035,0.998,1.023
510880,2010-03-12,1.021,1.027,0.982,0.984
510880,2010-03-15,0.981,0.984,0.94,0.956
510880,2010-03-16,0.956,0.96,0.938,0.958
510880,2010-03-17,0.965,1.001,0.959,1.001
510880,2010-03-18,1.006,1.008,0.981,0.997
510880,2010-03-19,0.997,1.011,0.977,1.01
510880,2010-03-22,1.01,1.022,0.997,1.015
510880,2010-03-23,1.011,1.025,0.996,0.997
510880,2010-03-24,0.998,1.016,0.993,1
510880,2010-03-25,0.994,0.995,0.967,0.973
510880,2010-03-26,0.968,1.031,0.967,1.014
510880,2010-03-29,1.021,1.078,1.021,1.074
510880,2010-03-30,1.073,1.076,1.058,1.075
510880,2010-03-31,1.073,1.073,1.046,1.053
510880,2010-04-01,1.052,1.087,1.052,1.083
510880,2010-04-02,1.086,1.101,1.082,1.096
510880,2010-04-06,1.093,1.126,1.093,1.104
510880,2010-04-07,1.101,1.107,1.074,1.088
510880,2010-04-08,1.085,1.086,1.051,1.054
510880,2010-04-09,1.053,1.076,1.051,1.072
510880,2010-04-12,1.081,1.081,1.035,1.04
510880,2010-04-13,1.04,1.088,1.037,1.083
510880,2010-04-14,1.083,1.09,1.074,1.083
510880,2010-04-15,1.088,1.101,1.07,1.083
510880,2010-04-16,1.081,1.081,1.046,1.048
510880,2010-04-19,1.024,1.029,0.914,0.924
510880,2010-04-20,0.924,0.935,0.899,0.917
510880,2010-04-21,0.918,0.957,0.904,0.957
510880,2010-04-22,0.942,0.942,0.896,0.902
510880,2010-04-23,0.901,0.926,0.883,0.89
510880,2010-04-26,0.891,0.902,0.868,0.868
510880,2010-04-27,0.867,0.867,0.803,0.82
510880,2010-04-28,0.811,0.838,0.791,0.823
510880,2010-04-29,0.828,0.851,0.809,0.809
510880,2010-04-30,0.804,0.85,0.779,0.828
510880,2010-05-04,0.788,0.808,0.78,0.794
510880,2010-05-05,0.787,0.809,0.749,0.808
510880,2010-05-06,0.782,0.796,0.699,0.703
510880,2010-05-07,0.591,0.695,0.591,0.672
510880,2010-05-10,0.672,0.694,0.646,0.684
510880,2010-05-11,0.734,0.736,0.641,0.656
510880,2010-05-12,0.631,0.687,0.622,0.686
510880,2010-05-13,0.68,0.731,0.662,0.73
510880,2010-05-14,0.716,0.721,0.701,0.708
510880,2010-05-17,0.687,0.687,0.606,0.613
510880,2010-05-18,0.625,0.659,0.601,0.656
510880,2010-05-19,0.645,0.671,0.609,0.63
510880,2010-05-20,0.621,0.661,0.616,0.619
510880,2010-05-21,0.587,0.645,0.546,0.642
510880,2010-05-24,0.647,0.721,0.647,0.716
510880,2010-05-25,0.697,0.7,0.654,0.665
510880,2010-05-26,0.667,0.68,0.651,0.655
510880,2010-05-27,0.655,0.7,0.628,0.693
510880,2010-05-28,0.706,0.721,0.674,0.688
510880,2010-05-31,0.671,0.695,0.631,0.633
510880,2010-06-01,0.625,0.66,0.594,0.611
510880,2010-06-02,0.611,0.612,0.581,0.609
510880,2010-06-03,0.602,0.646,0.602,0.608
510880,2010-06-04,0.606,0.608,0.586,0.607
510880,2010-06-07,0.586,0.586,0.548,0.552
510880,2010-06-08,0.549,0.571,0.546,0.557
510880,2010-06-09,0.57,0.623,0.551,0.616
510880,2010-06-10,0.608,0.611,0.591,0.596
510880,2010-06-11,0.608,0.614,0.602,0.61
510880,2010-06-17,0.617,0.621,0.591,0.593
510880,2010-06-18,0.582,0.599,0.565,0.571
510880,2010-06-21,0.571,0.622,0.563,0.618
510880,2010-06-22,0.614,0.622,0.604,0.614
510880,2010-06-23,0.61,0.615,0.582,0.594
510880,2010-06-24,0.601,0.621,0.583,0.602
510880,2010-06-25,0.596,0.615,0.58,0.588
510880,2010-06-28,0.58,0.594,0.575,0.581
510880,2010-06-29,0.586,0.588,0.481,0.492
510880,2010-06-30,0.481,0.484,0.465,0.466
510880,2010-07-01,0.454,0.476,0.439,0.441
510880,2010-07-02,0.45,0.465,0.409,0.45
510880,2010-07-05,0.439,0.47,0.41,0.432
510880,2010-07-06,0.426,0.478,0.425,0.477
510880,2010-07-07,0.479,0.479,0.443,0.477
510880,2010-07-08,0.481,0.494,0.466,0.477
510880,2010-07-09,0.48,0.537,0.462,0.531
510880,2010-07-12,0.535,0.572,0.523,0.557
510880,2010-07-13,0.555,0.555,0.515,0.525
510880,2010-07-14,0.529,0.561,0.529,0.54
510880,2010-07-15,0.55,0.57,0.502,0.503
510880,2010-07-16,0.498,0.516,0.471,0.515
510880,2010-07-19,0.501,0.571,0.493,0.56
510880,2010-07-20,0.556,0.6,0.556,0.598
510880,2010-07-21,0.591,0.616,0.588,0.6
510880,2010-07-22,0.591,0.624,0.581,0.619
510880,2010-07-23,0.619,0.64,0.613,0.63
510880,2010-07-26,0.628,0.639,0.606,0.632
510880,2010-07-27,0.629,0.634,0.615,0.624
510880,2010-07-28,0.621,0.678,0.609,0.675
510880,2010-07-29,0.674,0.703,0.671,0.691
510880,2010-07-30,0.69,0.69,0.657,0.678
510880,2010-08-02,0.679,0.73,0.667,0.716
510880,2010-08-03,0.719,0.721,0.679,0.681
510880,2010-08-04,0.675,0.706,0.643,0.692
510880,2010-08-05,0.689,0.689,0.642,0.655
510880,2010-08-06,0.65,0.692,0.632,0.691
510880,2010-08-09,0.696,0.7,0.676,0.693
510880,2010-08-10,0.693,0.703,0.634,0.635
510880,2010-08-11,0.631,0.652,0.631,0.64
510880,2010-08-12,0.627,0.64,0.612,0.614
510880,2010-08-13,0.614,0.646,0.609,0.64
510880,2010-08-16,0.641,0.693,0.629,0.688
510880,2010-08-17,0.693,0.7,0.679,0.691
510880,2010-08-18,0.69,0.702,0.677,0.682
510880,2010-08-19,0.684,0.706,0.675,0.693
510880,2010-08-20,0.679,0.695,0.656,0.667
510880,2010-08-23,0.649,0.67,0.641,0.646
510880,2010-08-24,0.646,0.676,0.629,0.654
510880,2010-08-25,0.649,0.653,0.599,0.603
510880,2010-08-26,0.604,0.623,0.604,0.606
510880,2010-08-27,0.605,0.618,0.592,0.615
510880,2010-08-30,0.625,0.653,0.625,0.646
510880,2010-08-31,0.641,0.643,0.623,0.628
510880,2010-09-01,0.63,0.665,0.617,0.625
510880,2010-09-02,0.649,0.649,0.632,0.647
510880,2010-09-03,0.642,0.648,0.624,0.635
510880,2010-09-06,0.647,0.69,0.641,0.685
510880,2010-09-07,0.69,0.695,0.672,0.682
510880,2010-09-08,0.672,0.677,0.661,0.674
510880,2010-09-09,0.676,0.676,0.636,0.645
510880,2010-09-10,0.646,0.661,0.618,0.638
510880,2010-09-13,0.637,0.659,0.63,0.655
510880,2010-09-14,0.655,0.666,0.641,0.649
510880,2010-09-15,0.647,0.649,0.622,0.624
510880,2010-09-16,0.62,0.63,0.563,0.573
510880,2010-09-17,0.581,0.588,0.567,0.569
510880,2010-09-20,0.576,0.584,0.562,0.572
510880,2010-09-21,0.58,0.581,0.567,0.573
510880,2010-09-27,0.574,0.591,0.573,0.591
510880,2010-09-28,0.591,0.591,0.567,0.57
510880,2010-09-29,0.571,0.593,0.57,0.575
510880,2010-09-30,0.57,0.621,0.566,0.612
510880,2010-10-08,0.631,0.687,0.622,0.677
510880,2010-10-11,0.681,0.756,0.681,0.741
510880,2010-10-12,0.739,0.771,0.723,0.764
510880,2010-10-13,0.765,0.787,0.751,0.781
510880,2010-10-14,0.794,0.834,0.793,0.813
510880,2010-10-15,0.794,0.907,0.791,0.906
510880,2010-10-18,0.92,0.971,0.891,0.901
510880,2010-10-19,0.901,0.936,0.881,0.936
510880,2010-10-20,0.901,0.966,0.889,0.941
510880,2010-10-21,0.944,0.956,0.899,0.913
510880,2010-10-22,0.912,0.931,0.9,0.908
510880,2010-10-25,0.906,0.964,0.902,0.963
510880,2010-10-26,0.964,0.977,0.931,0.943
510880,2010-10-27,0.931,0.965,0.923,0.929
510880,2010-10-28,0.919,0.94,0.912,0.929
510880,2010-10-29,0.93,0.937,0.887,0.893
510880,2010-11-01,0.894,0.963,0.894,0.961
510880,2010-11-02,0.957,0.984,0.892,0.948
510880,2010-11-03,0.942,0.962,0.928,0.931
510880,2010-11-04,0.931,0.972,0.931,0.965
510880,2010-11-05,0.992,1.008,0.973,0.99
510880,2010-11-08,0.997,1.026,0.987,1.02
510880,2010-11-09,1.021,1.021,0.985,0.996
510880,2010-11-10,0.989,0.99,0.958,0.969
510880,2010-11-11,0.966,1.019,0.963,0.983
510880,2010-11-12,0.981,0.986,0.86,0.865
510880,2010-11-15,0.878,0.882,0.821,0.878
510880,2010-11-16,0.873,0.873,0.777,0.781
510880,2010-11-17,0.77,0.781,0.74,0.744
510880,2010-11-18,0.759,0.775,0.742,0.766
510880,2010-11-19,0.779,0.787,0.715,0.786
510880,2010-11-22,0.769,0.785,0.745,0.759
510880,2010-11-23,0.752,0.752,0.698,0.729
510880,2010-11-24,0.707,0.745,0.707,0.737
510880,2010-11-25,0.741,0.766,0.734,0.762
510880,2010-11-26,0.758,0.771,0.74,0.752
510880,2010-11-29,0.742,0.746,0.723,0.732
510880,2010-11-30,0.732,0.749,0.665,0.706
510880,2010-12-01,0.705,0.721,0.683,0.712
510880,2010-12-02,0.739,0.761,0.725,0.725
510880,2010-12-03,0.726,0.73,0.708,0.721
510880,2010-12-06,0.724,0.737,0.713,0.728
510880,2010-12-07,0.713,0.748,0.692,0.741
510880,2010-12-08,0.747,0.747,0.714,0.717
510880,2010-12-09,0.722,0.722,0.692,0.693
510880,2010-12-10,0.684,0.716,0.68,0.704
510880,2010-12-13,0.703,0.772,0.703,0.77
510880,2010-12-14,0.775,0.785,0.763,0.77
510880,2010-12-15,0.768,0.786,0.76,0.764
510880,2010-12-16,0.762,0.771,0.758,0.762
510880,2010-12-17,0.752,0.763,0.75,0.757
510880,2010-12-20,0.764,0.772,0.689,0.716
510880,2010-12-21,0.728,0.774,0.713,0.765
510880,2010-12-22,0.756,0.775,0.738,0.746
510880,2010-12-23,0.749,0.772,0.739,0.749
510880,2010-12-24,0.74,0.74,0.717,0.726
510880,2010-12-27,0.732,0.765,0.692,0.693
510880,2010-12-28,0.677,0.7,0.662,0.666
510880,2010-12-29,0.671,0.672,0.65,0.663
510880,2010-12-30,0.663,0.676,0.647,0.666
510880,2010-12-31,0.672,0.691,0.658,0.69
510880,2011-01-04,0.694,0.747,0.694,0.732
510880,2011-01-05,0.72,0.736,0.71,0.732
510880,2011-01-06,0.732,0.737,0.717,0.718
510880,2011-01-07,0.713,0.757,0.705,0.734
510880,2011-01-10,0.72,0.741,0.696,0.704
510880,2011-01-11,0.7,0.724,0.695,0.722
510880,2011-01-12,0.727,0.742,0.713,0.732
510880,2011-01-13,0.74,0.748,0.728,0.733
510880,2011-01-14,0.736,0.736,0.705,0.715
510880,2011-01-17,0.714,0.714,0.645,0.652
510880,2011-01-18,0.651,0.652,0.635,0.643
510880,2011-01-19,0.645,0.687,0.636,0.681
510880,2011-01-20,0.677,0.68,0.621,0.622
510880,2011-01-21,0.623,0.675,0.62,0.648
510880,2011-01-24,0.65,0.658,0.63,0.639
510880,2011-01-25,0.639,0.646,0.625,0.632
510880,2011-01-26,0.632,0.646,0.632,0.64
510880,2011-01-27,0.632,0.682,0.622,0.675
510880,2011-01-28,0.672,0.684,0.663,0.681
510880,2011-01-31,0.68,0.699,0.677,0.698
510880,2011-02-01,0.702,0.707,0.694,0.703
510880,2011-02-09,0.695,0.71,0.681,0.682
510880,2011-02-10,0.682,0.712,0.667,0.71
510880,2011-02-11,0.709,0.716,0.697,0.712
510880,2011-02-14,0.712,0.804,0.712,0.795
510880,2011-02-15,0.796,0.817,0.79,0.79
510880,2011-02-16,0.787,0.806,0.78,0.804
510880,2011-02-17,0.805,0.817,0.789,0.8
510880,2011-02-18,0.796,0.8,0.775,0.782
510880,2011-02-21,0.777,0.817,0.771,0.817
510880,2011-02-22,0.816,0.822,0.752,0.755
510880,2011-02-23,0.751,0.758,0.746,0.755
510880,2011-02-24,0.756,0.778,0.748,0.769
510880,2011-02-25,0.773,0.787,0.752,0.776
510880,2011-02-28,0.778,0.8,0.762,0.797
510880,2011-03-01,0.793,0.822,0.792,0.807
510880,2011-03-02,0.798,0.809,0.785,0.793
510880,2011-03-03,0.792,0.825,0.792,0.802
510880,2011-03-04,0.802,0.84,0.799,0.835
510880,2011-03-07,0.836,0.896,0.836,0.895
510880,2011-03-08,0.894,0.9,0.882,0.892
510880,2011-03-09,0.892,0.9,0.88,0.881
510880,2011-03-10,0.879,0.879,0.839,0.842
510880,2011-03-11,0.839,0.848,0.818,0.82
510880,2011-03-14,0.813,0.829,0.808,0.822
510880,2011-03-15,0.824,0.824,0.752,0.782
510880,2011-03-16,0.782,0.821,0.782,0.814
510880,2011-03-17,0.797,0.821,0.783,0.792
510880,2011-03-18,0.799,0.816,0.795,0.798
510880,2011-03-21,0.799,0.808,0.781,0.785
510880,2011-03-22,0.787,0.808,0.776,0.802
510880,2011-03-23,0.8,0.83,0.794,0.827
510880,2011-03-24,0.827,0.834,0.822,0.827
510880,2011-03-25,0.823,0.864,0.823,0.859
510880,2011-03-28,0.863,0.872,0.85,0.851
510880,2011-03-29,0.845,0.879,0.842,0.848
510880,2011-03-30,0.843,0.852,0.83,0.842
510880,2011-03-31,0.842,0.848,0.82,0.823
510880,2011-04-01,0.831,0.859,0.824,0.857
510880,2011-04-06,0.845,0.909,0.838,0.901
510880,2011-04-07,0.899,0.909,0.89,0.899
510880,2011-04-08,0.902,0.915,0.893,0.912
510880,2011-04-11,0.913,0.942,0.909,0.911
510880,2011-04-12,0.907,0.932,0.895,0.913
510880,2011-04-13,0.902,0.93,0.895,0.928
510880,2011-04-14,0.929,0.943,0.925,0.927
510880,2011-04-15,0.919,0.944,0.914,0.935
510880,2011-04-18,0.918,0.952,0.918,0.942
510880,2011-04-19,0.932,0.932,0.885,0.892
510880,2011-04-20,0.894,0.907,0.879,0.887
510880,2011-04-21,0.894,0.917,0.894,0.91
510880,2011-04-22,0.91,0.919,0.891,0.893
510880,2011-04-25,0.892,0.892,0.854,0.854
510880,2011-04-26,0.853,0.86,0.834,0.838
510880,2011-04-27,0.854,0.858,0.824,0.834
510880,2011-04-28,0.835,0.858,0.81,0.816
510880,2011-04-29,0.816,0.834,0.797,0.834
510880,2011-05-03,0.832,0.842,0.816,0.841
510880,2011-05-04,0.838,0.838,0.782,0.786
510880,2011-05-05,0.797,0.797,0.77,0.785
510880,2011-05-06,0.777,0.795,0.765,0.782
510880,2011-05-09,0.788,0.797,0.78,0.787
510880,2011-05-10,0.787,0.8,0.784,0.8
510880,2011-05-11,0.8,0.803,0.787,0.792
510880,2011-05-12,0.787,0.787,0.768,0.77
510880,2011-05-13,0.772,0.787,0.76,0.787
510880,2011-05-16,0.786,0.786,0.76,0.761
510880,2011-05-17,0.752,0.78,0.74,0.773
510880,2011-05-18,0.774,0.79,0.762,0.783
510880,2011-05-19,0.776,0.792,0.769,0.77
510880,2011-05-20,0.763,0.777,0.763,0.764
510880,2011-05-23,0.761,0.765,0.698,0.702
510880,2011-05-24,0.7,0.7,0.685,0.692
510880,2011-05-25,0.694,0.695,0.67,0.672
510880,2011-05-26,0.677,0.691,0.675,0.679
510880,2011-05-27,0.682,0.692,0.67,0.67
510880,2011-05-30,0.67,0.684,0.658,0.673
510880,2011-05-31,0.68,0.699,0.671,0.699
510880,2011-06-01,0.699,0.699,0.687,0.693
510880,2011-06-02,0.681,0.682,0.644,0.661
510880,2011-06-03,0.654,0.679,0.654,0.677
510880,2011-06-07,0.675,0.684,0.667,0.681
510880,2011-06-08,0.681,0.681,0.66,0.679
510880,2011-06-09,0.669,0.677,0.652,0.654
510880,2011-06-10,0.652,0.667,0.642,0.661
510880,2011-06-13,0.656,0.657,0.635,0.655
510880,2011-06-14,0.655,0.679,0.643,0.668
510880,2011-06-15,0.66,0.674,0.66,0.661
510880,2011-06-16,0.651,0.651,0.63,0.637
510880,2011-06-17,0.635,0.644,0.62,0.622
510880,2011-06-20,0.62,0.622,0.608,0.615
510880,2011-06-21,0.613,0.631,0.613,0.628
510880,2011-06-22,0.629,0.635,0.622,0.629
510880,2011-06-23,0.627,0.661,0.617,0.659
510880,2011-06-24,0.657,0.725,0.65,0.716
510880,2011-06-27,0.707,0.727,0.704,0.709
510880,2011-06-28,0.712,0.715,0.693,0.71
510880,2011-06-29,0.71,0.712,0.688,0.69
510880,2011-06-30,0.688,0.719,0.688,0.707
510880,2011-07-01,0.695,0.717,0.694,0.708
510880,2011-07-04,0.717,0.758,0.712,0.751
510880,2011-07-05,0.754,0.756,0.741,0.749
510880,2011-07-06,0.749,0.751,0.725,0.74
510880,2011-07-07,0.747,0.755,0.733,0.74
510880,2011-07-08,0.733,0.744,0.728,0.738
510880,2011-07-11,0.734,0.738,0.724,0.734
510880,2011-07-12,0.73,0.73,0.692,0.694
510880,2011-07-13,0.69,0.723,0.69,0.719
510880,2011-07-14,0.717,0.732,0.715,0.727
510880,2011-07-15,0.713,0.735,0.713,0.732
510880,2011-07-18,0.733,0.738,0.723,0.729
510880,2011-07-19,0.726,0.727,0.709,0.712
510880,2011-07-20,0.717,0.727,0.702,0.705
510880,2011-07-21,0.712,0.712,0.691,0.692
510880,2011-07-22,0.692,0.702,0.688,0.689
510880,2011-07-25,0.692,0.692,0.623,0.632
510880,2011-07-26,0.632,0.638,0.62,0.628
510880,2011-07-27,0.622,0.639,0.614,0.637
510880,2011-07-28,0.627,0.629,0.61,0.624
510880,2011-07-29,0.624,0.646,0.618,0.63
510880,2011-08-01,0.627,0.644,0.62,0.637
510880,2011-08-02,0.632,0.632,0.602,0.622
510880,2011-08-03,0.62,0.625,0.605,0.615
510880,2011-08-04,0.622,0.631,0.614,0.619
510880,2011-08-05,0.572,0.592,0.562,0.573
510880,2011-08-08,0.57,0.57,0.478,0.5
510880,2011-08-09,0.489,0.52,0.437,0.501
510880,2011-08-10,0.515,0.54,0.515,0.519
510880,2011-08-11,0.483,0.544,0.483,0.544
510880,2011-08-12,0.546,0.562,0.545,0.55
510880,2011-08-15,0.541,0.579,0.541,0.578
510880,2011-08-16,0.578,0.587,0.566,0.569
510880,2011-08-17,0.567,0.577,0.562,0.571
510880,2011-08-18,0.569,0.569,0.542,0.546
510880,2011-08-19,0.512,0.528,0.503,0.52
510880,2011-08-22,0.522,0.533,0.501,0.507
510880,2011-08-23,0.512,0.536,0.504,0.536
510880,2011-08-24,0.54,0.549,0.526,0.529
510880,2011-08-25,0.529,0.599,0.529,0.597
510880,2011-08-26,0.592,0.594,0.577,0.591
510880,2011-08-29,0.58,0.58,0.554,0.561
510880,2011-08-30,0.573,0.593,0.557,0.559
510880,2011-08-31,0.56,0.565,0.547,0.559
510880,2011-09-01,0.567,0.575,0.552,0.553
510880,2011-09-02,0.553,0.555,0.528,0.531
510880,2011-09-05,0.527,0.528,0.491,0.492
510880,2011-09-06,0.482,0.492,0.476,0.478
510880,2011-09-07,0.492,0.522,0.485,0.522
510880,2011-09-08,0.53,0.53,0.512,0.512
510880,2011-09-09,0.52,0.542,0.507,0.515
510880,2011-09-13,0.508,0.51,0.489,0.506
510880,2011-09-14,0.511,0.515,0.484,0.512
510880,2011-09-15,0.519,0.524,0.509,0.511
510880,2011-09-16,0.512,0.523,0.507,0.511
510880,2011-09-19,0.502,0.531,0.479,0.48
510880,2011-09-20,0.479,0.496,0.472,0.491
510880,2011-09-21,0.491,0.542,0.483,0.54
510880,2011-09-22,0.53,0.53,0.482,0.483
510880,2011-09-23,0.473,0.497,0.457,0.477
510880,2011-09-26,0.477,0.482,0.442,0.448
510880,2011-09-27,0.46,0.473,0.453,0.463
510880,2011-09-28,0.472,0.48,0.449,0.458
510880,2011-09-29,0.455,0.458,0.432,0.448
510880,2011-09-30,0.444,0.456,0.44,0.449
510880,2011-10-10,0.449,0.457,0.431,0.439
510880,2011-10-11,0.472,0.492,0.416,0.427
510880,2011-10-12,0.422,0.482,0.412,0.48
510880,2011-10-13,0.476,0.49,0.472,0.485
510880,2011-10-14,0.478,0.49,0.468,0.485
510880,2011-10-17,0.489,0.5,0.483,0.486
510880,2011-10-18,0.485,0.485,0.442,0.444
510880,2011-10-19,0.445,0.457,0.443,0.449
510880,2011-10-20,0.447,0.447,0.397,0.404
510880,2011-10-21,0.399,0.42,0.399,0.414
510880,2011-10-24,0.429,0.452,0.407,0.447
510880,2011-10-25,0.448,0.482,0.441,0.481
510880,2011-10-26,0.467,0.506,0.462,0.488
510880,2011-10-27,0.495,0.506,0.487,0.495
510880,2011-10-28,0.505,0.535,0.505,0.523
510880,2011-10-31,0.523,0.523,0.504,0.511
510880,2011-11-01,0.503,0.532,0.5,0.512
510880,2011-11-02,0.502,0.541,0.492,0.538
510880,2011-11-03,0.547,0.563,0.542,0.543
510880,2011-11-04,0.547,0.562,0.543,0.55
510880,2011-11-07,0.545,0.555,0.538,0.539
510880,2011-11-08,0.539,0.558,0.539,0.545
510880,2011-11-09,0.55,0.558,0.537,0.556
510880,2011-11-10,0.543,0.544,0.525,0.525
510880,2011-11-11,0.527,0.534,0.518,0.52
510880,2011-11-14,0.536,0.558,0.534,0.558
510880,2011-11-15,0.553,0.556,0.548,0.55
510880,2011-11-16,0.548,0.558,0.497,0.5
510880,2011-11-17,0.5,0.521,0.499,0.503
510880,2011-11-18,0.482,0.517,0.462,0.467
510880,2011-11-21,0.465,0.474,0.457,0.467
510880,2011-11-22,0.462,0.467,0.45,0.464
510880,2011-11-23,0.458,0.474,0.444,0.449
510880,2011-11-24,0.448,0.457,0.432,0.443
510880,2011-11-25,0.447,0.455,0.427,0.438
510880,2011-11-28,0.438,0.456,0.43,0.442
510880,2011-11-29,0.454,0.469,0.444,0.467
510880,2011-11-30,0.466,0.466,0.397,0.407
510880,2011-12-01,0.457,0.472,0.437,0.443
510880,2011-12-02,0.438,0.441,0.413,0.423
510880,2011-12-05,0.418,0.418,0.405,0.405
510880,2011-12-06,0.407,0.413,0.398,0.412
510880,2011-12-07,0.411,0.419,0.398,0.412
510880,2011-12-08,0.408,0.425,0.394,0.412
510880,2011-12-09,0.41,0.412,0.398,0.405
510880,2011-12-12,0.399,0.405,0.389,0.39
510880,2011-12-13,0.387,0.39,0.364,0.366
510880,2011-12-14,0.36,0.374,0.348,0.355
510880,2011-12-15,0.353,0.353,0.323,0.323
510880,2011-12-16,0.325,0.351,0.306,0.349
510880,2011-12-19,0.345,0.345,0.301,0.337
510880,2011-12-20,0.328,0.352,0.327,0.332
510880,2011-12-21,0.345,0.347,0.309,0.309
510880,2011-12-22,0.306,0.326,0.287,0.312
510880,2011-12-23,0.312,0.334,0.312,0.326
510880,2011-12-26,0.325,0.335,0.314,0.315
510880,2011-12-27,0.32,0.322,0.305,0.309
510880,2011-12-28,0.303,0.307,0.287,0.307
510880,2011-12-29,0.3,0.313,0.3,0.31
510880,2011-12-30,0.31,0.332,0.31,0.323
510880,2012-01-04,0.334,0.34,0.305,0.305
510880,2012-01-05,0.288,0.326,0.288,0.299
510880,2012-01-06,0.292,0.314,0.292,0.312
510880,2012-01-09,0.323,0.362,0.304,0.362
510880,2012-01-10,0.357,0.408,0.349,0.407
510880,2012-01-11,0.422,0.422,0.39,0.394
510880,2012-01-12,0.385,0.41,0.382,0.4
510880,2012-01-13,0.394,0.401,0.368,0.379
510880,2012-01-16,0.386,0.386,0.361,0.362
510880,2012-01-17,0.363,0.433,0.349,0.433
510880,2012-01-18,0.434,0.441,0.404,0.408
510880,2012-01-19,0.405,0.449,0.405,0.44
510880,2012-01-20,0.447,0.467,0.433,0.461
510880,2012-01-30,0.467,0.467,0.427,0.428
510880,2012-01-31,0.432,0.433,0.42,0.431
510880,2012-02-01,0.417,0.434,0.405,0.407
510880,2012-02-02,0.405,0.445,0.405,0.442
510880,2012-02-03,0.442,0.464,0.427,0.455
510880,2012-02-06,0.456,0.466,0.445,0.453
510880,2012-02-07,0.447,0.447,0.41,0.422
510880,2012-02-08,0.42,0.473,0.417,0.464
510880,2012-02-09,0.457,0.47,0.45,0.464
510880,2012-02-10,0.464,0.479,0.451,0.457
510880,2012-02-13,0.454,0.465,0.439,0.45
510880,2012-02-14,0.45,0.451,0.435,0.447
510880,2012-02-15,0.449,0.471,0.435,0.457
510880,2012-02-16,0.459,0.466,0.445,0.457
510880,2012-02-17,0.46,0.467,0.45,0.458
510880,2012-02-20,0.471,0.48,0.456,0.456
510880,2012-02-21,0.456,0.47,0.447,0.469
510880,2012-02-22,0.466,0.489,0.464,0.488
510880,2012-02-23,0.489,0.499,0.485,0.489
510880,2012-02-24,0.492,0.519,0.488,0.518
510880,2012-02-27,0.52,0.546,0.52,0.53
510880,2012-02-28,0.527,0.538,0.522,0.537
510880,2012-02-29,0.537,0.537,0.506,0.508
510880,2012-03-01,0.507,0.523,0.502,0.516
510880,2012-03-02,0.516,0.537,0.516,0.537
510880,2012-03-05,0.538,0.547,0.523,0.527
510880,2012-03-06,0.521,0.525,0.493,0.498
510880,2012-03-07,0.49,0.496,0.481,0.482
510880,2012-03-08,0.486,0.507,0.486,0.499
510880,2012-03-09,0.507,0.516,0.496,0.512
510880,2012-03-12,0.51,0.521,0.492,0.502
510880,2012-03-13,0.504,0.52,0.496,0.519
510880,2012-03-14,0.523,0.533,0.476,0.477
510880,2012-03-15,0.479,0.483,0.453,0.46
510880,2012-03-16,0.46,0.481,0.46,0.477
510880,2012-03-19,0.477,0.486,0.467,0.48
510880,2012-03-20,0.477,0.482,0.461,0.465
510880,2012-03-21,0.46,0.476,0.452,0.46
510880,2012-03-22,0.457,0.469,0.451,0.464
510880,2012-03-23,0.457,0.457,0.442,0.445
510880,2012-03-26,0.445,0.451,0.442,0.449
510880,2012-03-27,0.45,0.457,0.444,0.447
510880,2012-03-28,0.444,0.445,0.402,0.41
510880,2012-03-29,0.408,0.408,0.384,0.387
510880,2012-03-30,0.387,0.405,0.387,0.395
510880,2012-04-05,0.396,0.434,0.389,0.433
510880,2012-04-06,0.423,0.434,0.423,0.427
510880,2012-04-09,0.422,0.427,0.399,0.415
510880,2012-04-10,0.408,0.429,0.398,0.427
510880,2012-04-11,0.423,0.437,0.415,0.425
510880,2012-04-12,0.427,0.466,0.427,0.464
510880,2012-04-13,0.466,0.482,0.461,0.476
510880,2012-04-16,0.471,0.475,0.458,0.47
510880,2012-04-17,0.467,0.471,0.448,0.449
510880,2012-04-18,0.455,0.487,0.45,0.485
510880,2012-04-19,0.486,0.49,0.477,0.487
510880,2012-04-20,0.481,0.512,0.481,0.509
510880,2012-04-23,0.507,0.512,0.497,0.497
510880,2012-04-24,0.49,0.526,0.477,0.502
510880,2012-04-25,0.501,0.513,0.488,0.509
510880,2012-04-26,0.51,0.516,0.5,0.505
510880,2012-04-27,0.505,0.51,0.499,0.505
510880,2012-05-02,0.523,0.544,0.517,0.532
510880,2012-05-03,0.532,0.536,0.525,0.534
510880,2012-05-04,0.536,0.545,0.525,0.544
510880,2012-05-07,0.539,0.545,0.533,0.542
510880,2012-05-08,0.54,0.543,0.526,0.531
510880,2012-05-09,0.526,0.526,0.501,0.502
510880,2012-05-10,0.499,0.509,0.499,0.5
510880,2012-05-11,0.498,0.513,0.487,0.487
510880,2012-05-14,0.5,0.509,0.478,0.478
510880,2012-05-15,0.475,0.476,0.459,0.476
510880,2012-05-16,0.474,0.474,0.443,0.447
510880,2012-05-17,0.445,0.478,0.445,0.473
510880,2012-05-18,0.466,0.466,0.447,0.456
510880,2012-05-21,0.45,0.464,0.448,0.46
510880,2012-05-22,0.467,0.48,0.46,0.478
510880,2012-05-23,0.476,0.481,0.457,0.467
510880,2012-05-24,0.473,0.477,0.458,0.473
510880,2012-05-25,0.466,0.471,0.437,0.446
510880,2012-05-28,0.447,0.469,0.435,0.468
510880,2012-05-29,0.467,0.497,0.459,0.496
510880,2012-05-30,0.495,0.495,0.48,0.482
510880,2012-05-31,0.478,0.485,0.469,0.477
510880,2012-06-01,0.478,0.485,0.471,0.477
510880,2012-06-04,0.462,0.462,0.426,0.433
510880,2012-06-05,0.428,0.442,0.425,0.428
510880,2012-06-06,0.435,0.436,0.407,0.421
510880,2012-06-07,0.434,0.445,0.412,0.417
510880,2012-06-08,0.433,0.433,0.403,0.407
510880,2012-06-11,0.412,0.432,0.406,0.43
510880,2012-06-12,0.423,0.423,0.398,0.406
510880,2012-06-13,0.408,0.431,0.404,0.43
510880,2012-06-14,0.419,0.43,0.415,0.415
510880,2012-06-15,0.424,0.433,0.415,0.428
510880,2012-06-18,0.431,0.446,0.43,0.436
510880,2012-06-19,0.43,0.434,0.425,0.426
510880,2012-06-20,0.427,0.433,0.422,0.426
510880,2012-06-21,0.427,0.427,0.388,0.391
510880,2012-06-25,0.385,0.389,0.365,0.371
510880,2012-06-26,0.369,0.369,0.352,0.365
510880,2012-06-27,0.363,0.371,0.357,0.358
510880,2012-06-28,0.361,0.367,0.348,0.348
510880,2012-06-29,0.349,0.366,0.339,0.365
510880,2012-07-02,0.373,0.373,0.348,0.357
510880,2012-07-03,0.357,0.374,0.356,0.366
510880,2012-07-04,0.366,0.37,0.357,0.364
510880,2012-07-05,0.36,0.36,0.339,0.351
510880,2012-07-06,0.364,0.365,0.337,0.361
510880,2012-07-09,0.352,0.354,0.319,0.326
510880,2012-07-10,0.321,0.326,0.316,0.323
510880,2012-07-11,0.321,0.331,0.317,0.331
510880,2012-07-12,0.332,0.35,0.317,0.345
510880,2012-07-13,0.345,0.353,0.338,0.342
510880,2012-07-16,0.344,0.346,0.319,0.321
510880,2012-07-17,0.321,0.337,0.321,0.334
510880,2012-07-18,0.335,0.344,0.323,0.342
510880,2012-07-19,0.346,0.366,0.34,0.349
510880,2012-07-20,0.355,0.355,0.332,0.334
510880,2012-07-23,0.325,0.325,0.303,0.308
510880,2012-07-24,0.305,0.313,0.297,0.31
510880,2012-07-25,0.307,0.311,0.3,0.306
510880,2012-07-26,0.302,0.305,0.292,0.294
510880,2012-07-27,0.3,0.309,0.297,0.302
510880,2012-07-30,0.313,0.313,0.298,0.299
510880,2012-07-31,0.299,0.306,0.299,0.303
510880,2012-08-01,0.305,0.319,0.303,0.311
510880,2012-08-02,0.311,0.316,0.301,0.304
510880,2012-08-03,0.307,0.315,0.303,0.315
510880,2012-08-06,0.318,0.333,0.315,0.331
510880,2012-08-07,0.325,0.332,0.323,0.329
510880,2012-08-08,0.332,0.34,0.329,0.332
510880,2012-08-09,0.334,0.34,0.32,0.34
510880,2012-08-10,0.339,0.345,0.332,0.336
510880,2012-08-13,0.337,0.337,0.297,0.302
510880,2012-08-14,0.299,0.313,0.289,0.299
510880,2012-08-15,0.297,0.297,0.281,0.282
510880,2012-08-16,0.282,0.286,0.277,0.281
510880,2012-08-17,0.279,0.288,0.271,0.277
510880,2012-08-20,0.272,0.276,0.261,0.269
510880,2012-08-21,0.267,0.282,0.264,0.278
510880,2012-08-22,0.273,0.279,0.262,0.266
510880,2012-08-23,0.262,0.278,0.262,0.271
510880,2012-08-24,0.268,0.269,0.257,0.257
510880,2012-08-27,0.256,0.256,0.227,0.228
510880,2012-08-28,0.229,0.246,0.227,0.24
510880,2012-08-29,0.237,0.245,0.23,0.231
510880,2012-08-30,0.229,0.243,0.225,0.24
510880,2012-08-31,0.24,0.243,0.235,0.238
510880,2012-09-03,0.246,0.247,0.231,0.246
510880,2012-09-04,0.246,0.247,0.223,0.229
510880,2012-09-05,0.229,0.229,0.214,0.22
510880,2012-09-06,0.22,0.229,0.215,0.223
510880,2012-09-07,0.232,0.307,0.232,0.29
510880,2012-09-10,0.3,0.3,0.285,0.293
510880,2012-09-11,0.294,0.294,0.27,0.276
510880,2012-09-12,0.286,0.291,0.269,0.279
510880,2012-09-13,0.277,0.284,0.272,0.273
510880,2012-09-14,0.277,0.295,0.275,0.285
510880,2012-09-17,0.284,0.284,0.254,0.254
510880,2012-09-18,0.251,0.251,0.23,0.23
510880,2012-09-19,0.235,0.243,0.23,0.234
510880,2012-09-20,0.233,0.233,0.211,0.212
510880,2012-09-21,0.208,0.22,0.207,0.217
510880,2012-09-24,0.192,0.22,0.192,0.212
510880,2012-09-25,0.21,0.219,0.207,0.214
510880,2012-09-26,0.209,0.217,0.203,0.205
510880,2012-09-27,0.205,0.267,0.2,0.242
510880,2012-09-28,0.239,0.277,0.236,0.274
510880,2012-10-08,0.273,0.286,0.253,0.264
510880,2012-10-09,0.263,0.3,0.263,0.289
510880,2012-10-10,0.289,0.291,0.281,0.288
510880,2012-10-11,0.291,0.291,0.278,0.278
510880,2012-10-12,0.286,0.296,0.275,0.285
510880,2012-10-15,0.277,0.284,0.269,0.274
510880,2012-10-16,0.282,0.286,0.271,0.28
510880,2012-10-17,0.281,0.289,0.27,0.281
510880,2012-10-18,0.285,0.304,0.284,0.298
510880,2012-10-19,0.288,0.302,0.288,0.297
510880,2012-10-22,0.291,0.308,0.287,0.307
510880,2012-10-23,0.308,0.308,0.287,0.287
510880,2012-10-24,0.283,0.292,0.28,0.282
510880,2012-10-25,0.282,0.291,0.275,0.275
510880,2012-10-26,0.277,0.277,0.243,0.248
510880,2012-10-29,0.242,0.25,0.238,0.24
510880,2012-10-30,0.237,0.252,0.235,0.243
510880,2012-10-31,0.246,0.247,0.235,0.245
510880,2012-11-01,0.247,0.281,0.247,0.276
510880,2012-11-02,0.277,0.291,0.273,0.289
510880,2012-11-05,0.286,0.296,0.286,0.29
510880,2012-11-06,0.295,0.295,0.262,0.281
510880,2012-11-07,0.283,0.287,0.269,0.281
510880,2012-11-08,0.275,0.275,0.258,0.261
510880,2012-11-09,0.257,0.26,0.247,0.249
510880,2012-11-12,0.25,0.263,0.249,0.262
510880,2012-11-13,0.262,0.262,0.235,0.236
510880,2012-11-14,0.236,0.247,0.236,0.244
510880,2012-11-15,0.243,0.244,0.229,0.231
510880,2012-11-16,0.23,0.23,0.208,0.209
510880,2012-11-19,0.21,0.224,0.205,0.224
510880,2012-11-20,0.224,0.226,0.207,0.208
510880,2012-11-21,0.214,0.229,0.207,0.228
510880,2012-11-22,0.227,0.227,0.215,0.219
510880,2012-11-23,0.217,0.237,0.217,0.231
510880,2012-11-26,0.231,0.231,0.219,0.227
510880,2012-11-27,0.219,0.222,0.214,0.215
510880,2012-11-28,0.213,0.213,0.202,0.204
510880,2012-11-29,0.207,0.209,0.197,0.198
510880,2012-11-30,0.197,0.203,0.184,0.202
510880,2012-12-03,0.197,0.207,0.189,0.189
510880,2012-12-04,0.192,0.202,0.185,0.2
510880,2012-12-05,0.2,0.262,0.195,0.257
510880,2012-12-06,0.256,0.259,0.249,0.255
510880,2012-12-07,0.252,0.291,0.25,0.29
510880,2012-12-10,0.29,0.307,0.29,0.302
510880,2012-12-11,0.302,0.308,0.293,0.296
510880,2012-12-12,0.296,0.304,0.292,0.298
510880,2012-12-13,0.293,0.297,0.281,0.282
510880,2012-12-14,0.279,0.37,0.279,0.369
510880,2012-12-17,0.363,0.39,0.363,0.383
510880,2012-12-18,0.388,0.408,0.374,0.388
510880,2012-12-19,0.384,0.395,0.378,0.384
510880,2012-12-20,0.382,0.4,0.372,0.396
510880,2012-12-21,0.4,0.407,0.378,0.38
510880,2012-12-24,0.378,0.396,0.378,0.384
510880,2012-12-25,0.375,0.444,0.372,0.436
510880,2012-12-26,0.438,0.444,0.428,0.435
510880,2012-12-27,0.436,0.452,0.426,0.429
510880,2012-12-28,0.426,0.464,0.426,0.462
510880,2012-12-31,0.458,0.488,0.458,0.488
510880,2013-01-04,0.49,0.526,0.485,0.497
510880,2013-01-07,0.483,0.527,0.483,0.515
510880,2013-01-08,0.511,0.518,0.486,0.499
510880,2013-01-09,0.496,0.498,0.481,0.488
510880,2013-01-10,0.487,0.511,0.487,0.495
510880,2013-01-11,0.493,0.5,0.45,0.456
510880,2013-01-14,0.451,0.541,0.45,0.537
510880,2013-01-15,0.537,0.546,0.526,0.539
510880,2013-01-16,0.538,0.54,0.493,0.512
510880,2013-01-17,0.509,0.512,0.487,0.5
510880,2013-01-18,0.499,0.543,0.499,0.532
510880,2013-01-21,0.533,0.551,0.524,0.551
510880,2013-01-22,0.551,0.578,0.534,0.554
510880,2013-01-23,0.549,0.568,0.539,0.567
510880,2013-01-24,0.558,0.621,0.548,0.563
510880,2013-01-25,0.559,0.567,0.55,0.554
510880,2013-01-28,0.548,0.626,0.548,0.626
510880,2013-01-29,0.622,0.674,0.62,0.657
510880,2013-01-30,0.663,0.671,0.645,0.667
510880,2013-01-31,0.671,0.679,0.659,0.676
510880,2013-02-01,0.669,0.741,0.664,0.74
510880,2013-02-04,0.742,0.788,0.74,0.75
510880,2013-02-05,0.738,0.757,0.721,0.748
510880,2013-02-06,0.744,0.763,0.742,0.751
510880,2013-02-07,0.747,0.749,0.679,0.711
510880,2013-02-08,0.711,0.729,0.686,0.706
510880,2013-02-18,0.708,0.718,0.684,0.688
510880,2013-02-19,0.679,0.688,0.656,0.658
510880,2013-02-20,0.658,0.664,0.623,0.649
510880,2013-02-21,0.648,0.648,0.556,0.569
510880,2013-02-22,0.563,0.577,0.54,0.543
510880,2013-02-25,0.545,0.577,0.545,0.564
510880,2013-02-26,0.562,0.595,0.542,0.542
510880,2013-02-27,0.543,0.583,0.543,0.566
510880,2013-02-28,0.575,0.633,0.568,0.632
510880,2013-03-01,0.633,0.642,0.592,0.625
510880,2013-03-04,0.61,0.61,0.514,0.523
510880,2013-03-05,0.523,0.615,0.523,0.607
510880,2013-03-06,0.614,0.646,0.603,0.636
510880,2013-03-07,0.627,0.643,0.585,0.608
510880,2013-03-08,0.609,0.623,0.594,0.603
510880,2013-03-11,0.603,0.603,0.569,0.582
510880,2013-03-12,0.583,0.598,0.531,0.547
510880,2013-03-13,0.548,0.558,0.523,0.533
510880,2013-03-14,0.526,0.545,0.518,0.534
510880,2013-03-15,0.536,0.592,0.516,0.554
510880,2013-03-18,0.538,0.553,0.52,0.523
510880,2013-03-19,0.521,0.543,0.516,0.539
510880,2013-03-20,0.54,0.617,0.54,0.616
510880,2013-03-21,0.622,0.627,0.606,0.612
510880,2013-03-22,0.616,0.626,0.606,0.619
510880,2013-03-25,0.626,0.641,0.61,0.614
510880,2013-03-26,0.608,0.608,0.557,0.573
510880,2013-03-27,0.572,0.602,0.566,0.58
510880,2013-03-28,0.566,0.566,0.481,0.49
510880,2013-03-29,0.491,0.5,0.48,0.49
510880,2013-04-01,0.49,0.501,0.487,0.49
510880,2013-04-02,0.498,0.508,0.478,0.489
510880,2013-04-03,0.492,0.511,0.488,0.496
510880,2013-04-08,0.467,0.485,0.46,0.482
510880,2013-04-09,0.488,0.507,0.487,0.494
510880,2013-04-10,0.494,0.495,0.473,0.481
510880,2013-04-11,0.496,0.502,0.48,0.48
510880,2013-04-12,0.485,0.487,0.469,0.473
510880,2013-04-15,0.473,0.473,0.453,0.455
510880,2013-04-16,0.451,0.459,0.429,0.458
510880,2013-04-17,0.458,0.458,0.426,0.443
510880,2013-04-18,0.439,0.451,0.415,0.45
510880,2013-04-19,0.447,0.528,0.447,0.516
510880,2013-04-22,0.509,0.527,0.507,0.522
510880,2013-04-23,0.519,0.526,0.439,0.466
510880,2013-04-24,0.465,0.512,0.461,0.498
510880,2013-04-25,0.496,0.499,0.468,0.477
510880,2013-04-26,0.478,0.493,0.468,0.472
510880,2013-05-02,0.464,0.474,0.452,0.474
510880,2013-05-03,0.474,0.535,0.474,0.508
510880,2013-05-06,0.52,0.536,0.513,0.524
510880,2013-05-07,0.523,0.531,0.511,0.52
510880,2013-05-08,0.533,0.546,0.519,0.525
510880,2013-05-09,0.528,0.528,0.506,0.516
510880,2013-05-10,0.514,0.533,0.509,0.528
510880,2013-05-13,0.527,0.532,0.513,0.52
510880,2013-05-14,0.52,0.52,0.499,0.503
510880,2013-05-15,0.503,0.517,0.503,0.516
510880,2013-05-16,0.513,0.544,0.499,0.542
510880,2013-05-17,0.542,0.57,0.536,0.567
510880,2013-05-20,0.567,0.604,0.567,0.585
510880,2013-05-21,0.583,0.588,0.568,0.574
510880,2013-05-22,0.574,0.585,0.539,0.581
510880,2013-05-23,0.568,0.575,0.545,0.549
510880,2013-05-24,0.549,0.563,0.54,0.55
510880,2013-05-27,0.55,0.562,0.543,0.55
510880,2013-05-28,0.552,0.584,0.541,0.582
510880,2013-05-29,0.583,0.596,0.58,0.58
510880,2013-05-30,0.576,0.582,0.569,0.572
510880,2013-05-31,0.571,0.581,0.559,0.559
510880,2013-06-03,0.562,0.575,0.555,0.558
510880,2013-06-04,0.552,0.558,0.542,0.546
510880,2013-06-05,0.548,0.548,0.519,0.528
510880,2013-06-06,0.527,0.527,0.505,0.508
510880,2013-06-07,0.507,0.518,0.48,0.487
510880,2013-06-13,0.484,0.484,0.399,0.422
510880,2013-06-14,0.424,0.435,0.422,0.428
510880,2013-06-17,0.433,0.438,0.414,0.415
510880,2013-06-18,0.419,0.433,0.415,0.426
510880,2013-06-19,0.419,0.419,0.386,0.405
510880,2013-06-20,0.397,0.397,0.346,0.353
510880,2013-06-21,0.35,0.352,0.312,0.349
510880,2013-06-24,0.343,0.343,0.238,0.25
510880,2013-06-25,0.252,0.252,0.112,0.228
510880,2013-06-26,0.236,0.241,0.196,0.207
510880,2013-06-27,0.213,0.244,0.21,0.225
510880,2013-06-28,0.221,0.287,0.211,0.283
510880,2013-07-01,0.278,0.283,0.257,0.282
510880,2013-07-02,0.283,0.283,0.26,0.278
510880,2013-07-03,0.263,0.267,0.241,0.262
510880,2013-07-04,0.258,0.295,0.246,0.276
510880,2013-07-05,0.273,0.286,0.268,0.274
510880,2013-07-08,0.259,0.266,0.243,0.249
510880,2013-07-09,0.249,0.261,0.245,0.258
510880,2013-07-10,0.26,0.293,0.256,0.292
510880,2013-07-11,0.296,0.411,0.296,0.393
510880,2013-07-12,0.387,0.397,0.34,0.346
510880,2013-07-15,0.344,0.381,0.341,0.357
510880,2013-07-16,0.354,0.36,0.333,0.359
510880,2013-07-17,0.353,0.365,0.338,0.338
510880,2013-07-18,0.338,0.338,0.298,0.298
510880,2013-07-19,0.312,0.312,0.266,0.268
510880,2013-07-22,0.261,0.27,0.243,0.27
510880,2013-07-23,0.271,0.323,0.259,0.305
510880,2013-07-24,0.301,0.301,0.263,0.284
510880,2013-07-25,0.29,0.295,0.271,0.275
510880,2013-07-26,0.269,0.279,0.26,0.275
510880,2013-07-29,0.263,0.263,0.227,0.232
510880,2013-07-30,0.238,0.278,0.231,0.251
510880,2013-07-31,0.258,0.288,0.253,0.256
510880,2013-08-01,0.256,0.288,0.253,0.285
510880,2013-08-02,0.285,0.304,0.278,0.28
510880,2013-08-05,0.293,0.297,0.276,0.294
510880,2013-08-06,0.293,0.308,0.28,0.303
510880,2013-08-07,0.303,0.315,0.289,0.292
510880,2013-08-08,0.288,0.302,0.283,0.286
510880,2013-08-09,0.291,0.303,0.272,0.284
510880,2013-08-12,0.284,0.349,0.284,0.348
510880,2013-08-13,0.347,0.367,0.335,0.362
510880,2013-08-14,0.363,0.393,0.354,0.358
510880,2013-08-15,0.358,0.378,0.352,0.352
510880,2013-08-16,0.347,0.438,0.328,0.349
510880,2013-08-19,0.334,0.374,0.334,0.365
510880,2013-08-20,0.359,0.394,0.351,0.362
510880,2013-08-21,0.362,0.367,0.338,0.35
510880,2013-08-22,0.348,0.378,0.344,0.349
510880,2013-08-23,0.351,0.367,0.306,0.331
510880,2013-08-26,0.332,0.365,0.329,0.363
510880,2013-08-27,0.361,0.373,0.352,0.364
510880,2013-08-28,0.358,0.365,0.339,0.355
510880,2013-08-29,0.355,0.365,0.347,0.353
510880,2013-08-30,0.353,0.364,0.34,0.352
510880,2013-09-02,0.358,0.367,0.347,0.356
510880,2013-09-03,0.363,0.386,0.359,0.384
510880,2013-09-04,0.375,0.391,0.375,0.383
510880,2013-09-05,0.383,0.39,0.379,0.381
510880,2013-09-06,0.38,0.403,0.379,0.394
510880,2013-09-09,0.404,0.506,0.404,0.5
510880,2013-09-10,0.504,0.514,0.484,0.512
510880,2013-09-11,0.512,0.543,0.512,0.519
510880,2013-09-12,0.519,0.58,0.503,0.549
510880,2013-09-13,0.548,0.548,0.507,0.517
510880,2013-09-16,0.518,0.531,0.493,0.506
510880,2013-09-17,0.513,0.523,0.476,0.477
510880,2013-09-18,0.477,0.486,0.458,0.477
510880,2013-09-23,0.483,0.495,0.469,0.485
510880,2013-09-24,0.485,0.485,0.433,0.442
510880,2013-09-25,0.445,0.456,0.431,0.438
510880,2013-09-26,0.437,0.437,0.398,0.407
510880,2013-09-27,0.406,0.415,0.397,0.403
510880,2013-09-30,0.405,0.42,0.405,0.418
510880,2013-10-08,0.408,0.438,0.393,0.43
510880,2013-10-09,0.428,0.445,0.421,0.438
510880,2013-10-10,0.439,0.443,0.407,0.409
510880,2013-10-11,0.413,0.445,0.409,0.438
510880,2013-10-14,0.438,0.444,0.429,0.433
510880,2013-10-15,0.437,0.437,0.41,0.418
510880,2013-10-16,0.417,0.417,0.391,0.394
510880,2013-10-17,0.4,0.407,0.39,0.393
510880,2013-10-18,0.398,0.407,0.391,0.397
510880,2013-10-21,0.399,0.419,0.388,0.417
510880,2013-10-22,0.417,0.417,0.397,0.399
510880,2013-10-23,0.405,0.435,0.397,0.402
510880,2013-10-24,0.4,0.4,0.378,0.379
510880,2013-10-25,0.379,0.395,0.363,0.368
510880,2013-10-28,0.387,0.388,0.361,0.368
510880,2013-10-29,0.369,0.421,0.369,0.39
510880,2013-10-30,0.393,0.419,0.391,0.416
510880,2013-10-31,0.422,0.422,0.394,0.397
510880,2013-11-01,0.398,0.421,0.395,0.412
510880,2013-11-04,0.418,0.426,0.406,0.41
510880,2013-11-05,0.404,0.404,0.377,0.399
510880,2013-11-06,0.399,0.399,0.378,0.379
510880,2013-11-07,0.379,0.385,0.373,0.379
510880,2013-11-08,0.378,0.384,0.36,0.365
510880,2013-11-11,0.356,0.365,0.352,0.358
510880,2013-11-12,0.363,0.378,0.356,0.376
510880,2013-11-13,0.372,0.372,0.331,0.333
510880,2013-11-14,0.333,0.341,0.315,0.325
510880,2013-11-15,0.321,0.374,0.321,0.356
510880,2013-11-18,0.361,0.429,0.358,0.429
510880,2013-11-19,0.429,0.429,0.398,0.418
510880,2013-11-20,0.423,0.427,0.402,0.415
510880,2013-11-21,0.409,0.412,0.388,0.41
510880,2013-11-22,0.414,0.416,0.402,0.403
510880,2013-11-25,0.402,0.414,0.391,0.395
510880,2013-11-26,0.393,0.403,0.386,0.388
510880,2013-11-27,0.386,0.417,0.385,0.4
510880,2013-11-28,0.404,0.429,0.403,0.413
510880,2013-11-29,0.415,0.421,0.412,0.412
510880,2013-12-02,0.416,0.448,0.409,0.435
510880,2013-12-03,0.427,0.446,0.423,0.443
510880,2013-12-04,0.428,0.462,0.428,0.451
510880,2013-12-05,0.448,0.452,0.441,0.447
510880,2013-12-06,0.44,0.443,0.427,0.433
510880,2013-12-09,0.431,0.442,0.43,0.433
510880,2013-12-10,0.437,0.441,0.431,0.436
510880,2013-12-11,0.432,0.432,0.398,0.406
510880,2013-12-12,0.403,0.408,0.398,0.398
510880,2013-12-13,0.395,0.396,0.381,0.387
510880,2013-12-16,0.387,0.388,0.367,0.368
510880,2013-12-17,0.367,0.374,0.358,0.362
510880,2013-12-18,0.358,0.365,0.357,0.357
510880,2013-12-19,0.361,0.366,0.338,0.339
510880,2013-12-20,0.339,0.345,0.308,0.312
510880,2013-12-23,0.314,0.318,0.301,0.311
510880,2013-12-24,0.31,0.324,0.301,0.306
510880,2013-12-25,0.306,0.317,0.303,0.316
510880,2013-12-26,0.31,0.317,0.286,0.286
510880,2013-12-27,0.286,0.325,0.286,0.313
510880,2013-12-30,0.314,0.326,0.309,0.313
510880,2013-12-31,0.315,0.333,0.308,0.329
510880,2014-01-02,0.326,0.326,0.315,0.318
510880,2014-01-03,0.311,0.312,0.292,0.295
510880,2014-01-06,0.295,0.295,0.256,0.26
510880,2014-01-07,0.258,0.27,0.244,0.259
510880,2014-01-08,0.259,0.278,0.25,0.26
510880,2014-01-09,0.261,0.266,0.246,0.248
510880,2014-01-10,0.241,0.25,0.237,0.244
510880,2014-01-13,0.244,0.253,0.236,0.241
510880,2014-01-14,0.241,0.252,0.236,0.25
510880,2014-01-15,0.25,0.253,0.239,0.251
510880,2014-01-16,0.251,0.258,0.239,0.252
510880,2014-01-17,0.252,0.252,0.233,0.237
510880,2014-01-20,0.234,0.243,0.218,0.227
510880,2014-01-21,0.256,0.256,0.227,0.228
510880,2014-01-22,0.228,0.262,0.228,0.261
510880,2014-01-23,0.262,0.264,0.253,0.257
510880,2014-01-24,0.255,0.272,0.253,0.267
510880,2014-01-27,0.263,0.264,0.251,0.256
510880,2014-01-28,0.257,0.268,0.251,0.256
510880,2014-01-29,0.259,0.277,0.258,0.269
510880,2014-01-30,0.267,0.269,0.257,0.258
510880,2014-02-07,0.257,0.262,0.244,0.26
510880,2014-02-10,0.266,0.298,0.262,0.295
510880,2014-02-11,0.295,0.316,0.288,0.312
510880,2014-02-12,0.309,0.318,0.307,0.315
510880,2014-02-13,0.314,0.33,0.308,0.315
510880,2014-02-14,0.313,0.329,0.312,0.329
510880,2014-02-17,0.33,0.337,0.322,0.332
510880,2014-02-18,0.333,0.333,0.314,0.316
510880,2014-02-19,0.316,0.344,0.313,0.331
510880,2014-02-20,0.333,0.365,0.333,0.343
510880,2014-02-21,0.335,0.341,0.311,0.324
510880,2014-02-24,0.315,0.315,0.281,0.295
510880,2014-02-25,0.295,0.302,0.252,0.263
510880,2014-02-26,0.26,0.264,0.244,0.262
510880,2014-02-27,0.262,0.292,0.262,0.273
510880,2014-02-28,0.269,0.283,0.254,0.283
510880,2014-03-03,0.28,0.296,0.269,0.288
510880,2014-03-04,0.286,0.286,0.267,0.278
510880,2014-03-05,0.278,0.282,0.27,0.271
510880,2014-03-06,0.268,0.274,0.253,0.271
510880,2014-03-07,0.269,0.279,0.262,0.266
510880,2014-03-10,0.258,0.263,0.215,0.217
510880,2014-03-11,0.217,0.225,0.209,0.216
510880,2014-03-12,0.216,0.235,0.207,0.217
510880,2014-03-13,0.22,0.249,0.22,0.24
510880,2014-03-14,0.233,0.244,0.23,0.237
510880,2014-03-17,0.24,0.252,0.233,0.252
510880,2014-03-18,0.252,0.262,0.24,0.252
510880,2014-03-19,0.249,0.249,0.235,0.244
510880,2014-03-20,0.238,0.257,0.228,0.228
510880,2014-03-21,0.229,0.268,0.214,0.264
510880,2014-03-24,0.265,0.287,0.257,0.277
510880,2014-03-25,0.28,0.295,0.274,0.282
510880,2014-03-26,0.281,0.286,0.271,0.277
510880,2014-03-27,0.277,0.283,0.249,0.269
510880,2014-03-28,0.268,0.274,0.253,0.262
510880,2014-03-31,0.261,0.265,0.25,0.254
510880,2014-04-01,0.257,0.269,0.256,0.266
510880,2014-04-02,0.263,0.281,0.263,0.276
510880,2014-04-03,0.277,0.283,0.259,0.262
510880,2014-04-04,0.258,0.27,0.253,0.268
510880,2014-04-08,0.269,0.309,0.263,0.302
510880,2014-04-09,0.305,0.313,0.302,0.305
510880,2014-04-10,0.312,0.34,0.298,0.329
510880,2014-04-11,0.33,0.337,0.322,0.333
510880,2014-04-14,0.331,0.342,0.317,0.327
510880,2014-04-15,0.326,0.326,0.303,0.306
510880,2014-04-16,0.305,0.311,0.298,0.305
510880,2014-04-17,0.304,0.31,0.297,0.3
510880,2014-04-18,0.297,0.308,0.287,0.3
510880,2014-04-21,0.292,0.302,0.279,0.28
510880,2014-04-22,0.278,0.285,0.268,0.284
510880,2014-04-23,0.282,0.284,0.275,0.281
510880,2014-04-24,0.281,0.287,0.276,0.28
510880,2014-04-25,0.28,0.285,0.268,0.27
510880,2014-04-28,0.269,0.269,0.247,0.248
510880,2014-04-29,0.249,0.261,0.248,0.26
510880,2014-04-30,0.26,0.273,0.256,0.267
510880,2014-05-05,0.264,0.271,0.253,0.267
510880,2014-05-06,0.264,0.276,0.264,0.271
510880,2014-05-07,0.27,0.27,0.259,0.261
510880,2014-05-08,0.257,0.276,0.257,0.261
510880,2014-05-09,0.261,0.264,0.248,0.254
510880,2014-05-12,0.259,0.287,0.257,0.285
510880,2014-05-13,0.285,0.287,0.275,0.282
510880,2014-05-14,0.279,0.284,0.275,0.281
510880,2014-05-15,0.281,0.281,0.265,0.266
510880,2014-05-16,0.265,0.268,0.258,0.265
510880,2014-05-19,0.26,0.26,0.248,0.255
510880,2014-05-20,0.254,0.261,0.25,0.252
510880,2014-05-21,0.252,0.267,0.242,0.267
510880,2014-05-22,0.264,0.278,0.256,0.261
510880,2014-05-23,0.261,0.271,0.257,0.271
510880,2014-05-26,0.273,0.282,0.273,0.28
510880,2014-05-27,0.276,0.284,0.276,0.281
510880,2014-05-28,0.281,0.29,0.276,0.289
510880,2014-05-29,0.287,0.289,0.275,0.277
510880,2014-05-30,0.274,0.281,0.268,0.276
510880,2014-06-03,0.276,0.28,0.27,0.271
510880,2014-06-04,0.27,0.271,0.255,0.259
510880,2014-06-05,0.257,0.271,0.256,0.271
510880,2014-06-06,0.27,0.27,0.258,0.261
510880,2014-06-09,0.257,0.272,0.257,0.262
510880,2014-06-10,0.263,0.281,0.26,0.276
510880,2014-06-11,0.276,0.282,0.27,0.281
510880,2014-06-12,0.276,0.279,0.272,0.274
510880,2014-06-13,0.272,0.299,0.269,0.293
510880,2014-06-16,0.288,0.308,0.287,0.306
510880,2014-06-17,0.303,0.303,0.287,0.295
510880,2014-06-18,0.295,0.295,0.285,0.286
510880,2014-06-19,0.285,0.288,0.26,0.264
510880,2014-06-20,0.267,0.273,0.261,0.271
510880,2014-06-23,0.268,0.279,0.268,0.275
510880,2014-06-24,0.275,0.277,0.27,0.276
510880,2014-06-25,0.276,0.276,0.268,0.271
510880,2014-06-26,0.272,0.279,0.271,0.277
510880,2014-06-27,0.275,0.286,0.272,0.279
510880,2014-06-30,0.279,0.295,0.279,0.291
510880,2014-07-01,0.295,0.297,0.288,0.292
510880,2014-07-02,0.291,0.302,0.289,0.3
510880,2014-07-03,0.296,0.31,0.294,0.303
510880,2014-07-04,0.305,0.308,0.3,0.304
510880,2014-07-07,0.303,0.305,0.295,0.301
510880,2014-07-08,0.297,0.31,0.297,0.307
510880,2014-07-09,0.303,0.309,0.289,0.291
510880,2014-07-10,0.291,0.294,0.287,0.29
510880,2014-07-11,0.29,0.299,0.287,0.297
510880,2014-07-14,0.297,0.319,0.297,0.318
510880,2014-07-15,0.314,0.319,0.311,0.317
510880,2014-07-16,0.315,0.328,0.315,0.316
510880,2014-07-17,0.314,0.317,0.308,0.312
510880,2014-07-18,0.312,0.324,0.309,0.315
510880,2014-07-21,0.315,0.317,0.311,0.313
510880,2014-07-22,0.312,0.345,0.309,0.333
510880,2014-07-23,0.333,0.345,0.329,0.337
510880,2014-07-24,0.336,0.367,0.336,0.363
510880,2014-07-25,0.363,0.381,0.362,0.379
510880,2014-07-28,0.379,0.428,0.379,0.417
510880,2014-07-29,0.422,0.437,0.415,0.427
510880,2014-07-30,0.421,0.431,0.413,0.418
510880,2014-07-31,0.417,0.444,0.415,0.443
510880,2014-08-01,0.436,0.459,0.435,0.435
510880,2014-08-04,0.434,0.459,0.434,0.458
510880,2014-08-05,0.459,0.461,0.449,0.457
510880,2014-08-06,0.455,0.461,0.439,0.455
510880,2014-08-07,0.45,0.457,0.432,0.436
510880,2014-08-08,0.428,0.443,0.428,0.437
510880,2014-08-11,0.437,0.469,0.437,0.468
510880,2014-08-12,0.466,0.47,0.459,0.467
510880,2014-08-13,0.465,0.473,0.451,0.464
510880,2014-08-14,0.463,0.469,0.454,0.456
510880,2014-08-15,0.456,0.469,0.451,0.467
510880,2014-08-18,0.464,0.477,0.461,0.473
510880,2014-08-19,0.473,0.477,0.465,0.474
510880,2014-08-20,0.472,0.475,0.464,0.468
510880,2014-08-21,0.468,0.468,0.442,0.455
510880,2014-08-22,0.451,0.462,0.447,0.462
510880,2014-08-25,0.463,0.463,0.447,0.451
510880,2014-08-26,0.447,0.455,0.433,0.434
510880,2014-08-27,0.435,0.445,0.432,0.435
510880,2014-08-28,0.435,0.438,0.417,0.427
510880,2014-08-29,0.427,0.445,0.424,0.444
510880,2014-09-01,0.449,0.457,0.44,0.451
510880,2014-09-02,0.45,0.476,0.448,0.475
510880,2014-09-03,0.475,0.495,0.475,0.489
510880,2014-09-04,0.49,0.504,0.485,0.503
510880,2014-09-05,0.503,0.532,0.503,0.528
510880,2014-09-09,0.527,0.528,0.517,0.52
510880,2014-09-10,0.519,0.519,0.508,0.511
510880,2014-09-11,0.511,0.535,0.507,0.513
510880,2014-09-12,0.508,0.522,0.503,0.52
510880,2014-09-15,0.52,0.527,0.511,0.522
510880,2014-09-16,0.525,0.534,0.497,0.498
510880,2014-09-17,0.5,0.502,0.487,0.498
510880,2014-09-18,0.498,0.523,0.49,0.503
510880,2014-09-19,0.501,0.527,0.5,0.526
510880,2014-09-22,0.513,0.513,0.489,0.491
510880,2014-09-23,0.491,0.507,0.491,0.502
510880,2014-09-24,0.497,0.532,0.493,0.528
510880,2014-09-25,0.534,0.546,0.522,0.532
510880,2014-09-26,0.517,0.536,0.517,0.529
510880,2014-09-29,0.527,0.544,0.527,0.544
510880,2014-09-30,0.545,0.55,0.542,0.55
510880,2014-10-08,0.547,0.559,0.54,0.557
510880,2014-10-09,0.557,0.563,0.548,0.558
510880,2014-10-10,0.557,0.557,0.539,0.545
510880,2014-10-13,0.537,0.537,0.517,0.531
510880,2014-10-14,0.529,0.555,0.523,0.533
510880,2014-10-15,0.533,0.539,0.519,0.539
510880,2014-10-16,0.536,0.557,0.526,0.535
510880,2014-10-17,0.532,0.541,0.507,0.531
510880,2014-10-20,0.528,0.54,0.527,0.54
510880,2014-10-21,0.54,0.54,0.522,0.525
510880,2014-10-22,0.523,0.529,0.515,0.516
510880,2014-10-23,0.515,0.515,0.489,0.492
510880,2014-10-24,0.492,0.498,0.488,0.491
510880,2014-10-27,0.49,0.49,0.469,0.477
510880,2014-10-28,0.479,0.508,0.479,0.508
510880,2014-10-29,0.509,0.545,0.509,0.538
510880,2014-10-30,0.537,0.573,0.532,0.566
510880,2014-10-31,0.572,0.614,0.568,0.611
510880,2014-11-03,0.612,0.621,0.603,0.612
510880,2014-11-04,0.608,0.617,0.599,0.61
510880,2014-11-05,0.616,0.622,0.597,0.61
510880,2014-11-06,0.609,0.612,0.592,0.611
510880,2014-11-07,0.611,0.64,0.603,0.61
510880,2014-11-10,0.613,0.663,0.613,0.662
510880,2014-11-11,0.678,0.696,0.633,0.667
510880,2014-11-12,0.649,0.687,0.638,0.686
510880,2014-11-13,0.692,0.701,0.672,0.681
510880,2014-11-14,0.68,0.681,0.66,0.674
510880,2014-11-17,0.692,0.71,0.672,0.676
510880,2014-11-18,0.671,0.676,0.645,0.651
510880,2014-11-19,0.645,0.651,0.639,0.643
510880,2014-11-20,0.637,0.647,0.63,0.645
510880,2014-11-21,0.645,0.686,0.635,0.677
510880,2014-11-24,0.691,0.723,0.677,0.709
510880,2014-11-25,0.709,0.746,0.704,0.746
510880,2014-11-26,0.746,0.765,0.745,0.764
510880,2014-11-27,0.765,0.781,0.756,0.771
510880,2014-11-28,0.771,0.826,0.758,0.825
510880,2014-12-01,0.831,0.86,0.829,0.835
510880,2014-12-02,0.833,0.917,0.817,0.903
510880,2014-12-03,0.904,0.947,0.862,0.905
510880,2014-12-04,0.909,1.005,0.895,0.999
510880,2014-12-05,1.006,1.066,0.927,1.014
510880,2014-12-08,0.988,1.097,0.967,1.079
510880,2014-12-09,1.065,1.157,0.977,0.984
510880,2014-12-10,0.987,1.07,0.939,1.068
510880,2014-12-11,1.047,1.106,1.032,1.063
510880,2014-12-12,1.062,1.077,1.035,1.052
510880,2014-12-15,1.051,1.067,1.013,1.059
510880,2014-12-16,1.048,1.107,1.037,1.106
510880,2014-12-17,1.109,1.167,1.086,1.146
510880,2014-12-18,1.145,1.163,1.111,1.142
510880,2014-12-19,1.138,1.237,1.128,1.237
510880,2014-12-22,1.245,1.331,1.237,1.278
510880,2014-12-23,1.267,1.272,1.159,1.178
510880,2014-12-24,1.165,1.182,1.077,1.104
510880,2014-12-25,1.108,1.197,1.106,1.194
510880,2014-12-26,1.203,1.257,1.18,1.25
510880,2014-12-29,1.265,1.292,1.202,1.239
510880,2014-12-30,1.231,1.259,1.188,1.211
510880,2014-12-31,1.217,1.282,1.21,1.272
510880,2015-01-05,1.275,1.413,1.273,1.393
510880,2015-01-06,1.377,1.446,1.342,1.388
510880,2015-01-07,1.377,1.387,1.345,1.378
510880,2015-01-08,1.377,1.381,1.307,1.315
510880,2015-01-09,1.309,1.402,1.277,1.298
510880,2015-01-12,1.304,1.304,1.213,1.244
510880,2015-01-13,1.236,1.256,1.228,1.247
510880,2015-01-14,1.253,1.276,1.233,1.238
510880,2015-01-15,1.238,1.318,1.229,1.314
510880,2015-01-16,1.317,1.362,1.315,1.339
510880,2015-01-19,1.267,1.267,1.078,1.093
510880,2015-01-20,1.157,1.173,1.109,1.153
510880,2015-01-21,1.153,1.27,1.153,1.254
510880,2015-01-22,1.257,1.267,1.232,1.255
510880,2015-01-23,1.258,1.291,1.245,1.252
510880,2015-01-26,1.254,1.285,1.237,1.283
510880,2015-01-27,1.277,1.281,1.22,1.264
510880,2015-01-28,1.258,1.272,1.234,1.246
510880,2015-01-29,1.237,1.237,1.2,1.222
510880,2015-01-30,1.224,1.243,1.195,1.204
510880,2015-02-02,1.195,1.195,1.127,1.133
510880,2015-02-03,1.137,1.172,1.129,1.169
510880,2015-02-04,1.176,1.192,1.149,1.15
510880,2015-02-05,1.197,1.226,1.107,1.113
510880,2015-02-06,1.105,1.105,1.039,1.052
510880,2015-02-09,1.05,1.073,1.027,1.053
510880,2015-02-10,1.045,1.103,1.045,1.1
510880,2015-02-11,1.112,1.115,1.097,1.105
510880,2015-02-12,1.107,1.113,1.086,1.11
510880,2015-02-13,1.114,1.163,1.114,1.137
510880,2015-02-16,1.14,1.148,1.129,1.146
510880,2015-02-17,1.146,1.175,1.146,1.169
510880,2015-02-25,1.175,1.18,1.147,1.156
510880,2015-02-26,1.154,1.232,1.154,1.23
510880,2015-02-27,1.227,1.24,1.217,1.23
510880,2015-03-02,1.238,1.257,1.227,1.254
510880,2015-03-03,1.253,1.253,1.221,1.222
510880,2015-03-04,1.222,1.234,1.208,1.225
510880,2015-03-05,1.222,1.225,1.172,1.195
510880,2015-03-06,1.198,1.21,1.187,1.193
510880,2015-03-09,1.157,1.266,1.157,1.265
510880,2015-03-10,1.262,1.268,1.229,1.251
510880,2015-03-11,1.256,1.286,1.242,1.262
510880,2015-03-12,1.267,1.327,1.267,1.317
510880,2015-03-13,1.327,1.352,1.319,1.333
510880,2015-03-16,1.343,1.384,1.337,1.383
510880,2015-03-17,1.392,1.427,1.39,1.426
510880,2015-03-18,1.433,1.513,1.433,1.512
510880,2015-03-19,1.512,1.527,1.497,1.509
510880,2015-03-20,1.517,1.553,1.509,1.545
510880,2015-03-23,1.555,1.604,1.555,1.603
510880,2015-03-24,1.602,1.639,1.549,1.626
510880,2015-03-25,1.607,1.627,1.591,1.609
510880,2015-03-26,1.595,1.639,1.563,1.592
510880,2015-03-27,1.593,1.623,1.577,1.613
510880,2015-03-30,1.617,1.699,1.617,1.698
510880,2015-03-31,1.708,1.725,1.655,1.662
510880,2015-04-01,1.661,1.725,1.658,1.708
510880,2015-04-02,1.727,1.751,1.697,1.75
510880,2015-04-03,1.747,1.805,1.727,1.802
510880,2015-04-07,1.827,1.926,1.827,1.908
510880,2015-04-08,1.91,1.959,1.879,1.958
510880,2015-04-09,1.958,1.987,1.872,1.948
510880,2015-04-10,1.936,2.021,1.909,2.019
510880,2015-04-13,2.057,2.065,2.013,2.057
510880,2015-04-14,2.029,2.102,2.017,2.073
510880,2015-04-15,2.07,2.102,2.027,2.048
510880,2015-04-16,2.007,2.121,1.973,2.12
510880,2015-04-17,2.147,2.206,2.142,2.182
510880,2015-04-20,2.152,2.201,2.071,2.077
510880,2015-04-21,2.087,2.146,2.062,2.139
510880,2015-04-22,2.149,2.245,2.149,2.244
510880,2015-04-23,2.257,2.282,2.227,2.254
510880,2015-04-24,2.237,2.237,2.147,2.198
510880,2015-04-27,2.202,2.272,2.202,2.269
510880,2015-04-28,2.267,2.277,2.177,2.202
510880,2015-04-29,2.198,2.227,2.161,2.205
510880,2015-04-30,2.215,2.242,2.197,2.204
510880,2015-05-04,2.203,2.257,2.174,2.254
510880,2015-05-05,2.254,2.272,2.077,2.101
510880,2015-05-06,2.096,2.147,1.993,2.026
510880,2015-05-07,2.017,2.017,1.91,1.918
510880,2015-05-08,1.922,1.995,1.913,1.985
510880,2015-05-11,1.998,2.096,1.977,2.096
510880,2015-05-12,2.096,2.143,2.087,2.139
510880,2015-05-13,2.137,2.142,2.102,2.11
510880,2015-05-14,2.101,2.144,2.088,2.125
510880,2015-05-15,2.109,2.111,2.047,2.076
510880,2015-05-18,2.065,2.082,2.027,2.034
510880,2015-05-19,2.027,2.145,2.027,2.14
510880,2015-05-20,2.146,2.23,2.146,2.158
510880,2015-05-21,2.16,2.257,2.16,2.254
510880,2015-05-22,2.288,2.345,2.273,2.343
510880,2015-05-25,2.351,2.47,2.339,2.469
510880,2015-05-26,2.497,2.522,2.411,2.521
510880,2015-05-27,2.591,2.591,2.472,2.521
510880,2015-05-28,2.506,2.549,2.266,2.297
510880,2015-05-29,2.272,2.387,2.118,2.26
510880,2015-06-01,2.241,2.529,2.241,2.512
510880,2015-06-02,2.517,2.572,2.467,2.567
510880,2015-06-03,2.566,2.567,2.484,2.549
510880,2015-06-04,2.537,2.607,2.393,2.601
510880,2015-06-05,2.637,2.766,2.612,2.687
510880,2015-06-08,2.717,2.806,2.681,2.78
510880,2015-06-09,2.781,2.797,2.722,2.794
510880,2015-06-10,2.767,2.817,2.713,2.782
510880,2015-06-11,2.78,2.785,2.737,2.773
510880,2015-06-12,2.776,2.886,2.776,2.881
510880,2015-06-15,2.881,2.935,2.853,2.859
510880,2015-06-16,2.827,2.848,2.663,2.702
510880,2015-06-17,2.679,2.802,2.587,2.796
510880,2015-06-18,2.797,2.824,2.687,2.707
510880,2015-06-19,2.695,2.695,2.417,2.426
510880,2015-06-23,2.427,2.482,2.23,2.482
510880,2015-06-24,2.493,2.592,2.477,2.592
510880,2015-06-25,2.587,2.617,2.422,2.465
510880,2015-06-26,2.422,2.422,2.091,2.095
510880,2015-06-29,2.207,2.26,1.881,2.066
510880,2015-06-30,2.096,2.277,1.905,2.273
510880,2015-07-01,2.247,2.287,2.027,2.041
510880,2015-07-02,2.041,2.075,1.836,1.888
510880,2015-07-03,1.872,1.917,1.657,1.667
510880,2015-07-06,1.961,1.961,1.633,1.777
510880,2015-07-07,1.775,1.775,1.522,1.669
510880,2015-07-08,1.375,1.627,1.375,1.375
510880,2015-07-09,1.327,1.64,1.327,1.64
510880,2015-07-10,1.757,1.931,1.747,1.931
510880,2015-07-13,2.065,2.122,1.877,2.12
510880,2015-07-14,2.057,2.099,1.907,1.957
510880,2015-07-15,1.926,1.957,1.771,1.782
510880,2015-07-16,1.729,1.897,1.728,1.825
510880,2015-07-17,1.832,1.982,1.832,1.965
510880,2015-07-20,1.937,1.996,1.907,1.952
510880,2015-07-21,1.922,2.007,1.897,1.983
510880,2015-07-22,1.979,1.996,1.924,1.963
510880,2015-07-23,1.964,2.053,1.949,2.052
510880,2015-07-24,2.037,2.087,1.977,1.986
510880,2015-07-27,1.942,1.972,1.661,1.683
510880,2015-07-28,1.645,1.771,1.577,1.697
510880,2015-07-29,1.705,1.841,1.693,1.821
510880,2015-07-30,1.832,1.863,1.757,1.757
510880,2015-07-31,1.727,1.817,1.713,1.745
510880,2015-08-03,1.733,1.827,1.707,1.826
510880,2015-08-04,1.797,1.906,1.784,1.884
510880,2015-08-05,1.9,1.905,1.817,1.817
510880,2015-08-06,1.796,1.827,1.767,1.787
510880,2015-08-07,1.793,1.865,1.793,1.847
510880,2015-08-10,1.863,2.007,1.863,1.991
510880,2015-08-11,1.983,2.013,1.948,1.975
510880,2015-08-12,1.948,1.975,1.923,1.924
510880,2015-08-13,1.927,1.969,1.872,1.968
510880,2015-08-14,1.995,2,1.945,1.965
510880,2015-08-17,1.937,1.993,1.913,1.992
510880,2015-08-18,1.995,2.016,1.68,1.83
510880,2015-08-19,1.749,1.864,1.627,1.847
510880,2015-08-20,1.812,1.812,1.737,1.74
510880,2015-08-21,1.724,1.732,1.581,1.606
510880,2015-08-24,1.557,1.557,1.318,1.318
510880,2015-08-25,1.137,1.249,1.071,1.081
510880,2015-08-26,1.177,1.227,1.032,1.1
510880,2015-08-27,1.122,1.257,1.122,1.253
510880,2015-08-28,1.26,1.38,1.26,1.375
510880,2015-08-31,1.327,1.387,1.287,1.365
510880,2015-09-01,1.357,1.367,1.25,1.357
510880,2015-09-02,1.315,1.402,1.249,1.377
510880,2015-09-07,1.352,1.437,1.227,1.295
510880,2015-09-08,1.287,1.377,1.23,1.372
510880,2015-09-09,1.377,1.607,1.357,1.427
510880,2015-09-10,1.395,1.415,1.367,1.375
510880,2015-09-11,1.367,1.395,1.325,1.371
510880,2015-09-14,1.377,1.391,1.271,1.272
510880,2015-09-15,1.257,1.259,1.182,1.19
510880,2015-09-16,1.191,1.376,1.187,1.33
510880,2015-09-17,1.241,1.338,1.241,1.253
510880,2015-09-18,1.282,1.297,1.238,1.254
510880,2015-09-21,1.233,1.287,1.228,1.285
510880,2015-09-22,1.286,1.313,1.286,1.303
510880,2015-09-23,1.293,1.293,1.267,1.281
510880,2015-09-24,1.266,1.287,1.227,1.283
510880,2015-09-25,1.277,1.283,1.218,1.244
510880,2015-09-28,1.223,1.245,1.223,1.237
510880,2015-09-29,1.228,1.236,1.202,1.205
510880,2015-09-30,1.212,1.226,1.205,1.218
510880,2015-10-08,1.293,1.297,1.258,1.282
510880,2015-10-09,1.279,1.307,1.272,1.305
510880,2015-10-12,1.305,1.407,1.304,1.388
510880,2015-10-13,1.388,1.394,1.377,1.385
510880,2015-10-14,1.394,1.394,1.358,1.367
510880,2015-10-15,1.36,1.427,1.359,1.42
510880,2015-10-16,1.407,1.477,1.407,1.458
510880,2015-10-19,1.461,1.497,1.451,1.465
510880,2015-10-20,1.487,1.489,1.459,1.487
510880,2015-10-21,1.477,1.509,1.397,1.405
510880,2015-10-22,1.41,1.447,1.377,1.445
510880,2015-10-23,1.446,1.497,1.428,1.484
510880,2015-10-26,1.502,1.523,1.497,1.507
510880,2015-10-27,1.503,1.517,1.457,1.515
510880,2015-10-28,1.507,1.517,1.482,1.483
510880,2015-10-29,1.49,1.497,1.468,1.477
510880,2015-10-30,1.477,1.487,1.463,1.477
510880,2015-11-02,1.477,1.483,1.443,1.457
510880,2015-11-03,1.461,1.461,1.421,1.426
510880,2015-11-04,1.427,1.517,1.424,1.513
510880,2015-11-05,1.524,1.615,1.507,1.566
510880,2015-11-06,1.568,1.627,1.567,1.613
510880,2015-11-09,1.628,1.757,1.628,1.672
510880,2015-11-10,1.664,1.681,1.638,1.662
510880,2015-11-11,1.647,1.682,1.627,1.659
510880,2015-11-12,1.659,1.666,1.627,1.627
510880,2015-11-13,1.627,1.627,1.603,1.604
510880,2015-11-16,1.583,1.613,1.573,1.613
510880,2015-11-17,1.623,1.667,1.623,1.629
510880,2015-11-18,1.628,1.628,1.603,1.604
510880,2015-11-19,1.607,1.636,1.599,1.633
510880,2015-11-20,1.633,1.637,1.614,1.625
510880,2015-11-23,1.617,1.65,1.605,1.62
510880,2015-11-24,1.62,1.627,1.584,1.616
510880,2015-11-25,1.607,1.652,1.588,1.645
510880,2015-11-26,1.653,1.674,1.639,1.642
510880,2015-11-27,1.637,1.637,1.508,1.559
510880,2015-11-30,1.527,1.547,1.468,1.526
510880,2015-12-01,1.526,1.526,1.487,1.505
510880,2015-12-02,1.506,1.592,1.489,1.578
510880,2015-12-03,1.579,1.609,1.56,1.607
510880,2015-12-04,1.587,1.605,1.547,1.558
510880,2015-12-07,1.558,1.574,1.53,1.552
510880,2015-12-08,1.547,1.547,1.507,1.517
510880,2015-12-09,1.504,1.515,1.495,1.512
510880,2015-12-10,1.512,1.532,1.495,1.498
510880,2015-12-11,1.493,1.506,1.471,1.48
510880,2015-12-14,1.479,1.536,1.443,1.533
510880,2015-12-15,1.532,1.532,1.507,1.515
510880,2015-12-16,1.517,1.532,1.507,1.507
510880,2015-12-17,1.523,1.577,1.523,1.561
510880,2015-12-18,1.561,1.585,1.553,1.562
510880,2015-12-21,1.562,1.647,1.553,1.637
510880,2015-12-22,1.644,1.655,1.629,1.636
510880,2015-12-23,1.642,1.677,1.636,1.654
510880,2015-12-24,1.655,1.655,1.594,1.623
510880,2015-12-25,1.623,1.632,1.617,1.626
510880,2015-12-28,1.627,1.667,1.557,1.563
510880,2015-12-29,1.566,1.597,1.555,1.576
510880,2015-12-30,1.586,1.586,1.567,1.577
510880,2015-12-31,1.592,1.593,1.567,1.58
510880,2016-01-04,1.583,1.588,1.443,1.453
510880,2016-01-05,1.447,1.447,1.337,1.413
510880,2016-01-06,1.437,1.456,1.407,1.456
510880,2016-01-07,1.413,1.445,1.29,1.322
510880,2016-01-08,1.327,1.436,1.287,1.358
510880,2016-01-11,1.347,1.347,1.255,1.264
510880,2016-01-12,1.267,1.295,1.189,1.218
510880,2016-01-13,1.229,1.243,1.197,1.197
510880,2016-01-14,1.175,1.227,1.129,1.223
510880,2016-01-15,1.187,1.217,1.125,1.143
510880,2016-01-18,1.137,1.148,1.102,1.133
510880,2016-01-19,1.139,1.205,1.127,1.204
510880,2016-01-20,1.215,1.215,1.144,1.164
510880,2016-01-21,1.152,1.178,1.102,1.114
510880,2016-01-22,1.112,1.132,1.094,1.127
510880,2016-01-25,1.132,1.148,1.126,1.141
510880,2016-01-26,1.141,1.141,0.977,1.007
510880,2016-01-27,1.002,1.015,0.927,0.983
510880,2016-01-28,0.982,0.994,0.943,0.952
510880,2016-01-29,0.954,1.007,0.947,0.997
510880,2016-02-01,0.998,1.004,0.946,0.96
510880,2016-02-02,0.959,1.004,0.959,0.999
510880,2016-02-03,0.985,0.992,0.965,0.988
510880,2016-02-04,0.994,1.016,0.994,1.009
510880,2016-02-05,1.026,1.026,0.999,1.009
510880,2016-02-15,0.977,1.004,0.965,0.99
510880,2016-02-16,1.006,1.046,1.006,1.046
510880,2016-02-17,1.041,1.067,1.037,1.065
510880,2016-02-18,1.077,1.085,1.067,1.069
510880,2016-02-19,1.069,1.076,1.057,1.07
510880,2016-02-22,1.077,1.117,1.077,1.112
510880,2016-02-23,1.115,1.115,1.077,1.091
510880,2016-02-24,1.092,1.11,1.078,1.1
510880,2016-02-25,1.095,1.099,0.966,1.008
510880,2016-02-26,1.011,1.027,0.955,1.002
510880,2016-02-29,1.002,1.002,0.925,0.962
510880,2016-03-01,0.978,0.997,0.959,0.984
510880,2016-03-02,0.995,1.09,0.995,1.089
510880,2016-03-03,1.106,1.106,1.084,1.088
510880,2016-03-04,1.096,1.137,1.067,1.117
510880,2016-03-07,1.136,1.147,1.119,1.129
510880,2016-03-08,1.128,1.129,1.077,1.123
510880,2016-03-09,1.122,1.122,1.077,1.095
510880,2016-03-10,1.105,1.126,1.08,1.083
510880,2016-03-11,1.082,1.092,1.061,1.085
510880,2016-03-14,1.087,1.132,1.086,1.106
510880,2016-03-15,1.107,1.111,1.081,1.106
510880,2016-03-16,1.106,1.139,1.106,1.118
510880,2016-03-17,1.12,1.16,1.118,1.143
510880,2016-03-18,1.157,1.182,1.146,1.177
510880,2016-03-21,1.183,1.209,1.183,1.201
510880,2016-03-22,1.201,1.201,1.187,1.195
510880,2016-03-23,1.193,1.203,1.167,1.186
510880,2016-03-24,1.177,1.181,1.155,1.156
510880,2016-03-25,1.156,1.176,1.152,1.159
510880,2016-03-28,1.16,1.203,1.139,1.16
510880,2016-03-29,1.147,1.155,1.115,1.118
510880,2016-03-30,1.122,1.183,1.122,1.181
510880,2016-03-31,1.189,1.196,1.167,1.181
510880,2016-04-01,1.182,1.185,1.158,1.185
510880,2016-04-05,1.185,1.225,1.176,1.224
510880,2016-04-06,1.207,1.225,1.207,1.215
510880,2016-04-07,1.215,1.226,1.195,1.195
510880,2016-04-08,1.185,1.187,1.175,1.186
510880,2016-04-11,1.185,1.223,1.185,1.213
510880,2016-04-12,1.213,1.213,1.195,1.202
510880,2016-04-13,1.208,1.259,1.177,1.244
510880,2016-04-14,1.248,1.257,1.232,1.247
510880,2016-04-15,1.256,1.256,1.236,1.245
510880,2016-04-18,1.242,1.242,1.212,1.228
510880,2016-04-19,1.23,1.24,1.21,1.223
510880,2016-04-20,1.227,1.378,1.138,1.186
510880,2016-04-21,1.185,1.209,1.16,1.194
510880,2016-04-22,1.193,1.193,1.168,1.193
510880,2016-04-25,1.193,1.193,1.162,1.177
510880,2016-04-26,1.186,1.197,1.177,1.189
510880,2016-04-27,1.203,1.203,1.189,1.193
510880,2016-04-28,1.197,1.206,1.167,1.187
510880,2016-04-29,1.188,1.188,1.177,1.183
510880,2016-05-03,1.195,1.212,1.172,1.209
510880,2016-05-04,1.209,1.209,1.188,1.201
510880,2016-05-05,1.2,1.2,1.181,1.192
510880,2016-05-06,1.192,1.195,1.138,1.151
510880,2016-05-09,1.156,1.156,1.068,1.081
510880,2016-05-10,1.079,1.107,1.067,1.072
510880,2016-05-11,1.079,1.085,1.065,1.073
510880,2016-05-12,1.073,1.094,1.051,1.082
510880,2016-05-13,1.074,1.093,1.074,1.083
510880,2016-05-16,1.079,1.093,1.074,1.093
510880,2016-05-17,1.094,1.101,1.086,1.095
510880,2016-05-18,1.094,1.094,1.054,1.077
510880,2016-05-19,1.074,1.085,1.061,1.069
510880,2016-05-20,1.067,1.076,1.064,1.071
510880,2016-05-23,1.083,1.097,1.077,1.082
510880,2016-05-24,1.084,1.084,1.067,1.076
510880,2016-05-25,1.084,1.087,1.074,1.074
510880,2016-05-26,1.081,1.081,1.059,1.074
510880,2016-05-27,1.074,1.086,0.993,1.079
510880,2016-05-30,1.074,1.097,1.068,1.088
510880,2016-05-31,1.088,1.157,1.088,1.154
510880,2016-06-01,1.16,1.16,1.123,1.148
510880,2016-06-02,1.154,1.154,1.139,1.148
510880,2016-06-03,1.148,1.156,1.142,1.152
510880,2016-06-06,1.158,1.158,1.149,1.153
510880,2016-06-07,1.158,1.159,1.147,1.153
510880,2016-06-08,1.158,1.158,1.139,1.141
510880,2016-06-13,1.141,1.141,1.087,1.089
510880,2016-06-14,1.091,1.103,1.077,1.095
510880,2016-06-15,1.094,1.117,1.087,1.115
510880,2016-06-16,1.115,1.116,1.097,1.098
510880,2016-06-17,1.098,1.122,1.098,1.111
510880,2016-06-20,1.121,1.125,1.107,1.117
510880,2016-06-21,1.118,1.133,1.116,1.117
510880,2016-06-22,1.127,1.156,1.116,1.147
510880,2016-06-23,1.141,1.141,1.124,1.125
510880,2016-06-24,1.127,1.133,1.09,1.104
510880,2016-06-27,1.095,1.127,1.067,1.125
510880,2016-06-28,1.12,1.124,1.106,1.121
510880,2016-06-29,1.127,1.137,1.127,1.135
510880,2016-06-30,1.137,1.155,1.135,1.143
510880,2016-07-01,1.147,1.158,1.143,1.149
510880,2016-07-04,1.152,1.197,1.149,1.188
510880,2016-07-05,1.188,1.205,1.187,1.201
510880,2016-07-06,1.199,1.199,1.185,1.193
510880,2016-07-07,1.194,1.197,1.186,1.195
510880,2016-07-08,1.189,1.195,1.184,1.185
510880,2016-07-11,1.185,1.207,1.185,1.195
510880,2016-07-12,1.202,1.255,1.185,1.253
510880,2016-07-13,1.253,1.284,1.253,1.268
510880,2016-07-14,1.268,1.272,1.255,1.26
510880,2016-07-15,1.259,1.277,1.259,1.267
510880,2016-07-18,1.266,1.28,1.261,1.276
510880,2016-07-19,1.276,1.276,1.253,1.262
510880,2016-07-20,1.262,1.27,1.257,1.263
510880,2016-07-21,1.263,1.285,1.263,1.28
510880,2016-07-22,1.279,1.28,1.256,1.263
510880,2016-07-25,1.27,1.272,1.253,1.268
510880,2016-07-26,1.267,1.297,1.266,1.297
510880,2016-07-27,1.301,1.312,1.247,1.275
510880,2016-07-28,1.267,1.305,1.259,1.293
510880,2016-07-29,1.296,1.312,1.292,1.302
510880,2016-08-01,1.307,1.307,1.269,1.286
510880,2016-08-02,1.295,1.295,1.27,1.288
510880,2016-08-03,1.288,1.291,1.276,1.285
510880,2016-08-04,1.286,1.291,1.277,1.285
510880,2016-08-05,1.285,1.301,1.285,1.297
510880,2016-08-08,1.297,1.309,1.282,1.309
510880,2016-08-09,1.309,1.335,1.309,1.334
510880,2016-08-10,1.334,1.355,1.327,1.331
510880,2016-08-11,1.332,1.358,1.322,1.322
510880,2016-08-12,1.322,1.381,1.322,1.375
510880,2016-08-15,1.38,1.456,1.38,1.434
510880,2016-08-16,1.437,1.452,1.405,1.41
510880,2016-08-17,1.412,1.432,1.405,1.421
510880,2016-08-18,1.421,1.432,1.406,1.408
510880,2016-08-19,1.408,1.422,1.397,1.418
510880,2016-08-22,1.42,1.421,1.397,1.406
510880,2016-08-23,1.406,1.412,1.395,1.403
510880,2016-08-24,1.41,1.415,1.39,1.396
510880,2016-08-25,1.394,1.396,1.367,1.383
510880,2016-08-26,1.385,1.396,1.373,1.38
510880,2016-08-29,1.38,1.386,1.369,1.384
510880,2016-08-30,1.383,1.396,1.377,1.381
510880,2016-08-31,1.382,1.401,1.379,1.394
510880,2016-09-01,1.399,1.399,1.378,1.379
510880,2016-09-02,1.381,1.39,1.368,1.386
510880,2016-09-05,1.386,1.402,1.386,1.399
510880,2016-09-06,1.4,1.409,1.392,1.408
510880,2016-09-07,1.408,1.427,1.408,1.415
510880,2016-09-08,1.415,1.422,1.406,1.414
510880,2016-09-09,1.414,1.422,1.406,1.407
510880,2016-09-12,1.402,1.402,1.336,1.346
510880,2016-09-13,1.351,1.379,1.337,1.345
510880,2016-09-14,1.344,1.344,1.329,1.334
510880,2016-09-19,1.337,1.353,1.337,1.348
510880,2016-09-20,1.349,1.352,1.337,1.35
510880,2016-09-21,1.35,1.359,1.35,1.356
510880,2016-09-22,1.364,1.387,1.363,1.377
510880,2016-09-23,1.383,1.387,1.36,1.368
510880,2016-09-26,1.36,1.363,1.331,1.334
510880,2016-09-27,1.329,1.336,1.316,1.331
510880,2016-09-28,1.34,1.34,1.325,1.328
510880,2016-09-29,1.33,1.344,1.33,1.338
510880,2016-09-30,1.337,1.347,1.335,1.347
510880,2016-10-10,1.347,1.387,1.347,1.377
510880,2016-10-11,1.378,1.384,1.373,1.381
510880,2016-10-12,1.38,1.38,1.37,1.374
510880,2016-10-13,1.374,1.387,1.373,1.386
510880,2016-10-14,1.386,1.387,1.373,1.386
510880,2016-10-17,1.396,1.396,1.367,1.371
510880,2016-10-18,1.371,1.403,1.369,1.402
510880,2016-10-19,1.402,1.417,1.4,1.403
510880,2016-10-20,1.402,1.407,1.397,1.402
510880,2016-10-21,1.405,1.425,1.402,1.42
510880,2016-10-24,1.42,1.463,1.42,1.456
510880,2016-10-25,1.456,1.459,1.447,1.456
510880,2016-10-26,1.453,1.456,1.432,1.435
510880,2016-10-27,1.437,1.438,1.423,1.435
510880,2016-10-28,1.435,1.444,1.422,1.427
510880,2016-10-31,1.434,1.434,1.411,1.421
510880,2016-11-01,1.422,1.435,1.419,1.434
510880,2016-11-02,1.435,1.435,1.411,1.416
510880,2016-11-03,1.412,1.439,1.407,1.433
510880,2016-11-04,1.433,1.446,1.427,1.43
510880,2016-11-07,1.429,1.455,1.427,1.442
510880,2016-11-08,1.453,1.462,1.442,1.454
510880,2016-11-09,1.454,1.454,1.415,1.435
510880,2016-11-10,1.438,1.473,1.438,1.468
510880,2016-11-11,1.472,1.49,1.466,1.485
510880,2016-11-14,1.484,1.505,1.477,1.491
510880,2016-11-15,1.491,1.492,1.477,1.482
510880,2016-11-16,1.483,1.491,1.478,1.488
510880,2016-11-17,1.487,1.495,1.476,1.492
510880,2016-11-18,1.491,1.503,1.482,1.484
510880,2016-11-21,1.486,1.526,1.484,1.509
510880,2016-11-22,1.513,1.538,1.509,1.536
510880,2016-11-23,1.536,1.561,1.532,1.541
510880,2016-11-24,1.542,1.561,1.536,1.547
510880,2016-11-25,1.548,1.578,1.538,1.577
510880,2016-11-28,1.58,1.619,1.58,1.597
510880,2016-11-29,1.601,1.643,1.586,1.609
510880,2016-11-30,1.609,1.609,1.567,1.573
510880,2016-12-01,1.573,1.608,1.573,1.605
510880,2016-12-02,1.599,1.615,1.574,1.585
510880,2016-12-05,1.577,1.577,1.542,1.549
510880,2016-12-06,1.537,1.566,1.537,1.542
510880,2016-12-07,1.544,1.555,1.529,1.554
510880,2016-12-08,1.555,1.566,1.555,1.561
510880,2016-12-09,1.562,1.593,1.552,1.585
510880,2016-12-12,1.582,1.588,1.518,1.536
510880,2016-12-13,1.525,1.53,1.499,1.519
510880,2016-12-14,1.515,1.53,1.504,1.504
510880,2016-12-15,1.504,1.504,1.444,1.452
510880,2016-12-16,1.465,1.465,1.447,1.457
510880,2016-12-19,1.457,1.464,1.449,1.453
510880,2016-12-20,1.456,1.456,1.417,1.432
510880,2016-12-21,1.436,1.461,1.436,1.459
510880,2016-12-22,1.46,1.468,1.453,1.464
510880,2016-12-23,1.465,1.465,1.432,1.436
510880,2016-12-26,1.439,1.447,1.41,1.446
510880,2016-12-27,1.447,1.452,1.442,1.445
510880,2016-12-28,1.445,1.448,1.427,1.433
510880,2016-12-29,1.432,1.44,1.428,1.434
510880,2016-12-30,1.435,1.443,1.431,1.44
510880,2017-01-03,1.443,1.469,1.443,1.464
510880,2017-01-04,1.467,1.488,1.462,1.484
510880,2017-01-05,1.487,1.49,1.478,1.487
510880,2017-01-06,1.49,1.497,1.478,1.486
510880,2017-01-09,1.486,1.498,1.482,1.497
510880,2017-01-10,1.495,1.498,1.483,1.488
510880,2017-01-11,1.488,1.488,1.468,1.471
510880,2017-01-12,1.472,1.476,1.459,1.463
510880,2017-01-13,1.463,1.472,1.454,1.472
510880,2017-01-16,1.472,1.506,1.451,1.499
510880,2017-01-17,1.483,1.497,1.482,1.497
510880,2017-01-18,1.496,1.514,1.493,1.51
510880,2017-01-19,1.51,1.521,1.502,1.502
510880,2017-01-20,1.504,1.523,1.504,1.521
510880,2017-01-23,1.598,1.598,1.517,1.52
510880,2017-01-24,1.522,1.537,1.518,1.534
510880,2017-01-25,1.536,1.543,1.529,1.54
510880,2017-01-26,1.541,1.554,1.541,1.544
510880,2017-02-03,1.552,1.552,1.525,1.526
510880,2017-02-06,1.524,1.537,1.523,1.53
510880,2017-02-07,1.535,1.538,1.523,1.529
510880,2017-02-08,1.53,1.537,1.516,1.536
510880,2017-02-09,1.536,1.551,1.534,1.546
510880,2017-02-10,1.546,1.568,1.546,1.562
510880,2017-02-13,1.566,1.577,1.562,1.572
510880,2017-02-14,1.572,1.574,1.561,1.568
510880,2017-02-15,1.568,1.593,1.568,1.573
510880,2017-02-16,1.572,1.586,1.572,1.585
510880,2017-02-17,1.585,1.588,1.564,1.567
510880,2017-02-20,1.566,1.603,1.566,1.603
510880,2017-02-21,1.604,1.62,1.602,1.609
510880,2017-02-22,1.608,1.625,1.603,1.623
510880,2017-02-23,1.619,1.625,1.568,1.61
510880,2017-02-24,1.61,1.613,1.596,1.607
510880,2017-02-27,1.606,1.606,1.586,1.59
510880,2017-02-28,1.578,1.601,1.578,1.598
510880,2017-03-01,1.602,1.609,1.594,1.599
510880,2017-03-02,1.6,1.604,1.58,1.583
510880,2017-03-03,1.583,1.584,1.569,1.58
510880,2017-03-06,1.578,1.591,1.578,1.589
510880,2017-03-07,1.588,1.588,1.577,1.586
510880,2017-03-08,1.585,1.587,1.578,1.581
510880,2017-03-09,1.58,1.58,1.557,1.562
510880,2017-03-10,1.564,1.566,1.556,1.562
510880,2017-03-13,1.561,1.59,1.554,1.588
510880,2017-03-14,1.589,1.594,1.582,1.592
510880,2017-03-15,1.59,1.598,1.579,1.597
510880,2017-03-16,1.598,1.613,1.598,1.606
510880,2017-03-17,1.608,1.608,1.571,1.577
510880,2017-03-20,1.586,1.603,1.576,1.596
510880,2017-03-21,1.594,1.605,1.586,1.604
510880,2017-03-22,1.598,1.599,1.58,1.583
510880,2017-03-23,1.584,1.602,1.577,1.585
510880,2017-03-24,1.588,1.62,1.586,1.614
510880,2017-03-27,1.615,1.633,1.614,1.619
510880,2017-03-28,1.619,1.62,1.601,1.606
510880,2017-03-29,1.606,1.615,1.597,1.604
510880,2017-03-30,1.599,1.608,1.581,1.598
510880,2017-03-31,1.603,1.621,1.597,1.619
510880,2017-04-05,1.628,1.652,1.628,1.651
510880,2017-04-06,1.652,1.659,1.647,1.655
510880,2017-04-07,1.655,1.661,1.644,1.66
510880,2017-04-10,1.66,1.666,1.652,1.658
510880,2017-04-11,1.657,1.663,1.628,1.66
510880,2017-04-12,1.668,1.668,1.643,1.648
510880,2017-04-13,1.648,1.659,1.643,1.656
510880,2017-04-14,1.656,1.661,1.627,1.632
510880,2017-04-17,1.632,1.632,1.605,1.622
510880,2017-04-18,1.621,1.631,1.608,1.608
510880,2017-04-19,1.604,1.604,1.572,1.59
510880,2017-04-20,1.589,1.602,1.586,1.598
510880,2017-04-21,1.599,1.62,1.596,1.617
510880,2017-04-24,1.616,1.616,1.573,1.594
510880,2017-04-25,1.596,1.605,1.588,1.601
510880,2017-04-26,1.602,1.613,1.598,1.604
510880,2017-04-27,1.605,1.605,1.576,1.602
510880,2017-04-28,1.602,1.602,1.578,1.588
510880,2017-05-02,1.587,1.588,1.569,1.573
510880,2017-05-03,1.572,1.578,1.557,1.56
510880,2017-05-04,1.562,1.567,1.546,1.553
510880,2017-05-05,1.555,1.555,1.528,1.547
510880,2017-05-08,1.546,1.55,1.528,1.547
510880,2017-05-09,1.543,1.557,1.533,1.551
510880,2017-05-10,1.548,1.554,1.53,1.533
510880,2017-05-11,1.534,1.552,1.52,1.546
510880,2017-05-12,1.547,1.574,1.543,1.573
510880,2017-05-15,1.573,1.589,1.573,1.589
510880,2017-05-16,1.587,1.599,1.565,1.598
510880,2017-05-17,1.594,1.607,1.587,1.591
510880,2017-05-18,1.589,1.589,1.565,1.575
510880,2017-05-19,1.575,1.582,1.568,1.58
510880,2017-05-22,1.578,1.593,1.564,1.578
510880,2017-05-23,1.572,1.603,1.572,1.601
510880,2017-05-24,1.6,1.6,1.579,1.598
510880,2017-05-25,1.597,1.656,1.59,1.648
510880,2017-05-26,1.648,1.661,1.638,1.655
510880,2017-05-31,1.659,1.673,1.647,1.668
510880,2017-06-01,1.666,1.676,1.656,1.675
510880,2017-06-02,1.674,1.684,1.668,1.676
510880,2017-06-05,1.674,1.678,1.648,1.652
510880,2017-06-06,1.652,1.66,1.642,1.66
510880,2017-06-07,1.66,1.686,1.66,1.685
510880,2017-06-08,1.687,1.719,1.684,1.716
510880,2017-06-09,1.715,1.734,1.708,1.72
510880,2017-06-12,1.722,1.75,1.709,1.725
510880,2017-06-13,1.733,1.735,1.714,1.733
510880,2017-06-14,1.733,1.733,1.693,1.697
510880,2017-06-15,1.699,1.702,1.676,1.682
510880,2017-06-16,1.682,1.688,1.668,1.672
510880,2017-06-19,1.674,1.694,1.664,1.689
510880,2017-06-20,1.693,1.696,1.678,1.678
510880,2017-06-21,1.69,1.711,1.676,1.71
510880,2017-06-22,1.709,1.745,1.703,1.719
510880,2017-06-23,1.718,1.741,1.703,1.74
510880,2017-06-26,1.738,1.77,1.738,1.764
510880,2017-06-27,1.763,1.769,1.75,1.765
510880,2017-06-28,1.759,1.779,1.754,1.757
510880,2017-06-29,1.757,1.774,1.756,1.771
510880,2017-06-30,1.768,1.783,1.753,1.779
510880,2017-07-03,1.78,1.785,1.763,1.781
510880,2017-07-04,1.771,1.779,1.756,1.767
510880,2017-07-05,1.762,1.787,1.758,1.784
510880,2017-07-06,1.784,1.8,1.778,1.796
510880,2017-07-07,1.798,1.807,1.788,1.807
510880,2017-07-10,1.807,1.818,1.798,1.806
510880,2017-07-11,1.806,1.837,1.803,1.823
510880,2017-07-12,1.822,1.834,1.794,1.806
510880,2017-07-13,1.806,1.832,1.805,1.831
510880,2017-07-14,1.831,1.861,1.831,1.86
510880,2017-07-17,1.861,1.878,1.81,1.843
510880,2017-07-18,1.848,1.853,1.816,1.843
510880,2017-07-19,1.844,1.873,1.841,1.872
510880,2017-07-20,1.869,1.887,1.859,1.887
510880,2017-07-21,1.886,1.895,1.879,1.888
510880,2017-07-24,1.893,1.909,1.878,1.902
510880,2017-07-25,1.903,1.904,1.883,1.888
510880,2017-07-26,1.893,1.916,1.854,1.873
510880,2017-07-27,1.873,1.873,1.854,1.873
510880,2017-07-28,1.871,1.874,1.858,1.871
510880,2017-07-31,1.871,1.878,1.865,1.875
510880,2017-08-01,1.877,1.895,1.875,1.894
510880,2017-08-02,1.896,1.91,1.591,1.888
510880,2017-08-03,1.888,1.896,1.853,1.865
510880,2017-08-04,1.858,1.87,1.852,1.853
510880,2017-08-07,1.858,1.863,1.833,1.862
510880,2017-08-08,1.86,1.862,1.845,1.848
510880,2017-08-09,1.849,1.85,1.838,1.843
510880,2017-08-10,1.842,1.848,1.816,1.835
510880,2017-08-11,1.831,1.831,1.784,1.788
510880,2017-08-14,1.778,1.807,1.778,1.801
510880,2017-08-15,1.801,1.833,1.798,1.818
510880,2017-08-16,1.818,1.818,1.805,1.811
510880,2017-08-17,1.812,1.83,1.811,1.825
510880,2017-08-18,1.818,1.835,1.808,1.829
510880,2017-08-21,1.828,1.841,1.826,1.838
510880,2017-08-22,1.838,1.851,1.835,1.841
510880,2017-08-23,1.84,1.859,1.84,1.852
510880,2017-08-24,1.852,1.863,1.845,1.846
510880,2017-08-25,1.846,1.898,1.845,1.896
510880,2017-08-28,1.896,1.927,1.896,1.905
510880,2017-08-29,1.902,1.913,1.898,1.907
510880,2017-08-30,1.912,1.921,1.896,1.9
510880,2017-08-31,1.902,1.912,1.868,1.883
510880,2017-09-01,1.883,1.9,1.875,1.882
510880,2017-09-04,1.883,1.89,1.873,1.886
510880,2017-09-05,1.887,1.9,1.88,1.894
510880,2017-09-06,1.891,1.893,1.881,1.891
510880,2017-09-07,1.891,1.896,1.88,1.881
510880,2017-09-08,1.881,1.891,1.876,1.883
510880,2017-09-11,1.883,1.901,1.88,1.887
510880,2017-09-12,1.888,1.898,1.885,1.893
510880,2017-09-13,1.893,1.896,1.884,1.892
510880,2017-09-14,1.892,1.895,1.871,1.874
510880,2017-09-15,1.875,1.877,1.861,1.865
510880,2017-09-18,1.867,1.884,1.865,1.878
510880,2017-09-19,1.879,1.893,1.868,1.872
510880,2017-09-20,1.873,1.893,1.868,1.888
510880,2017-09-21,1.888,1.902,1.881,1.897
510880,2017-09-22,1.896,1.903,1.886,1.901
510880,2017-09-25,1.9,1.901,1.889,1.898
510880,2017-09-26,1.893,1.901,1.888,1.894
510880,2017-09-27,1.894,1.902,1.891,1.898
510880,2017-09-28,1.892,1.897,1.889,1.894
510880,2017-09-29,1.894,1.905,1.894,1.904
510880,2017-10-09,1.938,1.956,1.923,1.926
510880,2017-10-10,1.926,1.936,1.9,1.918
510880,2017-10-11,1.92,1.936,1.909,1.93
510880,2017-10-12,1.93,1.94,1.925,1.936
510880,2017-10-13,1.937,1.943,1.93,1.937
510880,2017-10-16,1.937,1.937,1.928,1.933
510880,2017-10-17,1.932,1.933,1.922,1.929
510880,2017-10-18,1.928,1.945,1.927,1.944
510880,2017-10-19,1.944,1.956,1.944,1.951
510880,2017-10-20,1.949,1.963,1.944,1.961
510880,2017-10-23,1.96,1.961,1.954,1.957
510880,2017-10-24,1.955,1.975,1.95,1.974
510880,2017-10-25,1.975,1.979,1.97,1.979
510880,2017-10-26,1.979,1.992,1.967,1.972
510880,2017-10-27,1.984,1.988,1.974,1.987
510880,2017-10-30,1.988,1.993,1.953,1.98
510880,2017-10-31,1.976,1.976,1.956,1.968
510880,2017-11-01,1.968,1.972,1.943,1.943
510880,2017-11-02,1.942,1.946,1.925,1.94
510880,2017-11-03,1.94,1.94,1.911,1.931
510880,2017-11-06,1.93,1.943,1.917,1.943
510880,2017-11-07,1.943,1.973,1.943,1.961
510880,2017-11-08,1.961,1.989,1.959,1.969
510880,2017-11-09,1.972,1.987,1.968,1.985
510880,2017-11-10,1.987,2.006,1.968,2.004
510880,2017-11-13,2.004,2.035,2.004,2.027
510880,2017-11-14,2.026,2.032,2.005,2.011
510880,2017-11-15,2.011,2.011,1.987,1.992
510880,2017-11-16,1.991,1.994,1.981,1.991
510880,2017-11-17,1.991,2.029,1.989,2.026
510880,2017-11-20,2.023,2.053,1.996,2.049
510880,2017-11-21,2.049,2.089,2.04,2.075
510880,2017-11-22,2.078,2.112,2.073,2.089
510880,2017-11-23,2.088,2.1,2.006,2.023
510880,2017-11-24,2.02,2.028,1.99,2.018
510880,2017-11-27,2.018,2.018,1.972,1.989
510880,2017-11-28,1.98,1.991,1.963,1.981
510880,2017-11-29,1.982,1.998,1.959,1.98
510880,2017-11-30,1.979,1.984,1.957,1.961
510880,2017-12-01,1.961,1.966,1.945,1.958
510880,2017-12-04,1.958,1.966,1.944,1.957
510880,2017-12-05,1.957,2,1.956,1.992
510880,2017-12-06,1.991,1.991,1.938,1.964
510880,2017-12-07,1.961,1.963,1.929,1.939
510880,2017-12-08,1.936,1.939,1.918,1.935
510880,2017-12-11,1.933,1.965,1.922,1.965
510880,2017-12-12,1.957,1.958,1.921,1.923
510880,2017-12-13,1.923,1.937,1.91,1.936
510880,2017-12-14,1.936,1.942,1.92,1.924
510880,2017-12-15,1.919,1.924,1.899,1.9
510880,2017-12-18,1.904,1.91,1.895,1.904
510880,2017-12-19,1.905,1.929,1.905,1.929
510880,2017-12-20,1.929,1.938,1.921,1.93
510880,2017-12-21,1.933,1.946,1.913,1.937
510880,2017-12-22,1.939,1.946,1.934,1.935
510880,2017-12-25,1.934,1.963,1.933,1.938
510880,2017-12-26,1.938,1.958,1.935,1.957
510880,2017-12-27,1.958,1.966,1.933,1.938
510880,2017-12-28,1.94,1.958,1.932,1.954
510880,2017-12-29,1.955,1.97,1.954,1.97
510880,2018-01-02,1.971,2.018,1.971,2.015
510880,2018-01-03,2.016,2.045,2.008,2.03
510880,2018-01-04,2.029,2.039,2.022,2.031
510880,2018-01-05,2.031,2.071,2.026,2.063
510880,2018-01-08,2.062,2.103,2.061,2.085
510880,2018-01-09,2.087,2.091,2.075,2.084
510880,2018-01-10,2.084,2.103,2.075,2.094
510880,2018-01-11,2.093,2.1,2.072,2.086
510880,2018-01-12,2.085,2.105,2.08,2.094
510880,2018-01-15,2.095,2.117,2.083,2.089
510880,2018-01-16,2.087,2.113,2.083,2.112
510880,2018-01-17,2.118,2.152,2.103,2.122
510880,2018-01-18,2.123,2.152,2.123,2.15
510880,2018-01-19,2.154,2.185,2.153,2.166
510880,2018-01-22,2.164,2.191,2.161,2.187
510880,2018-01-23,2.194,2.237,2.189,2.236
510880,2018-01-24,2.238,2.264,2.226,2.246
510880,2018-01-25,2.245,2.252,2.206,2.232
510880,2018-01-26,2.229,2.277,2.223,2.268
510880,2018-01-29,2.261,2.301,2.217,2.236
510880,2018-01-30,2.235,2.241,2.198,2.205
510880,2018-01-31,2.199,2.209,2.173,2.202
510880,2018-02-01,2.204,2.221,2.174,2.199
510880,2018-02-02,2.189,2.234,2.158,2.23
510880,2018-02-05,2.207,2.283,2.197,2.28
510880,2018-02-06,2.245,2.246,2.177,2.192
510880,2018-02-07,2.227,2.249,2.123,2.129
510880,2018-02-08,2.123,2.125,2.037,2.071
510880,2018-02-09,2.026,2.026,1.885,1.955
510880,2018-02-12,1.96,1.977,1.937,1.961
510880,2018-02-13,1.97,2.031,1.97,2
510880,2018-02-14,2,2.012,1.977,2.009
510880,2018-02-22,2.047,2.067,2.033,2.067
510880,2018-02-23,2.067,2.089,2.054,2.081
510880,2018-02-26,2.09,2.113,2.063,2.1
510880,2018-02-27,2.107,2.111,2.055,2.061
510880,2018-02-28,2.048,2.048,2.012,2.033
510880,2018-03-01,2.026,2.047,2.004,2.027
510880,2018-03-02,2.018,2.034,2,2.025
510880,2018-03-05,2.025,2.047,2.012,2.027
510880,2018-03-06,2.038,2.056,2.016,2.052
510880,2018-03-07,2.053,2.079,2.045,2.048
510880,2018-03-08,2.047,2.065,2.043,2.061
510880,2018-03-09,2.071,2.071,2.054,2.063
510880,2018-03-12,2.072,2.081,2.065,2.069
510880,2018-03-13,2.069,2.078,2.054,2.057
510880,2018-03-14,2.056,2.056,2.039,2.049
510880,2018-03-15,2.047,2.054,2.035,2.043
510880,2018-03-16,2.044,2.052,2.022,2.026
510880,2018-03-19,2.025,2.027,2.001,2.011
510880,2018-03-20,2.011,2.017,1.991,2.017
510880,2018-03-21,2.023,2.034,2.002,2.007
510880,2018-03-22,2.016,2.016,1.973,1.987
510880,2018-03-23,1.945,1.945,1.882,1.92
510880,2018-03-26,1.912,1.912,1.854,1.89
510880,2018-03-27,1.901,1.957,1.879,1.89
510880,2018-03-28,1.879,1.896,1.854,1.854
510880,2018-03-29,1.855,1.911,1.838,1.905
510880,2018-03-30,1.905,1.911,1.89,1.898
510880,2018-04-02,1.898,1.912,1.88,1.882
510880,2018-04-03,1.868,1.869,1.837,1.842
510880,2018-04-04,1.844,1.867,1.842,1.843
510880,2018-04-09,1.841,1.851,1.825,1.841
510880,2018-04-10,1.842,1.894,1.842,1.893
510880,2018-04-11,1.896,1.926,1.893,1.915
510880,2018-04-12,1.915,1.915,1.883,1.885
510880,2018-04-13,1.91,1.91,1.869,1.872
510880,2018-04-16,1.872,1.872,1.81,1.819
510880,2018-04-17,1.827,1.829,1.787,1.795
510880,2018-04-18,1.81,1.822,1.765,1.797
510880,2018-04-19,1.797,1.817,1.792,1.815
510880,2018-04-20,1.813,1.823,1.772,1.78
510880,2018-04-23,1.778,1.793,1.767,1.78
510880,2018-04-24,1.779,1.855,1.779,1.835
510880,2018-04-25,1.827,1.832,1.814,1.818
510880,2018-04-26,1.821,1.825,1.774,1.778
510880,2018-04-27,1.785,1.793,1.75,1.783
510880,2018-05-02,1.789,1.799,1.783,1.795
510880,2018-05-03,1.795,1.818,1.786,1.812
510880,2018-05-04,1.812,1.819,1.807,1.811
510880,2018-05-07,1.811,1.843,1.808,1.842
510880,2018-05-08,1.842,1.871,1.837,1.867
510880,2018-05-09,1.873,1.873,1.856,1.861
510880,2018-05-10,1.864,1.884,1.864,1.882
510880,2018-05-11,1.882,1.89,1.873,1.876
510880,2018-05-14,1.879,1.894,1.877,1.882
510880,2018-05-15,1.888,1.893,1.878,1.892
510880,2018-05-16,1.889,1.893,1.879,1.881
510880,2018-05-17,1.878,1.886,1.871,1.875
510880,2018-05-18,1.875,1.906,1.866,1.905
510880,2018-05-21,1.912,1.926,1.91,1.914
510880,2018-05-22,1.914,1.916,1.893,1.9
510880,2018-05-23,1.897,1.899,1.877,1.877
510880,2018-05-24,1.877,1.878,1.852,1.854
510880,2018-05-25,1.853,1.862,1.842,1.858
510880,2018-05-28,1.855,1.862,1.842,1.853
510880,2018-05-29,1.851,1.859,1.842,1.85
510880,2018-05-30,1.841,1.841,1.805,1.811
510880,2018-05-31,1.819,1.856,1.819,1.852
510880,2018-06-01,1.848,1.86,1.83,1.841
510880,2018-06-04,1.846,1.862,1.846,1.858
510880,2018-06-05,1.861,1.875,1.848,1.872
510880,2018-06-06,1.87,1.87,1.859,1.865
510880,2018-06-07,1.866,1.874,1.855,1.855
510880,2018-06-08,1.854,1.854,1.812,1.821
510880,2018-06-11,1.819,1.82,1.804,1.817
510880,2018-06-12,1.818,1.846,1.81,1.837
510880,2018-06-13,1.836,1.843,1.831,1.834
510880,2018-06-14,1.829,1.842,1.818,1.832
510880,2018-06-15,1.832,1.841,1.822,1.83
510880,2018-06-19,1.826,1.827,1.727,1.763
510880,2018-06-20,1.753,1.762,1.735,1.758
510880,2018-06-21,1.758,1.777,1.735,1.738
510880,2018-06-22,1.735,1.738,1.71,1.733
510880,2018-06-25,1.739,1.753,1.712,1.713
510880,2018-06-26,1.697,1.697,1.65,1.68
510880,2018-06-27,1.68,1.689,1.636,1.648
510880,2018-06-28,1.651,1.652,1.616,1.621
510880,2018-06-29,1.624,1.67,1.623,1.667
510880,2018-07-02,1.668,1.668,1.576,1.592
510880,2018-07-03,1.598,1.601,1.541,1.597
510880,2018-07-04,1.596,1.61,1.587,1.59
510880,2018-07-05,1.591,1.605,1.567,1.576
510880,2018-07-06,1.579,1.607,1.55,1.593
510880,2018-07-09,1.597,1.65,1.596,1.648
510880,2018-07-10,1.648,1.663,1.637,1.658
510880,2018-07-11,1.617,1.629,1.603,1.62
510880,2018-07-12,1.617,1.677,1.617,1.665
510880,2018-07-13,1.671,1.676,1.657,1.662
510880,2018-07-16,1.663,1.671,1.637,1.652
510880,2018-07-17,1.64,1.651,1.623,1.639
510880,2018-07-18,1.639,1.672,1.639,1.653
510880,2018-07-19,1.654,1.667,1.642,1.642
510880,2018-07-20,1.643,1.717,1.635,1.709
510880,2018-07-23,1.703,1.751,1.696,1.746
510880,2018-07-24,1.747,1.779,1.747,1.768
510880,2018-07-25,1.776,1.776,1.758,1.767
510880,2018-07-26,1.767,1.779,1.745,1.75
510880,2018-07-27,1.75,1.757,1.739,1.742
510880,2018-07-30,1.742,1.77,1.733,1.747
510880,2018-07-31,1.746,1.771,1.736,1.764
510880,2018-08-01,1.766,1.775,1.711,1.713
510880,2018-08-02,1.707,1.707,1.63,1.656
510880,2018-08-03,1.659,1.674,1.642,1.643
510880,2018-08-06,1.648,1.666,1.616,1.627
510880,2018-08-07,1.63,1.683,1.619,1.683
510880,2018-08-08,1.681,1.681,1.648,1.648
510880,2018-08-09,1.647,1.7,1.64,1.692
510880,2018-08-10,1.695,1.7,1.665,1.682
510880,2018-08-13,1.667,1.667,1.629,1.661
510880,2018-08-14,1.661,1.666,1.649,1.655
510880,2018-08-15,1.657,1.661,1.608,1.609
510880,2018-08-16,1.6,1.617,1.569,1.599
510880,2018-08-17,1.614,1.619,1.572,1.574
510880,2018-08-20,1.577,1.602,1.572,1.6
510880,2018-08-21,1.602,1.635,1.602,1.626
510880,2018-08-22,1.626,1.631,1.61,1.615
510880,2018-08-23,1.615,1.636,1.602,1.624
510880,2018-08-24,1.623,1.652,1.61,1.634
510880,2018-08-27,1.637,1.688,1.637,1.686
510880,2018-08-28,1.686,1.694,1.68,1.684
510880,2018-08-29,1.682,1.686,1.664,1.681
510880,2018-08-30,1.672,1.686,1.657,1.663
510880,2018-08-31,1.656,1.668,1.639,1.653
510880,2018-09-03,1.655,1.659,1.627,1.649
510880,2018-09-04,1.65,1.679,1.643,1.673
510880,2018-09-05,1.668,1.671,1.63,1.637
510880,2018-09-06,1.625,1.64,1.61,1.612
510880,2018-09-07,1.617,1.644,1.607,1.624
510880,2018-09-10,1.62,1.627,1.607,1.612
510880,2018-09-11,1.611,1.612,1.59,1.601
510880,2018-09-12,1.604,1.611,1.583,1.597
510880,2018-09-13,1.612,1.627,1.6,1.626
510880,2018-09-14,1.627,1.636,1.62,1.629
510880,2018-09-17,1.626,1.626,1.609,1.615
510880,2018-09-18,1.611,1.654,1.607,1.653
510880,2018-09-19,1.653,1.696,1.646,1.688
510880,2018-09-20,1.691,1.694,1.676,1.679
510880,2018-09-21,1.685,1.757,1.679,1.755
510880,2018-09-25,1.732,1.74,1.724,1.732
510880,2018-09-26,1.737,1.786,1.735,1.752
510880,2018-09-27,1.749,1.76,1.745,1.756
510880,2018-09-28,1.756,1.782,1.756,1.778
510880,2018-10-08,1.746,1.746,1.68,1.684
510880,2018-10-09,1.684,1.694,1.673,1.676
510880,2018-10-10,1.68,1.7,1.666,1.686
510880,2018-10-11,1.622,1.652,1.548,1.575
510880,2018-10-12,1.574,1.601,1.538,1.591
510880,2018-10-15,1.6,1.601,1.544,1.552
510880,2018-10-16,1.55,1.567,1.527,1.531
510880,2018-10-17,1.548,1.564,1.519,1.551
510880,2018-10-18,1.542,1.542,1.502,1.507
510880,2018-10-19,1.496,1.566,1.477,1.564
510880,2018-10-22,1.579,1.672,1.579,1.652
510880,2018-10-23,1.653,1.653,1.582,1.589
510880,2018-10-24,1.588,1.633,1.58,1.601
510880,2018-10-25,1.557,1.602,1.531,1.598
510880,2018-10-26,1.607,1.622,1.586,1.602
510880,2018-10-29,1.602,1.608,1.539,1.551
510880,2018-10-30,1.546,1.592,1.538,1.565
510880,2018-10-31,1.575,1.599,1.569,1.593
510880,2018-11-01,1.598,1.617,1.587,1.59
510880,2018-11-02,1.629,1.652,1.61,1.652
510880,2018-11-05,1.638,1.648,1.612,1.637
510880,2018-11-06,1.636,1.637,1.617,1.633
510880,2018-11-07,1.633,1.65,1.615,1.618
510880,2018-11-08,1.628,1.64,1.611,1.62
510880,2018-11-09,1.609,1.61,1.582,1.583
510880,2018-11-12,1.58,1.613,1.577,1.613
510880,2018-11-13,1.596,1.637,1.588,1.627
510880,2018-11-14,1.627,1.633,1.599,1.602
510880,2018-11-15,1.602,1.625,1.602,1.621
510880,2018-11-16,1.627,1.642,1.615,1.627
510880,2018-11-19,1.628,1.652,1.628,1.651
510880,2018-11-20,1.642,1.648,1.602,1.606
510880,2018-11-21,1.595,1.61,1.584,1.606
510880,2018-11-22,1.609,1.613,1.587,1.597
510880,2018-11-23,1.596,1.596,1.547,1.552
510880,2018-11-26,1.552,1.568,1.544,1.555
510880,2018-11-27,1.557,1.564,1.541,1.549
510880,2018-11-28,1.547,1.566,1.535,1.565
510880,2018-11-29,1.575,1.575,1.547,1.548
510880,2018-11-30,1.547,1.565,1.541,1.564
510880,2018-12-03,1.605,1.631,1.599,1.62
510880,2018-12-04,1.621,1.63,1.607,1.626
510880,2018-12-05,1.606,1.629,1.601,1.619
510880,2018-12-06,1.602,1.607,1.582,1.588
510880,2018-12-07,1.588,1.6,1.587,1.598
510880,2018-12-10,1.592,1.597,1.577,1.584
510880,2018-12-11,1.588,1.592,1.581,1.586
510880,2018-12-12,1.592,1.607,1.592,1.602
510880,2018-12-13,1.606,1.64,1.603,1.629
510880,2018-12-14,1.627,1.63,1.611,1.613
510880,2018-12-17,1.61,1.628,1.606,1.627
510880,2018-12-18,1.62,1.627,1.596,1.611
510880,2018-12-19,1.608,1.62,1.594,1.596
510880,2018-12-20,1.593,1.607,1.566,1.581
510880,2018-12-21,1.577,1.579,1.553,1.567
510880,2018-12-24,1.562,1.582,1.556,1.582
510880,2018-12-25,1.571,1.571,1.524,1.557
510880,2018-12-26,1.555,1.566,1.551,1.559
510880,2018-12-27,1.578,1.59,1.546,1.556
510880,2018-12-28,1.555,1.564,1.546,1.56
510880,2019-01-02,1.564,1.567,1.506,1.516
510880,2019-01-03,1.512,1.534,1.506,1.509
510880,2019-01-04,1.497,1.544,1.489,1.543
510880,2019-01-07,1.552,1.571,1.549,1.568
510880,2019-01-08,1.567,1.574,1.556,1.573
510880,2019-01-09,1.573,1.616,1.573,1.585
510880,2019-01-10,1.587,1.594,1.577,1.577
510880,2019-01-11,1.579,1.593,1.576,1.588
510880,2019-01-14,1.589,1.597,1.587,1.59
510880,2019-01-15,1.591,1.612,1.582,1.608
510880,2019-01-16,1.613,1.614,1.606,1.61
510880,2019-01-17,1.611,1.622,1.603,1.603
510880,2019-01-18,1.605,1.637,1.605,1.635
510880,2019-01-21,1.64,1.653,1.637,1.646
510880,2019-01-22,1.645,1.652,1.614,1.621
510880,2019-01-23,1.618,1.63,1.613,1.624
510880,2019-01-24,1.62,1.635,1.613,1.633
510880,2019-01-25,1.633,1.651,1.633,1.641
510880,2019-01-28,1.649,1.67,1.639,1.642
510880,2019-01-29,1.634,1.658,1.617,1.653
510880,2019-01-30,1.649,1.659,1.635,1.644
510880,2019-01-31,1.646,1.669,1.646,1.66
510880,2019-02-01,1.663,1.683,1.655,1.682
510880,2019-02-11,1.682,1.705,1.675,1.697
510880,2019-02-12,1.707,1.725,1.697,1.716
510880,2019-02-13,1.718,1.764,1.715,1.747
510880,2019-02-14,1.748,1.76,1.74,1.752
510880,2019-02-15,1.749,1.749,1.709,1.713
510880,2019-02-18,1.722,1.773,1.722,1.773
510880,2019-02-19,1.775,1.791,1.757,1.769
510880,2019-02-20,1.771,1.777,1.757,1.772
510880,2019-02-21,1.772,1.786,1.75,1.754
510880,2019-02-22,1.755,1.783,1.742,1.782
510880,2019-02-25,1.788,1.902,1.788,1.9
510880,2019-02-26,1.893,1.929,1.875,1.883
510880,2019-02-27,1.875,1.923,1.867,1.881
510880,2019-02-28,1.88,1.902,1.875,1.882
510880,2019-03-01,1.891,1.911,1.874,1.91
510880,2019-03-04,1.915,1.985,1.915,1.944
510880,2019-03-05,1.941,1.96,1.927,1.959
510880,2019-03-06,1.959,2.002,1.942,1.994
510880,2019-03-07,1.991,2.001,1.96,1.985
510880,2019-03-08,1.962,1.962,1.865,1.868
510880,2019-03-11,1.864,1.911,1.86,1.905
510880,2019-03-12,1.925,1.963,1.909,1.933
510880,2019-03-13,1.933,1.939,1.908,1.912
510880,2019-03-14,1.911,1.933,1.866,1.88
510880,2019-03-15,1.879,1.927,1.879,1.907
510880,2019-03-18,1.909,1.985,1.905,1.982
510880,2019-03-19,1.984,2.002,1.966,1.979
510880,2019-03-20,1.968,1.989,1.941,1.977
510880,2019-03-21,1.98,2.007,1.98,1.992
510880,2019-03-22,1.991,2.001,1.955,1.994
510880,2019-03-25,1.946,1.988,1.946,1.951
510880,2019-03-26,1.953,1.967,1.9,1.905
510880,2019-03-27,1.92,1.953,1.916,1.95
510880,2019-03-28,1.95,1.964,1.928,1.937
510880,2019-03-29,1.937,2.001,1.92,1.994
510880,2019-04-01,1.997,2.075,1.997,2.071
510880,2019-04-02,2.082,2.089,2.063,2.069
510880,2019-04-03,2.065,2.105,2.037,2.101
510880,2019-04-04,2.118,2.143,2.105,2.136
510880,2019-04-08,2.145,2.168,2.106,2.151
510880,2019-04-09,2.145,2.155,2.13,2.144
510880,2019-04-10,2.135,2.157,2.112,2.137
510880,2019-04-11,2.137,2.152,2.096,2.11
510880,2019-04-12,2.105,2.106,2.068,2.086
510880,2019-04-15,2.135,2.14,2.076,2.08
510880,2019-04-16,2.074,2.12,2.04,2.12
510880,2019-04-17,2.119,2.134,2.097,2.124
510880,2019-04-18,2.125,2.125,2.097,2.1
510880,2019-04-19,2.1,2.115,2.077,2.107
510880,2019-04-22,2.11,2.113,2.045,2.047
510880,2019-04-23,2.045,2.049,2.016,2.02
510880,2019-04-24,2.02,2.044,2.008,2.041
510880,2019-04-25,2.04,2.04,1.971,1.974
510880,2019-04-26,1.973,1.973,1.936,1.94
510880,2019-04-29,1.94,1.958,1.921,1.922
510880,2019-04-30,1.924,1.952,1.92,1.949
510880,2019-05-06,1.906,1.91,1.785,1.816
510880,2019-05-07,1.821,1.854,1.821,1.846
510880,2019-05-08,1.816,1.848,1.795,1.816
510880,2019-05-09,1.802,1.811,1.773,1.775
510880,2019-05-10,1.79,1.838,1.752,1.835
510880,2019-05-13,1.795,1.814,1.79,1.797
510880,2019-05-14,1.787,1.797,1.774,1.781
510880,2019-05-15,1.794,1.828,1.793,1.822
510880,2019-05-16,1.822,1.838,1.796,1.835
510880,2019-05-17,1.835,1.842,1.776,1.779
510880,2019-05-20,1.779,1.79,1.747,1.766
510880,2019-05-21,1.771,1.808,1.764,1.793
510880,2019-05-22,1.792,1.8,1.778,1.79
510880,2019-05-23,1.784,1.784,1.76,1.762
510880,2019-05-24,1.764,1.775,1.755,1.762
510880,2019-05-27,1.762,1.79,1.746,1.789
510880,2019-05-28,1.789,1.812,1.781,1.79
510880,2019-05-29,1.79,1.802,1.786,1.793
510880,2019-05-30,1.789,1.793,1.774,1.793
510880,2019-05-31,1.792,1.805,1.785,1.788
510880,2019-06-03,1.796,1.804,1.77,1.776
510880,2019-06-04,1.775,1.776,1.763,1.766
510880,2019-06-05,1.786,1.793,1.773,1.777
510880,2019-06-06,1.775,1.775,1.75,1.75
510880,2019-06-10,1.76,1.787,1.756,1.774
510880,2019-06-11,1.778,1.835,1.776,1.834
510880,2019-06-12,1.831,1.831,1.811,1.816
510880,2019-06-13,1.815,1.816,1.79,1.807
510880,2019-06-14,1.801,1.815,1.782,1.783
510880,2019-06-17,1.783,1.801,1.777,1.791
510880,2019-06-18,1.792,1.799,1.787,1.794
510880,2019-06-19,1.832,1.843,1.813,1.813
510880,2019-06-20,1.813,1.871,1.81,1.861
510880,2019-06-21,1.861,1.878,1.856,1.867
510880,2019-06-24,1.867,1.872,1.858,1.869
510880,2019-06-25,1.868,1.87,1.826,1.844
510880,2019-06-26,1.839,1.856,1.835,1.85
510880,2019-06-27,1.852,1.88,1.852,1.872
510880,2019-06-28,1.872,1.874,1.849,1.861
510880,2019-07-01,1.905,1.905,1.888,1.901
510880,2019-07-02,1.9,1.916,1.894,1.914
510880,2019-07-03,1.913,1.92,1.903,1.916
510880,2019-07-04,1.913,1.931,1.905,1.913
510880,2019-07-05,1.914,1.922,1.902,1.918
510880,2019-07-08,1.912,1.918,1.846,1.857
510880,2019-07-09,1.856,1.867,1.85,1.854
510880,2019-07-10,1.854,1.863,1.833,1.838
510880,2019-07-11,1.843,1.859,1.833,1.839
510880,2019-07-12,1.842,1.855,1.835,1.852
510880,2019-07-15,1.851,1.862,1.811,1.853
510880,2019-07-16,1.852,1.86,1.846,1.855
510880,2019-07-17,1.852,1.859,1.843,1.852
510880,2019-07-18,1.846,1.846,1.826,1.826
510880,2019-07-19,1.825,1.854,1.825,1.843
510880,2019-07-22,1.843,1.851,1.817,1.822
510880,2019-07-23,1.825,1.834,1.823,1.833
510880,2019-07-24,1.835,1.863,1.835,1.854
510880,2019-07-25,1.856,1.87,1.855,1.869
510880,2019-07-26,1.868,1.883,1.862,1.88
510880,2019-07-29,1.88,1.887,1.875,1.885
510880,2019-07-30,1.883,1.909,1.883,1.901
510880,2019-07-31,1.897,1.897,1.878,1.883
510880,2019-08-01,1.88,1.88,1.856,1.862
510880,2019-08-02,1.824,1.828,1.816,1.826
510880,2019-08-05,1.822,1.822,1.778,1.781
510880,2019-08-06,1.755,1.757,1.705,1.735
510880,2019-08-07,1.742,1.745,1.727,1.727
510880,2019-08-08,1.736,1.752,1.736,1.748
510880,2019-08-09,1.758,1.76,1.741,1.75
510880,2019-08-12,1.749,1.779,1.745,1.779
510880,2019-08-13,1.769,1.769,1.76,1.763
510880,2019-08-14,1.778,1.794,1.767,1.769
510880,2019-08-15,1.747,1.786,1.732,1.783
510880,2019-08-16,1.787,1.794,1.777,1.784
510880,2019-08-19,1.786,1.829,1.786,1.828
510880,2019-08-20,1.829,1.835,1.819,1.834
510880,2019-08-21,1.832,1.838,1.826,1.833
510880,2019-08-22,1.833,1.835,1.816,1.825
510880,2019-08-23,1.825,1.835,1.816,1.832
510880,2019-08-26,1.805,1.823,1.796,1.819
510880,2019-08-27,1.819,1.864,1.817,1.855
510880,2019-08-28,1.849,1.856,1.836,1.842
510880,2019-08-29,1.845,1.847,1.822,1.829
510880,2019-08-30,1.837,1.848,1.811,1.814
510880,2019-09-02,1.816,1.855,1.816,1.845
510880,2019-09-03,1.846,1.854,1.842,1.854
510880,2019-09-04,1.854,1.893,1.851,1.89
510880,2019-09-05,1.9,1.941,1.899,1.913
510880,2019-09-06,1.915,1.927,1.911,1.925
510880,2019-09-09,1.945,1.952,1.93,1.939
510880,2019-09-10,1.939,1.94,1.922,1.93
510880,2019-09-11,1.934,1.938,1.922,1.924
510880,2019-09-12,1.925,1.947,1.925,1.941
510880,2019-09-16,1.944,1.956,1.942,1.95
510880,2019-09-17,1.948,1.948,1.905,1.915
510880,2019-09-18,1.917,1.923,1.913,1.918
510880,2019-09-19,1.917,1.921,1.909,1.921
510880,2019-09-20,1.922,1.928,1.919,1.922
510880,2019-09-23,1.92,1.921,1.881,1.894
510880,2019-09-24,1.897,1.913,1.891,1.897
510880,2019-09-25,1.897,1.897,1.868,1.87
510880,2019-09-26,1.874,1.884,1.865,1.87
510880,2019-09-27,1.87,1.872,1.851,1.856
510880,2019-09-30,1.854,1.857,1.831,1.838
510880,2019-10-08,1.841,1.855,1.833,1.848
510880,2019-10-09,1.843,1.873,1.836,1.87
510880,2019-10-10,1.871,1.883,1.87,1.882
510880,2019-10-11,1.886,1.917,1.886,1.911
510880,2019-10-14,1.916,1.952,1.916,1.937
510880,2019-10-15,1.936,1.939,1.919,1.924
510880,2019-10-16,1.92,1.943,1.914,1.917
510880,2019-10-17,1.906,1.917,1.896,1.902
510880,2019-10-18,1.905,1.913,1.864,1.873
510880,2019-10-21,1.872,1.883,1.857,1.878
510880,2019-10-22,1.879,1.884,1.867,1.882
510880,2019-10-23,1.882,1.885,1.871,1.877
510880,2019-10-24,1.873,1.888,1.869,1.882
510880,2019-10-25,1.88,1.885,1.862,1.885
510880,2019-10-28,1.884,1.897,1.884,1.895
510880,2019-10-29,1.895,1.895,1.883,1.883
510880,2019-10-30,1.88,1.88,1.847,1.852
510880,2019-10-31,1.852,1.853,1.836,1.84
510880,2019-11-01,1.837,1.866,1.831,1.864
510880,2019-11-04,1.865,1.88,1.86,1.872
510880,2019-11-05,1.876,1.903,1.869,1.886
510880,2019-11-06,1.886,1.886,1.865,1.869
510880,2019-11-07,1.869,1.882,1.868,1.876
510880,2019-11-08,1.895,1.896,1.862,1.866
510880,2019-11-11,1.86,1.86,1.814,1.815
510880,2019-11-12,1.815,1.822,1.805,1.82
510880,2019-11-13,1.817,1.817,1.803,1.807
510880,2019-11-14,1.807,1.809,1.798,1.805
510880,2019-11-15,1.805,1.808,1.79,1.79
510880,2019-11-18,1.792,1.805,1.778,1.804
510880,2019-11-19,1.809,1.826,1.803,1.825
510880,2019-11-20,1.826,1.829,1.811,1.813
510880,2019-11-21,1.81,1.816,1.8,1.811
510880,2019-11-22,1.815,1.831,1.804,1.813
510880,2019-11-25,1.813,1.849,1.812,1.844
510880,2019-11-26,1.853,1.854,1.835,1.838
510880,2019-11-27,1.838,1.842,1.827,1.832
510880,2019-11-28,1.83,1.836,1.822,1.825
510880,2019-11-29,1.822,1.83,1.813,1.819
510880,2019-12-02,1.818,1.838,1.818,1.827
510880,2019-12-03,1.825,1.831,1.814,1.83
510880,2019-12-04,1.82,1.829,1.809,1.816
510880,2019-12-05,1.822,1.832,1.819,1.829
510880,2019-12-06,1.828,1.831,1.816,1.824
510880,2019-12-09,1.823,1.842,1.823,1.84
510880,2019-12-10,1.84,1.847,1.837,1.847
510880,2019-12-11,1.847,1.866,1.847,1.862
510880,2019-12-12,1.862,1.865,1.856,1.861
510880,2019-12-13,1.873,1.896,1.873,1.892
510880,2019-12-16,1.901,1.917,1.9,1.916
510880,2019-12-17,1.916,1.953,1.907,1.935
510880,2019-12-18,1.935,1.946,1.927,1.93
510880,2019-12-19,1.933,1.94,1.929,1.938
510880,2019-12-20,1.94,1.942,1.921,1.923
510880,2019-12-23,1.923,1.926,1.889,1.892
510880,2019-12-24,1.893,1.901,1.881,1.9
510880,2019-12-25,1.9,1.902,1.89,1.9
510880,2019-12-26,1.902,1.929,1.901,1.928
510880,2019-12-27,1.93,1.948,1.93,1.93
510880,2019-12-30,1.928,1.955,1.921,1.954
510880,2019-12-31,1.954,1.975,1.95,1.972
510880,2020-01-02,1.985,2.018,1.985,2.009
510880,2020-01-03,2.009,2.014,1.993,2.002
510880,2020-01-06,1.998,2.02,1.991,1.996
510880,2020-01-07,1.994,2.017,1.994,2.016
510880,2020-01-08,2.014,2.014,1.989,1.996
510880,2020-01-09,2.005,2.021,2.005,2.019
510880,2020-01-10,2.021,2.026,1.998,2.01
510880,2020-01-13,2.011,2.023,1.998,2.021
510880,2020-01-14,2.029,2.041,2.026,2.036
510880,2020-01-15,2.034,2.037,2.01,2.026
510880,2020-01-16,2.026,2.029,2.014,2.022
510880,2020-01-17,2.019,2.035,1.999,2.003
510880,2020-01-20,2.003,2.008,1.989,2.003
510880,2020-01-21,2.003,2.019,1.95,1.952
510880,2020-01-22,1.951,1.961,1.913,1.948
510880,2020-01-23,1.939,1.949,1.868,1.886
510880,2020-02-03,1.675,1.675,1.629,1.637
510880,2020-02-04,1.637,1.702,1.632,1.701
510880,2020-02-05,1.702,1.752,1.695,1.733
510880,2020-02-06,1.735,1.749,1.709,1.739
510880,2020-02-07,1.732,1.734,1.709,1.733
510880,2020-02-10,1.732,1.777,1.715,1.776
510880,2020-02-11,1.782,1.804,1.772,1.79
510880,2020-02-12,1.79,1.797,1.776,1.797
510880,2020-02-13,1.795,1.8,1.779,1.781
510880,2020-02-14,1.778,1.797,1.777,1.796
510880,2020-02-17,1.796,1.842,1.796,1.841
510880,2020-02-18,1.842,1.854,1.831,1.843
510880,2020-02-19,1.842,1.853,1.834,1.841
510880,2020-02-20,1.841,1.878,1.838,1.877
510880,2020-02-21,1.877,1.911,1.874,1.893
510880,2020-02-24,1.891,1.891,1.857,1.875
510880,2020-02-25,1.844,1.845,1.799,1.841
510880,2020-02-26,1.809,1.88,1.809,1.848
510880,2020-02-27,1.853,1.871,1.844,1.85
510880,2020-02-28,1.819,1.82,1.764,1.777
510880,2020-03-02,1.778,1.863,1.778,1.856
510880,2020-03-03,1.879,1.899,1.847,1.863
510880,2020-03-04,1.856,1.888,1.848,1.887
510880,2020-03-05,1.894,1.915,1.891,1.909
510880,2020-03-06,1.894,1.894,1.874,1.886
510880,2020-03-09,1.84,1.849,1.812,1.815
510880,2020-03-10,1.809,1.858,1.797,1.852
510880,2020-03-11,1.852,1.862,1.835,1.836
510880,2020-03-12,1.816,1.817,1.787,1.795
510880,2020-03-13,1.719,1.771,1.69,1.751
510880,2020-03-16,1.754,1.782,1.685,1.693
510880,2020-03-17,1.694,1.719,1.634,1.67
510880,2020-03-18,1.68,1.701,1.637,1.644
510880,2020-03-19,1.639,1.643,1.565,1.601
510880,2020-03-20,1.611,1.627,1.594,1.626
510880,2020-03-23,1.588,1.588,1.545,1.551
510880,2020-03-24,1.587,1.597,1.56,1.593
510880,2020-03-25,1.631,1.657,1.627,1.65
510880,2020-03-26,1.647,1.649,1.63,1.632
510880,2020-03-27,1.652,1.668,1.642,1.645
510880,2020-03-30,1.627,1.634,1.605,1.623
510880,2020-03-31,1.637,1.643,1.616,1.618
510880,2020-04-01,1.618,1.631,1.602,1.602
510880,2020-04-02,1.599,1.63,1.569,1.628
510880,2020-04-03,1.628,1.633,1.612,1.621
510880,2020-04-07,1.643,1.658,1.641,1.656
510880,2020-04-08,1.653,1.658,1.643,1.657
510880,2020-04-09,1.659,1.667,1.655,1.656
510880,2020-04-10,1.656,1.662,1.634,1.639
510880,2020-04-13,1.639,1.64,1.62,1.629
510880,2020-04-14,1.632,1.654,1.632,1.653
510880,2020-04-15,1.655,1.658,1.64,1.644
510880,2020-04-16,1.64,1.643,1.629,1.636
510880,2020-04-17,1.643,1.654,1.64,1.643
510880,2020-04-20,1.643,1.647,1.635,1.646
510880,2020-04-21,1.645,1.645,1.616,1.63
510880,2020-04-22,1.623,1.632,1.613,1.631
510880,2020-04-23,1.632,1.636,1.622,1.623
510880,2020-04-24,1.622,1.623,1.601,1.605
510880,2020-04-27,1.606,1.62,1.605,1.616
510880,2020-04-28,1.614,1.615,1.565,1.598
510880,2020-04-29,1.597,1.635,1.594,1.63
510880,2020-04-30,1.632,1.671,1.632,1.671
510880,2020-05-06,1.661,1.67,1.641,1.67
510880,2020-05-07,1.67,1.674,1.659,1.671
510880,2020-05-08,1.672,1.691,1.672,1.688
510880,2020-05-11,1.688,1.702,1.676,1.686
510880,2020-05-12,1.686,1.688,1.665,1.675
510880,2020-05-13,1.669,1.68,1.66,1.677
510880,2020-05-14,1.677,1.678,1.653,1.653
510880,2020-05-15,1.655,1.663,1.646,1.648
510880,2020-05-18,1.649,1.655,1.641,1.648
510880,2020-05-19,1.654,1.665,1.65,1.656
510880,2020-05-20,1.656,1.657,1.638,1.64
510880,2020-05-21,1.641,1.646,1.629,1.632
510880,2020-05-22,1.633,1.634,1.59,1.598
510880,2020-05-25,1.598,1.599,1.583,1.597
510880,2020-05-26,1.599,1.61,1.598,1.609
510880,2020-05-27,1.61,1.627,1.608,1.621
510880,2020-05-28,1.621,1.633,1.61,1.625
510880,2020-05-29,1.622,1.622,1.605,1.611
510880,2020-06-01,1.611,1.652,1.611,1.651
510880,2020-06-02,1.651,1.662,1.649,1.657
510880,2020-06-03,1.664,1.684,1.664,1.667
510880,2020-06-04,1.686,1.688,1.669,1.678
510880,2020-06-05,1.678,1.678,1.655,1.663
510880,2020-06-08,1.665,1.679,1.665,1.673
510880,2020-06-09,1.673,1.681,1.673,1.679
510880,2020-06-10,1.679,1.68,1.665,1.669
510880,2020-06-11,1.671,1.672,1.649,1.652
510880,2020-06-12,1.639,1.65,1.62,1.649
510880,2020-06-15,1.649,1.65,1.63,1.633
510880,2020-06-16,1.639,1.663,1.639,1.661
510880,2020-06-17,1.661,1.675,1.66,1.669
510880,2020-06-18,1.669,1.696,1.663,1.69
510880,2020-06-19,1.69,1.692,1.681,1.687
510880,2020-06-22,1.687,1.689,1.672,1.675
510880,2020-06-23,1.675,1.675,1.661,1.666
510880,2020-06-24,1.667,1.674,1.665,1.669
510880,2020-06-29,1.669,1.669,1.648,1.651
510880,2020-06-30,1.655,1.67,1.655,1.668
510880,2020-07-01,1.67,1.709,1.67,1.708
510880,2020-07-02,1.709,1.767,1.699,1.765
510880,2020-07-03,1.769,1.81,1.769,1.802
510880,2020-07-06,1.816,1.992,1.816,1.985
510880,2020-07-07,2.002,2.072,1.929,1.942
510880,2020-07-08,1.943,1.985,1.914,1.982
510880,2020-07-09,1.979,2.001,1.945,1.994
510880,2020-07-10,1.994,1.994,1.919,1.932
510880,2020-07-13,1.931,1.993,1.924,1.985
510880,2020-07-14,1.987,2.012,1.931,1.969
510880,2020-07-15,1.979,1.985,1.904,1.929
510880,2020-07-16,1.929,1.951,1.855,1.857
510880,2020-07-17,1.858,1.889,1.839,1.859
510880,2020-07-20,1.863,1.963,1.863,1.96
510880,2020-07-21,1.964,1.975,1.944,1.953
510880,2020-07-22,1.953,1.986,1.95,1.954
510880,2020-07-23,1.951,1.951,1.881,1.921
510880,2020-07-24,1.921,1.922,1.827,1.844
510880,2020-07-27,1.844,1.859,1.816,1.831
510880,2020-07-28,1.833,1.862,1.833,1.85
510880,2020-07-29,1.841,1.886,1.832,1.881
510880,2020-07-30,1.893,1.904,1.882,1.883
510880,2020-07-31,1.884,1.919,1.879,1.902
510880,2020-08-03,1.921,1.965,1.921,1.963
510880,2020-08-04,1.977,1.984,1.949,1.964
510880,2020-08-05,1.964,1.964,1.927,1.949
510880,2020-08-06,1.95,1.966,1.933,1.962
510880,2020-08-07,1.962,1.962,1.929,1.957
510880,2020-08-10,1.959,1.996,1.959,1.989
510880,2020-08-11,1.989,2.017,1.969,1.976
510880,2020-08-12,1.976,1.976,1.922,1.956
510880,2020-08-13,1.961,1.987,1.959,1.98
510880,2020-08-14,1.982,1.996,1.949,1.994
510880,2020-08-17,1.999,2.069,1.999,2.056
510880,2020-08-18,2.057,2.067,2.051,2.059
510880,2020-08-19,2.062,2.079,2.044,2.051
510880,2020-08-20,2.051,2.054,2.029,2.036
510880,2020-08-21,2.038,2.049,2.021,2.034
510880,2020-08-24,2.042,2.048,2.032,2.038
510880,2020-08-25,2.049,2.056,2.018,2.025
510880,2020-08-26,2.025,2.027,1.977,1.985
510880,2020-08-27,1.987,1.993,1.965,1.986
510880,2020-08-28,1.985,2.021,1.981,2.018
510880,2020-08-31,2.026,2.036,2.007,2.008
510880,2020-09-01,2.008,2.01,1.985,2.006
510880,2020-09-02,2.009,2.018,1.994,2.006
510880,2020-09-03,2.006,2.023,1.994,2.001
510880,2020-09-04,2,2,1.956,1.981
510880,2020-09-07,1.984,2.005,1.964,1.968
510880,2020-09-08,1.971,1.985,1.959,1.98
510880,2020-09-09,1.968,1.976,1.944,1.958
510880,2020-09-10,1.962,1.975,1.937,1.94
510880,2020-09-11,1.941,1.942,1.916,1.937
510880,2020-09-14,1.94,1.946,1.929,1.939
510880,2020-09-15,1.941,1.947,1.935,1.947
510880,2020-09-16,1.947,1.965,1.941,1.955
510880,2020-09-17,1.955,1.968,1.944,1.958
510880,2020-09-18,1.959,1.993,1.953,1.992
510880,2020-09-21,1.994,1.997,1.977,1.98
510880,2020-09-22,1.978,1.978,1.942,1.948
510880,2020-09-23,1.949,1.957,1.94,1.947
510880,2020-09-24,1.947,1.948,1.904,1.908
510880,2020-09-25,1.911,1.919,1.887,1.902
510880,2020-09-28,1.903,1.91,1.896,1.904
510880,2020-09-29,1.906,1.918,1.899,1.904
510880,2020-09-30,1.904,1.914,1.885,1.897
510880,2020-10-09,1.914,1.943,1.914,1.934
510880,2020-10-12,1.936,1.98,1.936,1.979
510880,2020-10-13,1.981,1.985,1.96,1.974
510880,2020-10-14,1.975,1.977,1.959,1.962
510880,2020-10-15,1.962,1.964,1.951,1.954
510880,2020-10-16,1.954,1.964,1.95,1.957
510880,2020-10-19,1.96,1.984,1.943,1.946
510880,2020-10-20,1.946,1.946,1.926,1.942
510880,2020-10-21,1.942,1.945,1.926,1.938
510880,2020-10-22,1.938,1.94,1.922,1.926
510880,2020-10-23,1.927,1.935,1.915,1.918
510880,2020-10-26,1.917,1.918,1.896,1.902
510880,2020-10-27,1.9,1.901,1.886,1.894
510880,2020-10-28,1.894,1.901,1.879,1.898
510880,2020-10-29,1.89,1.928,1.881,1.922
510880,2020-10-30,1.922,1.939,1.903,1.906
510880,2020-11-02,1.907,1.922,1.907,1.917
510880,2020-11-03,1.919,1.937,1.919,1.935
510880,2020-11-04,1.938,1.962,1.938,1.96
510880,2020-11-05,1.975,2.009,1.975,2.006
510880,2020-11-06,2.006,2.03,2.001,2.029
510880,2020-11-09,2.044,2.084,2.044,2.08
510880,2020-11-10,2.089,2.097,2.063,2.069
510880,2020-11-11,2.068,2.097,2.06,2.084
510880,2020-11-12,2.084,2.099,2.074,2.097
510880,2020-11-13,2.097,2.097,2.059,2.077
510880,2020-11-16,2.087,2.136,2.087,2.134
510880,2020-11-17,2.135,2.159,2.135,2.145
510880,2020-11-18,2.145,2.162,2.14,2.159
510880,2020-11-19,2.159,2.161,2.13,2.14
510880,2020-11-20,2.14,2.155,2.127,2.155
510880,2020-11-23,2.158,2.214,2.157,2.199
510880,2020-11-24,2.205,2.209,2.18,2.194
510880,2020-11-25,2.196,2.208,2.159,2.162
510880,2020-11-26,2.162,2.163,2.138,2.154
510880,2020-11-27,2.154,2.179,2.141,2.175
510880,2020-11-30,2.177,2.199,2.143,2.148
510880,2020-12-01,2.148,2.159,2.124,2.154
510880,2020-12-02,2.155,2.164,2.14,2.156
510880,2020-12-03,2.154,2.154,2.125,2.131
510880,2020-12-04,2.131,2.132,2.098,2.12
510880,2020-12-07,2.121,2.126,2.076,2.076
510880,2020-12-08,2.077,2.089,2.064,2.069
510880,2020-12-09,2.07,2.072,2.029,2.031
510880,2020-12-10,2.031,2.051,2.03,2.048
510880,2020-12-11,2.049,2.059,2.019,2.041
510880,2020-12-14,2.042,2.045,1.991,2.003
510880,2020-12-15,2.004,2.006,1.97,1.99
510880,2020-12-16,1.99,2,1.982,1.988
510880,2020-12-17,1.988,2.014,1.966,2.014
510880,2020-12-18,2.014,2.048,2.014,2.032
510880,2020-12-21,2.032,2.044,2.015,2.036
510880,2020-12-22,2.034,2.034,1.97,1.977
510880,2020-12-23,1.979,1.99,1.969,1.98
510880,2020-12-24,1.981,1.99,1.96,1.97
510880,2020-12-25,1.969,1.992,1.956,1.98
510880,2020-12-28,1.98,1.984,1.959,1.967
510880,2020-12-29,1.968,1.975,1.94,1.942
510880,2020-12-30,1.943,1.958,1.933,1.947
510880,2020-12-31,1.947,1.961,1.94,1.958
510880,2021-01-04,1.958,1.965,1.94,1.965
510880,2021-01-05,1.965,1.965,1.92,1.943
510880,2021-01-06,1.943,1.949,1.928,1.94
510880,2021-01-07,1.94,1.945,1.919,1.93
510880,2021-01-08,1.931,1.945,1.918,1.943
510880,2021-01-11,1.944,1.947,1.906,1.91
510880,2021-01-12,1.911,1.933,1.91,1.931
510880,2021-01-13,1.932,1.946,1.924,1.938
510880,2021-01-14,1.938,1.947,1.924,1.936
510880,2021-01-15,1.936,1.959,1.936,1.954
510880,2021-01-18,1.99,1.99,1.95,1.968
510880,2021-01-19,1.969,1.986,1.951,1.971
510880,2021-01-20,1.972,1.98,1.961,1.969
510880,2021-01-21,1.97,1.982,1.963,1.973
510880,2021-01-22,1.975,1.976,1.943,1.949
510880,2021-01-25,1.949,1.949,1.912,1.914
510880,2021-01-26,1.914,1.922,1.901,1.903
510880,2021-01-27,1.903,1.918,1.9,1.902
510880,2021-01-28,1.901,1.901,1.868,1.87
510880,2021-01-29,1.871,1.882,1.84,1.854
510880,2021-02-01,1.855,1.874,1.839,1.871
510880,2021-02-02,1.871,1.879,1.87,1.877
510880,2021-02-03,1.877,1.879,1.852,1.857
510880,2021-02-04,1.856,1.857,1.83,1.84
510880,2021-02-05,1.84,1.865,1.831,1.859
510880,2021-02-08,1.859,1.881,1.853,1.872
510880,2021-02-09,1.872,1.888,1.863,1.888
510880,2021-02-10,1.889,1.909,1.889,1.907
510880,2021-02-18,1.93,1.974,1.93,1.97
510880,2021-02-19,1.97,2.024,1.97,2.022
510880,2021-02-22,2.024,2.101,2.024,2.066
510880,2021-02-23,2.067,2.068,2.029,2.038
510880,2021-02-24,2.038,2.043,1.99,2.007
510880,2021-02-25,2.009,2.059,2.009,2.049
510880,2021-02-26,2.043,2.043,1.991,1.997
510880,2021-03-01,1.998,2.033,1.998,2.032
510880,2021-03-02,2.042,2.05,2,2.017
510880,2021-03-03,2.018,2.084,2.017,2.082
510880,2021-03-04,2.082,2.107,2.066,2.078
510880,2021-03-05,2.06,2.062,2.028,2.05
510880,2021-03-08,2.058,2.084,2.033,2.039
510880,2021-03-09,2.04,2.068,1.99,2.028
510880,2021-03-10,2.035,2.043,2.01,2.013
510880,2021-03-11,2.013,2.062,2.013,2.06
510880,2021-03-12,2.068,2.095,2.054,2.087
510880,2021-03-15,2.087,2.122,2.086,2.112
510880,2021-03-16,2.113,2.12,2.09,2.115
510880,2021-03-17,2.114,2.114,2.084,2.101
510880,2021-03-18,2.102,2.115,2.095,2.101
510880,2021-03-19,2.095,2.105,2.072,2.084
510880,2021-03-22,2.085,2.115,2.085,2.11
510880,2021-03-23,2.11,2.115,2.076,2.089
510880,2021-03-24,2.074,2.083,2.031,2.041
510880,2021-03-25,2.041,2.062,2.04,2.043
510880,2021-03-26,2.045,2.077,2.045,2.075
510880,2021-03-29,2.088,2.116,2.078,2.111
510880,2021-03-30,2.111,2.115,2.088,2.11
510880,2021-03-31,2.11,2.11,2.092,2.103
510880,2021-04-01,2.104,2.129,2.097,2.121
510880,2021-04-02,2.121,2.126,2.093,2.098
510880,2021-04-06,2.1,2.112,2.1,2.105
510880,2021-04-07,2.105,2.127,2.092,2.125
510880,2021-04-08,2.125,2.139,2.119,2.126
510880,2021-04-09,2.127,2.134,2.114,2.13
510880,2021-04-12,2.131,2.146,2.124,2.137
510880,2021-04-13,2.135,2.136,2.104,2.105
510880,2021-04-14,2.105,2.116,2.098,2.111
510880,2021-04-15,2.112,2.119,2.106,2.115
510880,2021-04-16,2.115,2.159,2.115,2.15
510880,2021-04-19,2.15,2.169,2.141,2.162
510880,2021-04-20,2.159,2.162,2.151,2.154
510880,2021-04-21,2.15,2.152,2.132,2.145
510880,2021-04-22,2.145,2.171,2.145,2.153
510880,2021-04-23,2.149,2.151,2.136,2.148
510880,2021-04-26,2.152,2.164,2.133,2.14
510880,2021-04-27,2.137,2.138,2.11,2.127
510880,2021-04-28,2.123,2.131,2.11,2.13
510880,2021-04-29,2.13,2.15,2.12,2.146
510880,2021-04-30,2.14,2.143,2.106,2.117
510880,2021-05-06,2.118,2.165,2.118,2.158
510880,2021-05-07,2.168,2.208,2.162,2.189
510880,2021-05-10,2.201,2.233,2.195,2.23
510880,2021-05-11,2.227,2.228,2.161,2.203
510880,2021-05-12,2.197,2.219,2.187,2.214
510880,2021-05-13,2.19,2.207,2.167,2.171
510880,2021-05-14,2.171,2.185,2.167,2.177
510880,2021-05-17,2.177,2.191,2.17,2.172
510880,2021-05-18,2.172,2.188,2.168,2.184
510880,2021-05-19,2.183,2.183,2.155,2.159
510880,2021-05-20,2.135,2.135,2.097,2.115
510880,2021-05-21,2.115,2.134,2.114,2.12
510880,2021-05-24,2.12,2.13,2.112,2.118
510880,2021-05-25,2.118,2.152,2.108,2.145
510880,2021-05-26,2.145,2.173,2.142,2.164
510880,2021-05-27,2.164,2.179,2.157,2.176
510880,2021-05-28,2.182,2.194,2.164,2.172
510880,2021-05-31,2.183,2.184,2.156,2.175
510880,2021-06-01,2.175,2.198,2.158,2.197
510880,2021-06-02,2.197,2.198,2.183,2.192
510880,2021-06-03,2.192,2.228,2.192,2.206
510880,2021-06-04,2.207,2.21,2.182,2.2
510880,2021-06-07,2.2,2.21,2.19,2.197
510880,2021-06-08,2.198,2.2,2.18,2.186
510880,2021-06-09,2.186,2.217,2.182,2.202
510880,2021-06-10,2.202,2.23,2.2,2.213
510880,2021-06-11,2.222,2.23,2.212,2.217
510880,2021-06-15,2.227,2.23,2.192,2.201
510880,2021-06-16,2.201,2.217,2.186,2.192
510880,2021-06-17,2.192,2.202,2.178,2.184
510880,2021-06-18,2.184,2.188,2.178,2.184
510880,2021-06-21,2.183,2.183,2.17,2.172
510880,2021-06-22,2.172,2.201,2.172,2.197
510880,2021-06-23,2.198,2.238,2.197,2.233
510880,2021-06-24,2.236,2.263,2.225,2.245
510880,2021-06-25,2.246,2.263,2.238,2.255
510880,2021-06-28,2.255,2.255,2.216,2.219
510880,2021-06-29,2.219,2.219,2.196,2.198
510880,2021-06-30,2.198,2.219,2.194,2.212
510880,2021-07-01,2.215,2.231,2.206,2.213
510880,2021-07-02,2.213,2.216,2.188,2.189
510880,2021-07-05,2.19,2.202,2.18,2.196
510880,2021-07-06,2.196,2.203,2.19,2.203
510880,2021-07-07,2.2,2.21,2.188,2.206
510880,2021-07-08,2.206,2.206,2.16,2.163
510880,2021-07-09,2.163,2.182,2.137,2.181
510880,2021-07-12,2.181,2.202,2.175,2.186
510880,2021-07-13,2.187,2.211,2.182,2.208
510880,2021-07-14,2.208,2.224,2.206,2.214
510880,2021-07-15,2.214,2.247,2.195,2.245
510880,2021-07-16,2.245,2.273,2.238,2.257
510880,2021-07-19,2.26,2.271,2.244,2.249
510880,2021-07-20,2.243,2.243,2.213,2.229
510880,2021-07-21,2.233,2.248,2.218,2.225
510880,2021-07-22,2.225,2.25,2.219,2.25
510880,2021-07-23,2.254,2.273,2.232,2.241
510880,2021-07-26,2.24,2.24,2.168,2.192
510880,2021-07-27,2.192,2.212,2.127,2.133
510880,2021-07-28,2.134,2.151,2.074,2.107
510880,2021-07-29,2.118,2.138,2.105,2.129
510880,2021-07-30,2.129,2.163,2.116,2.16
510880,2021-08-02,2.159,2.159,2.08,2.137
510880,2021-08-03,2.125,2.13,2.093,2.098
510880,2021-08-04,2.099,2.124,2.099,2.122
510880,2021-08-05,2.121,2.136,2.103,2.11
510880,2021-08-06,2.11,2.123,2.095,2.121
510880,2021-08-09,2.121,2.172,2.112,2.161
510880,2021-08-10,2.161,2.163,2.141,2.16
510880,2021-08-11,2.169,2.221,2.168,2.218
510880,2021-08-12,2.217,2.256,2.201,2.249
510880,2021-08-13,2.247,2.251,2.229,2.244
510880,2021-08-16,2.244,2.269,2.241,2.252
510880,2021-08-17,2.25,2.268,2.212,2.218
510880,2021-08-18,2.218,2.24,2.217,2.236
510880,2021-08-19,2.229,2.233,2.209,2.226
510880,2021-08-20,2.224,2.243,2.209,2.241
510880,2021-08-23,2.254,2.27,2.249,2.254
510880,2021-08-24,2.263,2.287,2.26,2.278
510880,2021-08-25,2.278,2.312,2.274,2.312
510880,2021-08-26,2.311,2.368,2.305,2.353
510880,2021-08-27,2.351,2.385,2.31,2.382
510880,2021-08-30,2.386,2.41,2.375,2.407
510880,2021-08-31,2.407,2.482,2.395,2.48
510880,2021-09-01,2.493,2.528,2.444,2.475
510880,2021-09-02,2.474,2.556,2.47,2.554
510880,2021-09-03,2.554,2.556,2.523,2.531
510880,2021-09-06,2.541,2.576,2.534,2.559
510880,2021-09-07,2.565,2.651,2.564,2.64
510880,2021-09-08,2.641,2.693,2.626,2.676
510880,2021-09-09,2.678,2.782,2.66,2.777
510880,2021-09-10,2.778,2.783,2.709,2.714
510880,2021-09-13,2.714,2.808,2.709,2.786
510880,2021-09-14,2.786,2.786,2.71,2.716
510880,2021-09-15,2.715,2.734,2.67,2.693
510880,2021-09-16,2.718,2.761,2.675,2.68
510880,2021-09-17,2.675,2.707,2.535,2.591
510880,2021-09-22,2.575,2.649,2.535,2.649
510880,2021-09-23,2.691,2.715,2.617,2.64
510880,2021-09-24,2.625,2.627,2.52,2.526
510880,2021-09-27,2.526,2.544,2.429,2.441
510880,2021-09-28,2.441,2.524,2.44,2.519
510880,2021-09-29,2.518,2.519,2.417,2.435
510880,2021-09-30,2.434,2.453,2.401,2.45
510880,2021-10-08,2.477,2.493,2.415,2.44
510880,2021-10-11,2.442,2.485,2.431,2.483
510880,2021-10-12,2.483,2.523,2.404,2.443
510880,2021-10-13,2.443,2.445,2.363,2.403
510880,2021-10-14,2.389,2.407,2.361,2.386
510880,2021-10-15,2.386,2.416,2.366,2.408
510880,2021-10-18,2.408,2.46,2.394,2.457
510880,2021-10-19,2.457,2.484,2.43,2.469
510880,2021-10-20,2.448,2.448,2.388,2.395
510880,2021-10-21,2.391,2.461,2.39,2.433
510880,2021-10-22,2.427,2.454,2.366,2.371
510880,2021-10-25,2.373,2.38,2.34,2.37
510880,2021-10-26,2.37,2.373,2.336,2.344
510880,2021-10-27,2.34,2.34,2.269,2.273
510880,2021-10-28,2.26,2.261,2.188,2.196
510880,2021-10-29,2.196,2.207,2.18,2.2
510880,2021-11-01,2.198,2.217,2.178,2.209
510880,2021-11-02,2.21,2.217,2.128,2.158
510880,2021-11-03,2.158,2.205,2.156,2.199
510880,2021-11-04,2.197,2.198,2.171,2.192
510880,2021-11-05,2.184,2.184,2.151,2.153
510880,2021-11-08,2.153,2.167,2.145,2.15
510880,2021-11-09,2.15,2.153,2.126,2.136
510880,2021-11-10,2.13,2.131,2.086,2.129
510880,2021-11-11,2.13,2.18,2.13,2.176
510880,2021-11-12,2.177,2.179,2.149,2.16
510880,2021-11-15,2.16,2.165,2.146,2.164
510880,2021-11-16,2.164,2.176,2.145,2.147
510880,2021-11-17,2.147,2.152,2.137,2.15
510880,2021-11-18,2.151,2.167,2.146,2.15
510880,2021-11-19,2.147,2.195,2.136,2.186
510880,2021-11-22,2.188,2.2,2.179,2.185
510880,2021-11-23,2.185,2.21,2.18,2.198
510880,2021-11-24,2.202,2.231,2.202,2.23
510880,2021-11-25,2.23,2.24,2.203,2.219
510880,2021-11-26,2.21,2.21,2.182,2.187
510880,2021-11-29,2.168,2.168,2.138,2.152
510880,2021-11-30,2.152,2.178,2.143,2.154
510880,2021-12-01,2.153,2.181,2.143,2.179
510880,2021-12-02,2.178,2.201,2.171,2.194
510880,2021-12-03,2.194,2.24,2.177,2.225
510880,2021-12-06,2.225,2.257,2.21,2.217
510880,2021-12-07,2.237,2.248,2.215,2.247
510880,2021-12-08,2.247,2.248,2.227,2.247
510880,2021-12-09,2.247,2.266,2.237,2.258
510880,2021-12-10,2.25,2.25,2.23,2.238
510880,2021-12-13,2.238,2.244,2.225,2.229
510880,2021-12-14,2.225,2.225,2.191,2.191
510880,2021-12-15,2.188,2.212,2.181,2.203
510880,2021-12-16,2.206,2.246,2.205,2.245
510880,2021-12-17,2.249,2.258,2.224,2.229
510880,2021-12-20,2.228,2.242,2.199,2.203
510880,2021-12-21,2.202,2.245,2.2,2.242
510880,2021-12-22,2.242,2.245,2.227,2.237
510880,2021-12-23,2.236,2.25,2.229,2.246
510880,2021-12-24,2.246,2.247,2.226,2.235
510880,2021-12-27,2.234,2.258,2.23,2.242
510880,2021-12-28,2.242,2.245,2.214,2.225
510880,2021-12-29,2.224,2.227,2.212,2.215
510880,2021-12-30,2.215,2.218,2.208,2.212
510880,2021-12-31,2.212,2.239,2.211,2.236
510880,2022-01-04,2.252,2.282,2.251,2.278
510880,2022-01-05,2.277,2.277,2.251,2.269
510880,2022-01-06,2.265,2.281,2.255,2.273
510880,2022-01-07,2.272,2.305,2.268,2.289
510880,2022-01-10,2.289,2.309,2.281,2.308
510880,2022-01-11,2.307,2.34,2.3,2.329
510880,2022-01-12,2.329,2.332,2.298,2.317
510880,2022-01-13,2.317,2.34,2.315,2.316
510880,2022-01-14,2.315,2.315,2.268,2.271
510880,2022-01-17,2.271,2.295,2.264,2.274
510880,2022-01-18,2.274,2.312,2.268,2.304
510880,2022-01-19,2.304,2.339,2.304,2.321
510880,2022-01-20,2.318,2.336,2.297,2.307
510880,2022-01-21,2.307,2.312,2.287,2.304
510880,2022-01-24,2.302,2.303,2.271,2.29
510880,2022-01-25,2.287,2.287,2.21,2.211
510880,2022-01-26,2.211,2.228,2.195,2.219
510880,2022-01-27,2.219,2.232,2.2,2.201
510880,2022-01-28,2.202,2.213,2.171,2.193
510880,2022-02-07,2.199,2.258,2.199,2.252
510880,2022-02-08,2.263,2.323,2.261,2.319
510880,2022-02-09,2.319,2.344,2.318,2.325
510880,2022-02-10,2.324,2.368,2.297,2.366
510880,2022-02-11,2.365,2.401,2.355,2.369
510880,2022-02-14,2.368,2.368,2.316,2.323
510880,2022-02-15,2.322,2.323,2.294,2.304
510880,2022-02-16,2.304,2.338,2.304,2.333
510880,2022-02-17,2.332,2.332,2.307,2.319
510880,2022-02-18,2.315,2.374,2.307,2.372
510880,2022-02-21,2.368,2.399,2.354,2.398
510880,2022-02-22,2.381,2.39,2.356,2.387
510880,2022-02-23,2.384,2.384,2.337,2.356
510880,2022-02-24,2.352,2.356,2.302,2.331
510880,2022-02-25,2.33,2.356,2.292,2.311
510880,2022-02-28,2.311,2.323,2.285,2.32
510880,2022-03-01,2.324,2.357,2.32,2.35
510880,2022-03-02,2.352,2.387,2.351,2.383
510880,2022-03-03,2.385,2.425,2.385,2.418
510880,2022-03-04,2.414,2.433,2.38,2.408
510880,2022-03-07,2.421,2.434,2.375,2.388
510880,2022-03-08,2.382,2.382,2.297,2.305
510880,2022-03-09,2.306,2.331,2.191,2.248
510880,2022-03-10,2.265,2.319,2.249,2.294
510880,2022-03-11,2.288,2.318,2.237,2.314
510880,2022-03-14,2.308,2.343,2.272,2.275
510880,2022-03-15,2.267,2.267,2.112,2.117
510880,2022-03-16,2.12,2.184,2.046,2.176
510880,2022-03-17,2.198,2.238,2.185,2.206
510880,2022-03-18,2.206,2.282,2.198,2.276
510880,2022-03-21,2.275,2.306,2.267,2.295
510880,2022-03-22,2.293,2.355,2.281,2.343
510880,2022-03-23,2.341,2.353,2.308,2.339
510880,2022-03-24,2.333,2.356,2.324,2.346
510880,2022-03-25,2.345,2.375,2.335,2.347
510880,2022-03-28,2.346,2.397,2.316,2.393
510880,2022-03-29,2.39,2.413,2.372,2.411
510880,2022-03-30,2.398,2.426,2.386,2.419
510880,2022-03-31,2.418,2.484,2.418,2.458
510880,2022-04-01,2.452,2.495,2.438,2.491
510880,2022-04-06,2.489,2.542,2.477,2.536
510880,2022-04-07,2.521,2.536,2.481,2.49
510880,2022-04-08,2.486,2.526,2.456,2.525
510880,2022-04-11,2.522,2.522,2.458,2.466
510880,2022-04-12,2.463,2.49,2.431,2.456
510880,2022-04-13,2.447,2.515,2.443,2.479
510880,2022-04-14,2.484,2.544,2.477,2.535
510880,2022-04-15,2.526,2.566,2.491,2.502
510880,2022-04-18,2.486,2.49,2.427,2.438
510880,2022-04-19,2.432,2.485,2.414,2.482
510880,2022-04-20,2.466,2.472,2.378,2.395
510880,2022-04-21,2.385,2.406,2.326,2.341
510880,2022-04-22,2.332,2.377,2.304,2.371
510880,2022-04-25,2.345,2.345,2.246,2.247
510880,2022-04-26,2.247,2.274,2.199,2.208
510880,2022-04-27,2.211,2.245,2.181,2.244
510880,2022-04-28,2.242,2.295,2.234,2.29
510880,2022-04-29,2.29,2.332,2.258,2.324
510880,2022-05-05,2.323,2.332,2.293,2.313
510880,2022-05-06,2.275,2.281,2.229,2.238
510880,2022-05-09,2.234,2.234,2.207,2.23
510880,2022-05-10,2.23,2.234,2.172,2.233
510880,2022-05-11,2.232,2.254,2.224,2.231
510880,2022-05-12,2.231,2.241,2.196,2.219
510880,2022-05-13,2.219,2.275,2.219,2.274
510880,2022-05-16,2.302,2.325,2.275,2.318
510880,2022-05-17,2.317,2.325,2.282,2.308
510880,2022-05-18,2.307,2.307,2.273,2.28
510880,2022-05-19,2.256,2.283,2.245,2.283
510880,2022-05-20,2.283,2.326,2.282,2.322
510880,2022-05-23,2.329,2.344,2.318,2.326
510880,2022-05-24,2.326,2.333,2.28,2.282
510880,2022-05-25,2.279,2.313,2.268,2.311
510880,2022-05-26,2.313,2.356,2.305,2.351
510880,2022-05-27,2.352,2.361,2.341,2.35
510880,2022-05-30,2.35,2.361,2.324,2.336
510880,2022-05-31,2.334,2.343,2.321,2.34
510880,2022-06-01,2.336,2.351,2.323,2.349
510880,2022-06-02,2.348,2.348,2.315,2.331
510880,2022-06-06,2.329,2.332,2.305,2.33
510880,2022-06-07,2.33,2.358,2.318,2.345
510880,2022-06-08,2.35,2.384,2.334,2.383
510880,2022-06-09,2.381,2.415,2.372,2.39
510880,2022-06-10,2.385,2.418,2.365,2.41
510880,2022-06-13,2.4,2.4,2.347,2.366
510880,2022-06-14,2.351,2.406,2.343,2.404
510880,2022-06-15,2.401,2.447,2.389,2.407
510880,2022-06-16,2.406,2.421,2.35,2.36
510880,2022-06-17,2.346,2.36,2.331,2.353
510880,2022-06-20,2.348,2.348,2.321,2.331
510880,2022-06-21,2.331,2.351,2.324,2.337
510880,2022-06-22,2.336,2.34,2.296,2.301
510880,2022-06-23,2.299,2.329,2.286,2.325
510880,2022-06-24,2.326,2.338,2.316,2.329
510880,2022-06-27,2.329,2.361,2.326,2.356
510880,2022-06-28,2.356,2.381,2.352,2.381
510880,2022-06-29,2.38,2.416,2.376,2.393
510880,2022-06-30,2.393,2.418,2.384,2.41
510880,2022-07-01,2.408,2.422,2.382,2.415
510880,2022-07-04,2.412,2.427,2.403,2.421
510880,2022-07-05,2.426,2.45,2.418,2.435
510880,2022-07-06,2.42,2.421,2.351,2.369
510880,2022-07-07,2.368,2.39,2.357,2.382
510880,2022-07-08,2.394,2.401,2.376,2.38
510880,2022-07-11,2.377,2.377,2.342,2.353
510880,2022-07-12,2.353,2.39,2.353,2.376
510880,2022-07-13,2.376,2.382,2.36,2.374
510880,2022-07-14,2.374,2.374,2.336,2.344
510880,2022-07-15,2.344,2.356,2.303,2.304
510880,2022-07-18,2.305,2.363,2.305,2.363
510880,2022-07-19,2.363,2.373,2.351,2.367
510880,2022-07-20,2.366,2.381,2.366,2.372
510880,2022-07-21,2.371,2.371,2.326,2.328
510880,2022-07-22,2.326,2.332,2.296,2.311
510880,2022-07-25,2.313,2.331,2.311,2.32
510880,2022-07-26,2.32,2.367,2.308,2.358
510880,2022-07-27,2.353,2.368,2.339,2.358
510880,2022-07-28,2.364,2.375,2.356,2.369
510880,2022-07-29,2.371,2.377,2.342,2.347
510880,2022-08-01,2.347,2.36,2.32,2.354
510880,2022-08-02,2.346,2.347,2.273,2.291
510880,2022-08-03,2.289,2.321,2.258,2.263
510880,2022-08-04,2.266,2.275,2.242,2.267
510880,2022-08-05,2.267,2.275,2.246,2.271
510880,2022-08-08,2.272,2.307,2.267,2.302
510880,2022-08-09,2.302,2.326,2.293,2.323
510880,2022-08-10,2.322,2.326,2.298,2.307
510880,2022-08-11,2.313,2.335,2.309,2.334
510880,2022-08-12,2.334,2.364,2.334,2.361
510880,2022-08-15,2.359,2.39,2.356,2.375
510880,2022-08-16,2.375,2.392,2.368,2.385
510880,2022-08-17,2.383,2.396,2.371,2.389
510880,2022-08-18,2.387,2.4,2.362,2.365
510880,2022-08-19,2.368,2.41,2.368,2.39
510880,2022-08-22,2.391,2.42,2.388,2.416
510880,2022-08-23,2.415,2.439,2.394,2.426
510880,2022-08-24,2.427,2.434,2.38,2.382
510880,2022-08-25,2.389,2.449,2.389,2.447
510880,2022-08-26,2.446,2.453,2.421,2.426
510880,2022-08-29,2.425,2.453,2.384,2.448
510880,2022-08-30,2.446,2.454,2.405,2.421
510880,2022-08-31,2.42,2.426,2.392,2.403
510880,2022-09-01,2.401,2.465,2.396,2.431
510880,2022-09-02,2.431,2.437,2.415,2.425
510880,2022-09-05,2.436,2.481,2.425,2.479
510880,2022-09-06,2.484,2.532,2.478,2.528
510880,2022-09-07,2.527,2.532,2.503,2.52
510880,2022-09-08,2.518,2.53,2.489,2.511
510880,2022-09-09,2.513,2.558,2.513,2.554
510880,2022-09-13,2.553,2.558,2.523,2.531
510880,2022-09-14,2.515,2.538,2.501,2.505
510880,2022-09-15,2.519,2.552,2.481,2.517
510880,2022-09-16,2.511,2.514,2.42,2.427
510880,2022-09-19,2.42,2.444,2.4,2.427
510880,2022-09-20,2.437,2.448,2.419,2.424
510880,2022-09-21,2.419,2.46,2.406,2.451
510880,2022-09-22,2.442,2.469,2.436,2.463
510880,2022-09-23,2.46,2.482,2.431,2.439
510880,2022-09-26,2.43,2.443,2.384,2.391
510880,2022-09-27,2.391,2.409,2.352,2.407
510880,2022-09-28,2.407,2.411,2.379,2.386
510880,2022-09-29,2.395,2.419,2.367,2.381
510880,2022-09-30,2.381,2.422,2.378,2.406
510880,2022-10-10,2.407,2.46,2.406,2.411
510880,2022-10-11,2.411,2.417,2.376,2.401
510880,2022-10-12,2.4,2.437,2.372,2.436
510880,2022-10-13,2.432,2.432,2.371,2.39
510880,2022-10-14,2.394,2.433,2.394,2.422
510880,2022-10-17,2.422,2.422,2.371,2.413
510880,2022-10-18,2.411,2.425,2.396,2.408
510880,2022-10-19,2.407,2.426,2.396,2.405
510880,2022-10-20,2.401,2.401,2.371,2.379
510880,2022-10-21,2.379,2.408,2.379,2.392
510880,2022-10-24,2.391,2.399,2.325,2.34
510880,2022-10-25,2.341,2.346,2.292,2.312
510880,2022-10-26,2.311,2.326,2.286,2.295
510880,2022-10-27,2.296,2.323,2.295,2.309
510880,2022-10-28,2.306,2.306,2.249,2.26
510880,2022-10-31,2.26,2.261,2.184,2.193
510880,2022-11-01,2.194,2.213,2.171,2.213
510880,2022-11-02,2.213,2.252,2.197,2.246
510880,2022-11-03,2.235,2.241,2.217,2.227
510880,2022-11-04,2.227,2.29,2.227,2.275
510880,2022-11-07,2.275,2.311,2.269,2.3
510880,2022-11-08,2.3,2.308,2.29,2.3
510880,2022-11-09,2.3,2.326,2.297,2.298
510880,2022-11-10,2.293,2.316,2.262,2.305
510880,2022-11-11,2.344,2.384,2.333,2.367
510880,2022-11-14,2.396,2.418,2.346,2.356
510880,2022-11-15,2.356,2.369,2.334,2.366
510880,2022-11-16,2.366,2.369,2.353,2.357
510880,2022-11-17,2.356,2.356,2.318,2.336
510880,2022-11-18,2.336,2.337,2.317,2.323
510880,2022-11-21,2.314,2.317,2.285,2.312
510880,2022-11-22,2.312,2.351,2.311,2.331
510880,2022-11-23,2.33,2.362,2.326,2.347
510880,2022-11-24,2.359,2.366,2.343,2.363
510880,2022-11-25,2.362,2.416,2.359,2.412
510880,2022-11-28,2.392,2.402,2.364,2.394
510880,2022-11-29,2.431,2.482,2.416,2.48
510880,2022-11-30,2.474,2.509,2.45,2.46
510880,2022-12-01,2.484,2.49,2.436,2.439
510880,2022-12-02,2.439,2.439,2.401,2.418
510880,2022-12-05,2.429,2.48,2.429,2.471
510880,2022-12-06,2.468,2.469,2.445,2.459
510880,2022-12-07,2.452,2.464,2.431,2.444
510880,2022-12-08,2.443,2.468,2.435,2.459
510880,2022-12-09,2.457,2.471,2.446,2.466
510880,2022-12-12,2.454,2.457,2.403,2.404
510880,2022-12-13,2.404,2.428,2.399,2.418
510880,2022-12-14,2.418,2.42,2.406,2.412
510880,2022-12-15,2.41,2.411,2.369,2.377
510880,2022-12-16,2.372,2.414,2.366,2.399
510880,2022-12-19,2.399,2.41,2.344,2.36
510880,2022-12-20,2.36,2.361,2.311,2.326
510880,2022-12-21,2.328,2.345,2.316,2.329
510880,2022-12-22,2.336,2.352,2.298,2.307
510880,2022-12-23,2.306,2.315,2.289,2.297
510880,2022-12-26,2.297,2.302,2.288,2.29
510880,2022-12-27,2.292,2.323,2.292,2.318
510880,2022-12-28,2.318,2.329,2.3,2.324
510880,2022-12-29,2.322,2.322,2.287,2.295
510880,2022-12-30,2.296,2.311,2.292,2.309
510880,2023-01-03,2.31,2.329,2.3,2.322
510880,2023-01-04,2.322,2.351,2.315,2.343
510880,2023-01-05,2.346,2.354,2.338,2.348
510880,2023-01-06,2.348,2.35,2.338,2.343
510880,2023-01-09,2.347,2.353,2.336,2.345
510880,2023-01-10,2.346,2.35,2.324,2.329
510880,2023-01-11,2.329,2.357,2.327,2.351
510880,2023-01-12,2.351,2.352,2.328,2.338
510880,2023-01-13,2.339,2.356,2.339,2.353
510880,2023-01-16,2.404,2.404,2.354,2.372
510880,2023-01-17,2.372,2.376,2.36,2.364
510880,2023-01-18,2.364,2.375,2.364,2.367
510880,2023-01-19,2.368,2.374,2.359,2.373
510880,2023-01-20,2.374,2.402,2.374,2.401
510880,2023-01-30,2.417,2.433,2.384,2.385
510880,2023-01-31,2.385,2.394,2.38,2.393
510880,2023-02-01,2.393,2.399,2.38,2.397
510880,2023-02-02,2.397,2.407,2.386,2.401
510880,2023-02-03,2.399,2.4,2.37,2.383
510880,2023-02-06,2.376,2.376,2.361,2.368
510880,2023-02-07,2.368,2.386,2.368,2.379
510880,2023-02-08,2.381,2.386,2.37,2.372
510880,2023-02-09,2.37,2.384,2.365,2.381
510880,2023-02-10,2.382,2.389,2.376,2.384
510880,2023-02-13,2.384,2.39,2.371,2.389
510880,2023-02-14,2.388,2.407,2.388,2.406
510880,2023-02-15,2.406,2.407,2.389,2.393
510880,2023-02-16,2.393,2.411,2.364,2.378
510880,2023-02-17,2.383,2.398,2.375,2.383
510880,2023-02-20,2.383,2.428,2.383,2.427
510880,2023-02-21,2.432,2.47,2.432,2.463
510880,2023-02-22,2.463,2.473,2.444,2.467
510880,2023-02-23,2.478,2.494,2.466,2.478
510880,2023-02-24,2.477,2.48,2.453,2.47
510880,2023-02-27,2.464,2.491,2.464,2.475
510880,2023-02-28,2.475,2.482,2.461,2.482
510880,2023-03-01,2.483,2.5,2.482,2.499
510880,2023-03-02,2.499,2.526,2.494,2.513
510880,2023-03-03,2.514,2.532,2.505,2.528
510880,2023-03-06,2.529,2.534,2.511,2.514
510880,2023-03-07,2.513,2.554,2.504,2.507
510880,2023-03-08,2.504,2.506,2.485,2.505
510880,2023-03-09,2.506,2.523,2.499,2.501
510880,2023-03-10,2.498,2.498,2.454,2.461
510880,2023-03-13,2.457,2.494,2.454,2.494
510880,2023-03-14,2.494,2.507,2.467,2.479
510880,2023-03-15,2.483,2.509,2.47,2.503
510880,2023-03-16,2.494,2.508,2.478,2.482
510880,2023-03-17,2.485,2.514,2.485,2.501
510880,2023-03-20,2.501,2.525,2.486,2.488
510880,2023-03-21,2.49,2.498,2.471,2.48
510880,2023-03-22,2.484,2.505,2.477,2.494
510880,2023-03-23,2.493,2.499,2.48,2.496
510880,2023-03-24,2.499,2.501,2.474,2.478
510880,2023-03-27,2.478,2.478,2.444,2.457
510880,2023-03-28,2.459,2.47,2.45,2.462
510880,2023-03-29,2.464,2.474,2.455,2.46
510880,2023-03-30,2.459,2.472,2.442,2.471
510880,2023-03-31,2.473,2.489,2.468,2.478
510880,2023-04-03,2.478,2.502,2.478,2.499
510880,2023-04-04,2.497,2.519,2.491,2.512
510880,2023-04-06,2.512,2.512,2.493,2.495
510880,2023-04-07,2.494,2.506,2.489,2.496
510880,2023-04-10,2.496,2.497,2.485,2.493
510880,2023-04-11,2.493,2.516,2.487,2.516
510880,2023-04-12,2.518,2.551,2.518,2.55
510880,2023-04-13,2.548,2.57,2.545,2.557
510880,2023-04-14,2.557,2.563,2.538,2.549
510880,2023-04-17,2.546,2.584,2.536,2.583
510880,2023-04-18,2.581,2.603,2.574,2.602
510880,2023-04-19,2.6,2.609,2.59,2.597
510880,2023-04-20,2.594,2.605,2.568,2.593
510880,2023-04-21,2.593,2.622,2.575,2.576
510880,2023-04-24,2.577,2.588,2.564,2.571
510880,2023-04-25,2.572,2.597,2.554,2.593
510880,2023-04-26,2.583,2.616,2.554,2.599
510880,2023-04-27,2.598,2.621,2.583,2.607
510880,2023-04-28,2.6,2.645,2.597,2.643
510880,2023-05-04,2.636,2.719,2.626,2.714
510880,2023-05-05,2.722,2.763,2.703,2.742
510880,2023-05-08,2.739,2.847,2.732,2.833
510880,2023-05-09,2.833,2.869,2.792,2.795
510880,2023-05-10,2.784,2.796,2.716,2.727
510880,2023-05-11,2.729,2.748,2.709,2.72
510880,2023-05-12,2.72,2.747,2.694,2.707
510880,2023-05-15,2.706,2.707,2.63,2.7
510880,2023-05-16,2.697,2.722,2.675,2.68
510880,2023-05-17,2.68,2.689,2.655,2.667
510880,2023-05-18,2.669,2.713,2.668,2.695
510880,2023-05-19,2.682,2.682,2.648,2.652
510880,2023-05-22,2.649,2.66,2.629,2.642
510880,2023-05-23,2.64,2.65,2.604,2.604
510880,2023-05-24,2.602,2.602,2.558,2.562
510880,2023-05-25,2.558,2.562,2.516,2.547
510880,2023-05-26,2.544,2.583,2.53,2.575
510880,2023-05-29,2.583,2.628,2.565,2.606
510880,2023-05-30,2.6,2.613,2.564,2.605
510880,2023-05-31,2.596,2.602,2.566,2.572
510880,2023-06-01,2.574,2.595,2.555,2.569
510880,2023-06-02,2.571,2.584,2.561,2.568
510880,2023-06-05,2.569,2.589,2.557,2.586
510880,2023-06-06,2.586,2.622,2.566,2.576
510880,2023-06-07,2.575,2.612,2.56,2.607
510880,2023-06-08,2.605,2.652,2.59,2.644
510880,2023-06-09,2.642,2.643,2.616,2.625
510880,2023-06-12,2.625,2.625,2.59,2.594
510880,2023-06-13,2.588,2.601,2.582,2.587
510880,2023-06-14,2.587,2.609,2.568,2.569
510880,2023-06-15,2.572,2.581,2.564,2.578
510880,2023-06-16,2.578,2.585,2.572,2.573
510880,2023-06-19,2.573,2.574,2.534,2.536
510880,2023-06-20,2.534,2.535,2.506,2.509
510880,2023-06-21,2.508,2.522,2.489,2.492
510880,2023-06-26,2.484,2.484,2.445,2.446
510880,2023-06-27,2.446,2.504,2.446,2.499
510880,2023-06-28,2.495,2.522,2.489,2.519
510880,2023-06-29,2.518,2.527,2.502,2.517
510880,2023-06-30,2.515,2.532,2.513,2.522
510880,2023-07-03,2.524,2.559,2.524,2.557
510880,2023-07-04,2.554,2.554,2.52,2.534
510880,2023-07-05,2.528,2.541,2.517,2.532
510880,2023-07-06,2.532,2.541,2.518,2.525
510880,2023-07-07,2.52,2.545,2.516,2.543
510880,2023-07-10,2.544,2.556,2.538,2.55
510880,2023-07-11,2.552,2.557,2.534,2.548
510880,2023-07-12,2.55,2.553,2.524,2.53
510880,2023-07-13,2.534,2.565,2.532,2.561
510880,2023-07-14,2.563,2.586,2.562,2.576
510880,2023-07-17,2.567,2.567,2.544,2.559
510880,2023-07-18,2.558,2.565,2.544,2.552
510880,2023-07-19,2.549,2.572,2.549,2.571
510880,2023-07-20,2.571,2.58,2.556,2.562
510880,2023-07-21,2.558,2.568,2.551,2.562
510880,2023-07-24,2.554,2.572,2.545,2.56
510880,2023-07-25,2.577,2.603,2.577,2.602
510880,2023-07-26,2.603,2.615,2.599,2.609
510880,2023-07-27,2.608,2.642,2.603,2.618
510880,2023-07-28,2.612,2.677,2.611,2.67
510880,2023-07-31,2.685,2.718,2.677,2.69
510880,2023-08-01,2.689,2.709,2.68,2.694
510880,2023-08-02,2.692,2.692,2.649,2.655
510880,2023-08-03,2.647,2.672,2.635,2.671
510880,2023-08-04,2.681,2.696,2.657,2.66
510880,2023-08-07,2.656,2.656,2.623,2.632
510880,2023-08-08,2.626,2.643,2.617,2.627
510880,2023-08-09,2.627,2.627,2.614,2.617
510880,2023-08-10,2.617,2.649,2.613,2.638
510880,2023-08-11,2.638,2.645,2.595,2.596
510880,2023-08-14,2.581,2.596,2.556,2.59
510880,2023-08-15,2.59,2.62,2.581,2.614
510880,2023-08-16,2.609,2.627,2.59,2.613
510880,2023-08-17,2.597,2.613,2.584,2.612
510880,2023-08-18,2.608,2.642,2.607,2.613
510880,2023-08-21,2.613,2.618,2.584,2.588
510880,2023-08-22,2.589,2.615,2.577,2.606
510880,2023-08-23,2.603,2.642,2.6,2.612
510880,2023-08-24,2.612,2.623,2.591,2.596
510880,2023-08-25,2.594,2.617,2.585,2.599
510880,2023-08-28,2.734,2.752,2.631,2.641
510880,2023-08-29,2.633,2.648,2.619,2.641
510880,2023-08-30,2.641,2.641,2.6,2.611
510880,2023-08-31,2.608,2.618,2.572,2.578
510880,2023-09-01,2.579,2.612,2.579,2.606
510880,2023-09-04,2.616,2.659,2.616,2.652
510880,2023-09-05,2.652,2.652,2.618,2.628
510880,2023-09-06,2.62,2.633,2.609,2.625
510880,2023-09-07,2.624,2.641,2.615,2.617
510880,2023-09-08,2.609,2.613,2.591,2.598
510880,2023-09-11,2.599,2.623,2.598,2.619
510880,2023-09-12,2.617,2.622,2.61,2.614
510880,2023-09-13,2.617,2.641,2.617,2.629
510880,2023-09-14,2.628,2.67,2.621,2.667
510880,2023-09-15,2.669,2.694,2.656,2.669
510880,2023-09-18,2.668,2.671,2.638,2.671
510880,2023-09-19,2.669,2.697,2.666,2.692
510880,2023-09-20,2.69,2.705,2.679,2.7
510880,2023-09-21,2.691,2.707,2.679,2.681
510880,2023-09-22,2.667,2.696,2.666,2.695
510880,2023-09-25,2.691,2.709,2.679,2.689
510880,2023-09-26,2.685,2.694,2.672,2.676
510880,2023-09-27,2.675,2.681,2.659,2.665
510880,2023-09-28,2.668,2.674,2.66,2.661
510880,2023-10-09,2.661,2.662,2.626,2.656
510880,2023-10-10,2.656,2.662,2.625,2.627
510880,2023-10-11,2.631,2.635,2.61,2.618
510880,2023-10-12,2.627,2.65,2.625,2.644
510880,2023-10-13,2.63,2.649,2.621,2.64
510880,2023-10-16,2.642,2.66,2.634,2.659
510880,2023-10-17,2.657,2.66,2.643,2.655
510880,2023-10-18,2.652,2.655,2.631,2.632
510880,2023-10-19,2.623,2.627,2.584,2.587
510880,2023-10-20,2.583,2.583,2.554,2.564
510880,2023-10-23,2.563,2.567,2.519,2.534
510880,2023-10-24,2.552,2.556,2.534,2.555
510880,2023-10-25,2.571,2.587,2.565,2.578
510880,2023-10-26,2.571,2.591,2.559,2.588
510880,2023-10-27,2.588,2.611,2.582,2.599
510880,2023-10-30,2.593,2.594,2.554,2.558
510880,2023-10-31,2.556,2.567,2.545,2.566
510880,2023-11-01,2.567,2.569,2.548,2.563
510880,2023-11-02,2.563,2.582,2.561,2.572
510880,2023-11-03,2.572,2.58,2.554,2.558
510880,2023-11-06,2.558,2.562,2.532,2.539
510880,2023-11-07,2.536,2.544,2.524,2.541
510880,2023-11-08,2.537,2.547,2.529,2.54
510880,2023-11-09,2.54,2.567,2.537,2.565
510880,2023-11-10,2.555,2.563,2.541,2.557
510880,2023-11-13,2.561,2.567,2.539,2.562
510880,2023-11-14,2.562,2.565,2.544,2.552
510880,2023-11-15,2.564,2.568,2.554,2.561
510880,2023-11-16,2.561,2.569,2.552,2.563
510880,2023-11-17,2.558,2.561,2.543,2.553
510880,2023-11-20,2.554,2.562,2.546,2.557
510880,2023-11-21,2.56,2.591,2.559,2.573
510880,2023-11-22,2.567,2.584,2.565,2.565
510880,2023-11-23,2.565,2.589,2.562,2.585
510880,2023-11-24,2.582,2.599,2.582,2.593
510880,2023-11-27,2.586,2.59,2.571,2.584
510880,2023-11-28,2.58,2.58,2.562,2.578
510880,2023-11-29,2.578,2.583,2.56,2.565
510880,2023-11-30,2.561,2.575,2.559,2.574
510880,2023-12-01,2.574,2.589,2.571,2.586
510880,2023-12-04,2.586,2.598,2.58,2.592
510880,2023-12-05,2.588,2.588,2.554,2.556
510880,2023-12-06,2.557,2.558,2.525,2.553
510880,2023-12-07,2.55,2.562,2.537,2.554
510880,2023-12-08,2.554,2.566,2.539,2.555
510880,2023-12-11,2.547,2.584,2.505,2.581
510880,2023-12-12,2.575,2.594,2.564,2.593
510880,2023-12-13,2.587,2.594,2.57,2.571
510880,2023-12-14,2.581,2.59,2.564,2.579
510880,2023-12-15,2.582,2.586,2.556,2.562
510880,2023-12-18,2.556,2.574,2.546,2.559
510880,2023-12-19,2.555,2.558,2.539,2.551
510880,2023-12-20,2.554,2.571,2.545,2.549
510880,2023-12-21,2.543,2.543,2.513,2.529
510880,2023-12-22,2.53,2.543,2.517,2.525
510880,2023-12-25,2.521,2.524,2.502,2.523
510880,2023-12-26,2.522,2.541,2.503,2.506
510880,2023-12-27,2.504,2.519,2.491,2.518
510880,2023-12-28,2.518,2.522,2.492,2.5
510880,2023-12-29,2.5,2.519,2.491,2.515
510880,2024-01-02,2.515,2.567,2.514,2.554
510880,2024-01-03,2.552,2.598,2.549,2.594
510880,2024-01-04,2.592,2.624,2.587,2.618
510880,2024-01-05,2.614,2.671,2.61,2.628
510880,2024-01-08,2.624,2.626,2.597,2.599
510880,2024-01-09,2.598,2.626,2.575,2.622
510880,2024-01-10,2.61,2.629,2.603,2.607
510880,2024-01-11,2.604,2.604,2.575,2.579
510880,2024-01-12,2.579,2.601,2.574,2.594
510880,2024-01-15,2.584,2.609,2.574,2.608
510880,2024-01-16,2.606,2.62,2.593,2.618
510880,2024-01-17,2.616,2.626,2.577,2.581
510880,2024-01-18,2.577,2.577,2.484,2.556
510880,2024-01-19,2.551,2.559,2.525,2.534
510880,2024-01-22,2.534,2.536,2.426,2.465
510880,2024-01-23,2.494,2.494,2.425,2.483
510880,2024-01-24,2.488,2.56,2.481,2.551
510880,2024-01-25,2.551,2.625,2.551,2.623
510880,2024-01-26,2.62,2.67,2.616,2.664
510880,2024-01-29,2.668,2.702,2.665,2.679
510880,2024-01-30,2.665,2.693,2.64,2.645
510880,2024-01-31,2.639,2.675,2.628,2.649
510880,2024-02-01,2.638,2.641,2.609,2.619
510880,2024-02-02,2.617,2.668,2.566,2.627
510880,2024-02-05,2.611,2.655,2.576,2.633
510880,2024-02-06,2.625,2.692,2.603,2.675
510880,2024-02-07,2.674,2.721,2.646,2.719
510880,2024-02-08,2.718,2.743,2.703,2.72
510880,2024-02-19,2.722,2.794,2.698,2.79
510880,2024-02-20,2.778,2.842,2.771,2.834
510880,2024-02-21,2.826,2.869,2.817,2.827
510880,2024-02-22,2.822,2.887,2.82,2.885
510880,2024-02-23,2.883,2.902,2.856,2.867
510880,2024-02-26,2.866,2.866,2.785,2.798
510880,2024-02-27,2.786,2.824,2.776,2.815
510880,2024-02-28,2.815,2.84,2.791,2.809
510880,2024-02-29,2.791,2.829,2.787,2.827
510880,2024-03-01,2.821,2.84,2.813,2.822
510880,2024-03-04,2.823,2.851,2.808,2.849
510880,2024-03-05,2.843,2.872,2.834,2.87
510880,2024-03-06,2.866,2.896,2.863,2.868
510880,2024-03-07,2.868,2.908,2.866,2.887
510880,2024-03-08,2.888,2.91,2.869,2.904
510880,2024-03-11,2.902,2.905,2.848,2.872
510880,2024-03-12,2.866,2.866,2.787,2.801
510880,2024-03-13,2.792,2.793,2.756,2.783
510880,2024-03-14,2.774,2.798,2.766,2.792
510880,2024-03-15,2.785,2.791,2.759,2.786
510880,2024-03-18,2.783,2.783,2.755,2.769
510880,2024-03-19,2.769,2.791,2.762,2.767
510880,2024-03-20,2.766,2.782,2.746,2.773
510880,2024-03-21,2.772,2.785,2.759,2.777
510880,2024-03-22,2.775,2.785,2.756,2.783
510880,2024-03-25,2.778,2.824,2.762,2.793
510880,2024-03-26,2.787,2.795,2.758,2.776
510880,2024-03-27,2.772,2.799,2.767,2.775
510880,2024-03-28,2.773,2.777,2.745,2.767
510880,2024-03-29,2.764,2.79,2.755,2.787
510880,2024-04-01,2.785,2.787,2.772,2.782
510880,2024-04-02,2.782,2.81,2.781,2.803
510880,2024-04-03,2.803,2.842,2.799,2.84
510880,2024-04-08,2.836,2.876,2.818,2.85
510880,2024-04-09,2.847,2.863,2.819,2.835
510880,2024-04-10,2.835,2.866,2.83,2.846
510880,2024-04-11,2.838,2.901,2.833,2.886
510880,2024-04-12,2.879,2.897,2.867,2.879
510880,2024-04-15,2.88,2.947,2.871,2.945
510880,2024-04-16,2.944,2.985,2.918,2.959
510880,2024-04-17,2.941,2.997,2.918,2.992
510880,2024-04-18,2.991,3.035,2.985,3.001
510880,2024-04-19,2.989,3.04,2.982,3.023
510880,2024-04-22,3.021,3.033,2.935,2.936
510880,2024-04-23,2.922,2.931,2.877,2.888
510880,2024-04-24,2.888,2.894,2.855,2.889
510880,2024-04-25,2.881,2.909,2.876,2.908
510880,2024-04-26,2.902,2.919,2.858,2.879
510880,2024-04-29,2.865,2.868,2.815,2.845
510880,2024-04-30,2.839,2.876,2.837,2.858
510880,2024-05-06,2.863,2.876,2.843,2.875
510880,2024-05-07,2.871,2.88,2.858,2.875
510880,2024-05-08,2.873,2.907,2.869,2.897
510880,2024-05-09,2.895,2.913,2.887,2.908
510880,2024-05-10,2.905,2.927,2.897,2.927
510880,2024-05-13,2.922,2.935,2.888,2.931
510880,2024-05-14,2.926,2.929,2.899,2.918
510880,2024-05-15,2.914,2.936,2.901,2.917
510880,2024-05-16,2.916,2.938,2.914,2.924
510880,2024-05-17,2.924,2.948,2.911,2.945
510880,2024-05-20,2.943,2.992,2.943,2.984
510880,2024-05-21,2.976,3.007,2.974,3
510880,2024-05-22,3.001,3.032,2.999,3
510880,2024-05-23,2.99,2.995,2.951,2.958
510880,2024-05-24,2.954,2.992,2.946,2.953
510880,2024-05-27,2.955,3.01,2.955,3.01
510880,2024-05-28,3.005,3.018,2.988,3.001
510880,2024-05-29,2.995,3.031,2.989,3.004
510880,2024-05-30,2.994,3.022,2.972,2.981
510880,2024-05-31,2.98,3.003,2.98,2.988
510880,2024-06-03,2.983,2.984,2.941,2.957
510880,2024-06-04,2.953,2.973,2.938,2.97
510880,2024-06-05,2.968,2.974,2.928,2.932
510880,2024-06-06,2.932,2.965,2.931,2.949
510880,2024-06-07,2.947,2.977,2.947,2.976
510880,2024-06-11,2.974,2.975,2.904,2.92
510880,2024-06-12,2.914,2.965,2.899,2.961
510880,2024-06-13,2.955,2.961,2.922,2.933
510880,2024-06-14,2.932,2.947,2.921,2.938
510880,2024-06-17,2.93,2.94,2.888,2.896
510880,2024-06-18,2.896,2.908,2.873,2.903
510880,2024-06-19,2.902,2.916,2.895,2.903
510880,2024-06-20,2.901,2.917,2.896,2.909
510880,2024-06-21,2.907,2.919,2.897,2.914
510880,2024-06-24,2.906,2.906,2.858,2.872
510880,2024-06-25,2.871,2.897,2.87,2.885
510880,2024-06-26,2.884,2.896,2.867,2.893
510880,2024-06-27,2.893,2.906,2.88,2.893
510880,2024-06-28,2.891,2.924,2.884,2.916
510880,2024-07-01,2.91,2.987,2.907,2.984
510880,2024-07-02,2.982,2.995,2.96,2.986
510880,2024-07-03,2.986,2.993,2.958,2.964
510880,2024-07-04,2.964,2.978,2.944,2.95
510880,2024-07-05,2.95,2.959,2.915,2.933
510880,2024-07-08,2.932,2.942,2.915,2.922
510880,2024-07-09,2.921,2.95,2.898,2.948
510880,2024-07-10,2.942,2.943,2.878,2.882
510880,2024-07-11,2.885,2.894,2.866,2.877
510880,2024-07-12,2.877,2.895,2.866,2.873
510880,2024-07-15,2.867,2.913,2.853,2.91
510880,2024-07-16,2.906,2.913,2.883,2.897
510880,2024-07-17,2.895,2.901,2.872,2.884
510880,2024-07-18,2.881,2.889,2.852,2.888
510880,2024-07-19,2.879,2.881,2.847,2.865
510880,2024-07-22,2.858,2.858,2.806,2.833
510880,2024-07-23,2.828,2.834,2.808,2.812
510880,2024-07-24,2.809,2.822,2.796,2.814
510880,2024-07-25,2.805,2.808,2.775,2.8
510880,2024-07-26,2.796,2.803,2.766,2.782
510880,2024-07-29,2.775,2.795,2.768,2.794
510880,2024-07-30,2.79,2.791,2.767,2.779
510880,2024-07-31,2.778,2.81,2.774,2.808
510880,2024-08-01,2.808,2.821,2.799,2.811
510880,2024-08-02,2.797,2.815,2.783,2.803
510880,2024-08-05,2.797,2.803,2.758,2.762
510880,2024-08-06,2.763,2.781,2.728,2.751
510880,2024-08-07,2.74,2.778,2.738,2.763
510880,2024-08-08,2.763,2.778,2.753,2.774
510880,2024-08-09,2.774,2.78,2.759,2.763
510880,2024-08-12,2.758,2.79,2.75,2.783
510880,2024-08-13,2.779,2.791,2.765,2.784
510880,2024-08-14,2.783,2.79,2.772,2.777
510880,2024-08-15,2.775,2.813,2.768,2.806
510880,2024-08-16,2.806,2.818,2.798,2.811
510880,2024-08-19,2.81,2.843,2.807,2.841
510880,2024-08-20,2.843,2.845,2.791,2.806
510880,2024-08-21,2.8,2.801,2.755,2.773
510880,2024-08-22,2.771,2.789,2.765,2.776
510880,2024-08-23,2.775,2.785,2.76,2.774
510880,2024-08-26,2.771,2.774,2.741,2.758
510880,2024-08-27,2.753,2.769,2.75,2.765
510880,2024-08-28,2.76,2.773,2.743,2.752
510880,2024-08-29,2.75,2.75,2.691,2.696
510880,2024-08-30,2.694,2.727,2.671,2.705
510880,2024-09-02,2.699,2.737,2.669,2.72
510880,2024-09-03,2.718,2.728,2.674,2.693
510880,2024-09-04,2.685,2.699,2.667,2.692
510880,2024-09-05,2.689,2.703,2.681,2.694
510880,2024-09-06,2.695,2.706,2.668,2.67
510880,2024-09-09,2.661,2.663,2.606,2.615
510880,2024-09-10,2.614,2.627,2.598,2.622
510880,2024-09-11,2.617,2.617,2.545,2.558
510880,2024-09-12,2.555,2.579,2.545,2.568
510880,2024-09-13,2.566,2.591,2.557,2.56
510880,2024-09-18,2.559,2.597,2.557,2.593
510880,2024-09-19,2.594,2.601,2.564,2.588
510880,2024-09-20,2.587,2.594,2.571,2.589
510880,2024-09-23,2.585,2.627,2.58,2.62
510880,2024-09-24,2.647,2.755,2.635,2.754
510880,2024-09-25,2.801,2.864,2.794,2.8
510880,2024-09-26,2.794,2.909,2.789,2.904
510880,2024-09-27,2.939,2.968,2.853,2.893
510880,2024-09-30,2.97,3.148,2.947,3.114
510880,2024-10-08,3.446,3.446,3.031,3.119
510880,2024-10-09,3.085,3.085,2.861,2.863
510880,2024-10-10,2.863,3.06,2.863,2.985
510880,2024-10-11,2.987,3.015,2.91,2.941
510880,2024-10-14,2.953,3.049,2.953,3.027
510880,2024-10-15,3.015,3.023,2.944,2.946
510880,2024-10-16,2.928,3.015,2.924,2.994
510880,2024-10-17,2.993,3.017,2.943,2.946
510880,2024-10-18,2.94,3.002,2.896,2.967
510880,2024-10-21,2.97,2.975,2.926,2.947
510880,2024-10-22,2.947,2.973,2.933,2.959
510880,2024-10-23,2.959,2.97,2.947,2.96
510880,2024-10-24,2.954,2.956,2.931,2.941
510880,2024-10-25,2.941,2.949,2.929,2.939
510880,2024-10-28,2.936,2.961,2.929,2.96
510880,2024-10-29,2.958,2.965,2.907,2.915
510880,2024-10-30,2.915,2.92,2.861,2.88
510880,2024-10-31,2.879,2.879,2.832,2.861
510880,2024-11-01,2.855,2.908,2.851,2.89
510880,2024-11-04,2.895,2.907,2.858,2.904
510880,2024-11-05,2.903,2.933,2.894,2.933
510880,2024-11-06,2.933,2.933,2.893,2.905
510880,2024-11-07,2.896,2.975,2.892,2.974
510880,2024-11-08,2.981,2.993,2.922,2.941
510880,2024-11-11,2.935,2.935,2.887,2.908
510880,2024-11-12,2.905,2.93,2.875,2.888
510880,2024-11-13,2.885,2.911,2.877,2.908
510880,2024-11-14,2.903,2.914,2.878,2.882
510880,2024-11-15,2.875,2.91,2.87,2.885
510880,2024-11-18,2.902,2.975,2.9,2.933
510880,2024-11-19,2.933,2.944,2.895,2.924
510880,2024-11-20,2.92,2.931,2.91,2.93
510880,2024-11-21,2.925,2.937,2.92,2.933
510880,2024-11-22,2.933,2.946,2.852,2.857
510880,2024-11-25,2.857,2.888,2.848,2.863
510880,2024-11-26,2.857,2.885,2.85,2.874
510880,2024-11-27,2.874,2.906,2.84,2.904
510880,2024-11-28,2.9,2.915,2.894,2.901
510880,2024-11-29,2.9,2.929,2.9,2.916
510880,2024-12-02,2.924,2.928,2.898,2.924
510880,2024-12-03,2.917,2.96,2.908,2.956
510880,2024-12-04,2.953,2.995,2.935,2.981
510880,2024-12-05,2.979,2.985,2.967,2.974
510880,2024-12-06,2.974,3.028,2.974,3.017
510880,2024-12-09,3.017,3.045,3.003,3.025
510880,2024-12-10,3.065,3.086,3.015,3.021
510880,2024-12-11,3.017,3.04,3.015,3.034
510880,2024-12-12,3.036,3.043,3.024,3.04
510880,2024-12-13,3.037,3.037,2.995,3.003
510880,2024-12-16,3,3.053,2.996,3.032
510880,2024-12-17,3.023,3.051,3.017,3.027
510880,2024-12-18,3.034,3.065,3.032,3.047
510880,2024-12-19,3.035,3.036,2.993,3.007
510880,2024-12-20,2.999,3.013,2.977,2.979
510880,2024-12-23,2.975,3.017,2.975,2.993
510880,2024-12-24,2.993,3.031,2.988,3.026
510880,2024-12-25,3.026,3.049,3.02,3.041
510880,2024-12-26,3.042,3.044,3.019,3.031
510880,2024-12-27,3.023,3.032,2.997,3.03
510880,2024-12-30,3.029,3.08,3.025,3.077
510880,2024-12-31,3.078,3.103,3.06,3.066
510880,2025-01-02,3.066,3.083,2.97,2.994
510880,2025-01-03,2.997,3.005,2.953,2.963
510880,2025-01-06,2.958,2.964,2.925,2.963
510880,2025-01-07,2.962,2.962,2.915,2.949
510880,2025-01-08,2.94,2.958,2.909,2.943
510880,2025-01-09,2.937,2.937,2.895,2.899
510880,2025-01-10,2.9,2.908,2.865,2.866
510880,2025-01-13,2.855,2.867,2.825,2.839
510880,2025-01-14,2.84,2.894,2.838,2.889
510880,2025-01-15,2.889,2.926,2.884,2.898
510880,2025-01-16,2.903,2.934,2.903,2.928
510880,2025-01-17,2.925,2.927,2.896,2.911
510880,2025-01-20,2.911,2.921,2.895,2.9
510880,2025-01-21,2.91,2.912,2.874,2.884
510880,2025-01-22,2.884,2.884,2.853,2.86
510880,2025-01-23,2.876,2.92,2.876,2.909
510880,2025-01-24,2.902,2.934,2.888,2.924
510880,2025-01-27,2.924,2.971,2.924,2.962
510880,2025-02-05,2.963,2.968,2.893,2.9
510880,2025-02-06,2.898,2.906,2.877,2.898
510880,2025-02-07,2.898,2.918,2.88,2.911
510880,2025-02-10,2.907,2.909,2.894,2.904
510880,2025-02-11,2.904,2.918,2.902,2.917
510880,2025-02-12,2.918,2.921,2.902,2.919
510880,2025-02-13,2.917,2.931,2.914,2.922
510880,2025-02-14,2.921,2.927,2.908,2.925
510880,2025-02-17,2.925,2.928,2.899,2.912
510880,2025-02-18,2.91,2.928,2.9,2.91
510880,2025-02-19,2.905,2.907,2.887,2.892
510880,2025-02-20,2.887,2.89,2.877,2.879
510880,2025-02-21,2.88,2.884,2.852,2.857
510880,2025-02-24,2.856,2.859,2.838,2.853
510880,2025-02-25,2.848,2.857,2.829,2.832
510880,2025-02-26,2.832,2.865,2.832,2.858
510880,2025-02-27,2.859,2.885,2.853,2.885
510880,2025-02-28,2.884,2.896,2.864,2.867
510880,2025-03-03,2.867,2.876,2.853,2.854
510880,2025-03-04,2.854,2.859,2.84,2.853
510880,2025-03-05,2.853,2.861,2.841,2.861
510880,2025-03-06,2.861,2.864,2.842,2.855
510880,2025-03-07,2.853,2.864,2.849,2.854
510880,2025-03-10,2.852,2.859,2.842,2.858
510880,2025-03-11,2.85,2.88,2.843,2.879
510880,2025-03-12,2.879,2.883,2.868,2.875
510880,2025-03-13,2.871,2.904,2.87,2.903
510880,2025-03-14,2.9,2.934,2.898,2.925
510880,2025-03-17,2.926,2.938,2.92,2.934
510880,2025-03-18,2.934,2.936,2.911,2.922
510880,2025-03-19,2.918,2.927,2.908,2.923
510880,2025-03-20,2.923,2.934,2.915,2.918
510880,2025-03-21,2.915,2.937,2.9,2.912
510880,2025-03-24,2.911,2.937,2.911,2.935
510880,2025-03-25,2.93,2.957,2.929,2.957
510880,2025-03-26,2.953,2.96,2.941,2.958
510880,2025-03-27,2.957,2.962,2.948,2.956
510880,2025-03-28,2.952,2.956,2.931,2.939
510880,2025-03-31,2.936,2.952,2.924,2.93
510880,2025-04-01,2.928,2.955,2.927,2.954
510880,2025-04-02,2.954,2.973,2.949,2.969
510880,2025-04-03,2.955,2.977,2.946,2.974
510880,2025-04-07,2.907,2.91,2.732,2.795
510880,2025-04-08,2.796,2.86,2.795,2.86
510880,2025-04-09,2.84,2.869,2.802,2.864
510880,2025-04-10,2.877,2.905,2.867,2.895
510880,2025-04-11,2.887,2.888,2.87,2.88
510880,2025-04-14,2.88,2.912,2.877,2.908
510880,2025-04-15,2.908,2.924,2.901,2.923
510880,2025-04-16,2.92,2.941,2.913,2.939
510880,2025-04-17,2.935,2.935,2.918,2.932
510880,2025-04-18,2.924,2.937,2.923,2.934
510880,2025-04-21,2.932,2.951,2.922,2.924
510880,2025-04-22,2.921,2.939,2.92,2.934
510880,2025-04-23,2.934,2.937,2.915,2.918
510880,2025-04-24,2.917,2.938,2.912,2.931
510880,2025-04-25,2.929,2.936,2.921,2.928
510880,2025-04-28,2.927,2.934,2.917,2.931
510880,2025-04-29,2.928,2.933,2.914,2.919
510880,2025-04-30,2.919,2.919,2.891,2.895
510880,2025-05-06,2.897,2.9,2.877,2.887
510880,2025-05-07,2.9,2.912,2.893,2.906
510880,2025-05-08,2.906,2.916,2.897,2.91
510880,2025-05-09,2.908,2.931,2.907,2.927
510880,2025-05-12,2.93,2.941,2.924,2.94
510880,2025-05-13,2.947,2.964,2.94,2.962
510880,2025-05-14,2.958,2.991,2.952,2.99
510880,2025-05-15,2.989,3.002,2.98,2.981
510880,2025-05-16,2.975,2.98,2.947,2.963
510880,2025-05-19,2.963,2.978,2.961,2.974
510880,2025-05-20,2.975,2.984,2.969,2.978
510880,2025-05-21,2.978,3.015,2.977,3.007
510880,2025-05-22,3.004,3.014,2.994,3.008
510880,2025-05-23,3.009,3.025,2.979,2.98
510880,2025-05-26,2.976,2.985,2.959,2.964
510880,2025-05-27,2.962,2.971,2.944,2.952
510880,2025-05-28,2.952,2.96,2.943,2.957
510880,2025-05-29,2.957,2.967,2.954,2.965
510880,2025-05-30,2.961,2.98,2.961,2.979
510880,2025-06-03,2.975,2.996,2.96,2.991
510880,2025-06-04,2.992,2.999,2.981,2.999
510880,2025-06-05,2.997,3.006,2.973,2.981
510880,2025-06-06,2.981,2.995,2.977,2.981
510880,2025-06-09,2.981,2.986,2.967,2.985
510880,2025-06-10,2.982,3.005,2.975,2.99
510880,2025-06-11,2.988,3.001,2.986,2.999
510880,2025-06-12,2.999,3,2.99,2.997
510880,2025-06-13,2.996,3,2.976,2.982
510880,2025-06-16,2.978,2.989,2.974,2.988
510880,2025-06-17,2.988,2.995,2.983,2.991
510880,2025-06-18,2.989,2.997,2.979,2.995
510880,2025-06-19,2.994,2.994,2.975,2.981
510880,2025-06-20,2.981,3.002,2.981,2.997
510880,2025-06-23,2.993,3.016,2.975,3.01
510880,2025-06-24,3.002,3.017,2.996,3.014
510880,2025-06-25,3.015,3.035,3.004,3.03
510880,2025-06-26,3.027,3.042,3.022,3.037
510880,2025-06-27,3.036,3.05,3.004,3.011
510880,2025-06-30,3.005,3.012,2.997,3.009
510880,2025-07-01,3.009,3.033,3.008,3.032
510880,2025-07-02,3.034,3.057,3.032,3.056
510880,2025-07-03,3.054,3.064,3.045,3.055
510880,2025-07-04,3.054,3.09,3.053,3.079
510880,2025-07-07,3.076,3.092,3.064,3.092
510880,2025-07-08,3.089,3.099,3.075,3.086
510880,2025-07-09,3.085,3.109,3.083,3.102
510880,2025-07-10,3.101,3.134,3.1,3.128
510880,2025-07-11,3.127,3.144,3.107,3.107
510880,2025-07-14,3.104,3.141,3.103,3.129
510880,2025-07-15,3.125,3.129,3.083,3.09
510880,2025-07-16,3.089,3.091,3.062,3.078
510880,2025-07-17,3.076,3.082,3.061,3.069
510880,2025-07-18,3.069,3.085,3.068,3.083
510880,2025-07-21,3.083,3.105,3.082,3.104
510880,2025-07-22,3.104,3.162,3.081,3.157
510880,2025-07-23,3.171,3.186,3.151,3.154
510880,2025-07-24,3.151,3.165,3.132,3.164
510880,2025-07-25,3.161,3.182,3.145,3.15
510880,2025-07-28,3.139,3.139,3.107,3.117
510880,2025-07-29,3.108,3.116,3.091,3.108
510880,2025-07-30,3.107,3.139,3.106,3.119
510880,2025-07-31,3.108,3.112,3.053,3.068
510880,2025-08-01,3.067,3.079,3.053,3.065
510880,2025-08-04,3.052,3.081,3.051,3.079
510880,2025-08-05,3.08,3.113,3.075,3.111
510880,2025-08-06,3.112,3.127,3.109,3.124
510880,2025-08-07,3.124,3.141,3.112,3.136
510880,2025-08-08,3.132,3.145,3.127,3.135
510880,2025-08-11,3.134,3.14,3.114,3.117
510880,2025-08-12,3.117,3.149,3.117,3.135
510880,2025-08-13,3.135,3.139,3.112,3.115
510880,2025-08-14,3.115,3.122,3.091,3.094
510880,2025-08-15,3.09,3.09,3.066,3.088
510880,2025-08-18,3.087,3.093,3.071,3.08
510880,2025-08-19,3.078,3.08,3.069,3.074
510880,2025-08-20,3.071,3.098,3.063,3.097
510880,2025-08-21,3.097,3.115,3.088,3.113
510880,2025-08-22,3.115,3.115,3.083,3.11
510880,2025-08-25,3.111,3.131,3.1,3.13
510880,2025-08-26,3.127,3.13,3.117,3.118
510880,2025-08-27,3.115,3.116,3.062,3.065
510880,2025-08-28,3.062,3.071,3.033,3.062
510880,2025-08-29,3.058,3.084,3.043,3.046
510880,2025-09-01,3.045,3.055,3.021,3.028
510880,2025-09-02,3.028,3.044,3.022,3.043
510880,2025-09-03,3.042,3.045,3.005,3.01
510880,2025-09-04,3.006,3.032,2.979,3.029
510880,2025-09-05,3.023,3.024,3.001,3.019
510880,2025-09-08,3.017,3.028,3.009,3.025
510880,2025-09-09,3.025,3.031,3.012,3.027
510880,2025-09-10,3.024,3.029,3.013,3.026
510880,2025-09-11,3.024,3.031,3.007,3.031
510880,2025-09-12,3.028,3.035,3.011,3.016
510880,2025-09-15,3.013,3.013,2.992,2.999
510880,2025-09-16,3.002,3.016,2.988,2.992
510880,2025-09-17,2.991,3.01,2.982,3.006
510880,2025-09-18,3.007,3.007,2.939,2.953
510880,2025-09-19,2.953,2.971,2.934,2.97
510880,2025-09-22,2.969,2.97,2.937,2.944
510880,2025-09-23,2.944,2.964,2.927,2.962
510880,2025-09-24,2.957,2.979,2.95,2.968
510880,2025-09-25,2.963,2.965,2.94,2.954
510880,2025-09-26,2.952,2.961,2.937,2.955
510880,2025-09-29,2.948,2.962,2.929,2.95
510880,2025-09-30,2.948,2.949,2.93,2.939
510880,2025-10-09,2.939,2.96,2.925,2.96
510880,2025-10-10,2.957,2.998,2.948,2.993
510880,2025-10-13,2.982,3.002,2.951,2.997
510880,2025-10-14,2.996,3.062,2.983,3.061
510880,2025-10-15,3.06,3.072,3.044,3.064
510880,2025-10-16,3.058,3.101,3.054,3.096
510880,2025-10-17,3.096,3.125,3.081,3.086
510880,2025-10-20,3.086,3.115,3.057,3.113
510880,2025-10-21,3.1,3.11,3.085,3.105
510880,2025-10-22,3.098,3.113,3.095,3.11
510880,2025-10-23,3.105,3.14,3.105,3.135
510880,2025-10-24,3.122,3.13,3.111,3.116
510880,2025-10-27,3.11,3.143,3.092,3.129
510880,2025-10-28,3.125,3.136,3.11,3.124
510880,2025-10-29,3.122,3.122,3.087,3.106
510880,2025-10-30,3.102,3.128,3.099,3.105
510880,2025-10-31,3.104,3.105,3.082,3.097
510880,2025-11-03,3.097,3.142,3.096,3.14
510880,2025-11-04,3.14,3.184,3.137,3.17
510880,2025-11-05,3.163,3.189,3.149,3.179
510880,2025-11-06,3.172,3.192,3.159,3.183
510880,2025-11-07,3.183,3.207,3.182,3.188
510880,2025-11-10,3.185,3.215,3.174,3.213
510880,2025-11-11,3.211,3.211,3.184,3.204
510880,2025-11-12,3.202,3.232,3.202,3.217
510880,2025-11-13,3.209,3.225,3.193,3.218
510880,2025-11-14,3.213,3.238,3.203,3.205
510880,2025-11-17,3.205,3.205,3.168,3.186
510880,2025-11-18,3.181,3.184,3.13,3.141
510880,2025-11-19,3.14,3.165,3.139,3.157
510880,2025-11-20,3.156,3.19,3.152,3.157
510880,2025-11-21,3.147,3.157,3.107,3.112
510880,2025-11-24,3.11,3.122,3.084,3.084
510880,2025-11-25,3.083,3.103,3.077,3.1
510880,2025-11-26,3.097,3.109,3.08,3.083
510880,2025-11-27,3.083,3.096,3.065,3.087
510880,2025-11-28,3.087,3.089,3.072,3.087
510880,2025-12-01,3.087,3.102,3.079,3.102
510880,2025-12-02,3.101,3.107,3.093,3.106
510880,2025-12-03,3.103,3.121,3.093,3.098
510880,2025-12-04,3.095,3.105,3.081,3.085
510880,2025-12-05,3.084,3.087,3.063,3.083
510880,2025-12-08,3.082,3.084,3.05,3.067
510880,2025-12-09,3.06,3.061,3.038,3.041
510880,2025-12-10,3.043,3.048,3.017,3.028
510880,2025-12-11,3.028,3.031,3.002,3.012
510880,2025-12-12,3.012,3.016,2.992,2.999
510880,2025-12-15,3,3.032,2.99,3.025
510880,2025-12-16,3.024,3.024,2.992,2.997
510880,2025-12-17,2.993,3.011,2.981,3
510880,2025-12-18,3,3.037,2.997,3.032
510880,2025-12-19,3.032,3.04,3.016,3.031
510880,2025-12-22,3.031,3.031,3.012,3.016
510880,2025-12-23,3.015,3.03,3.012,3.017
510880,2025-12-24,3.017,3.023,3.003,3.022
510880,2025-12-25,3.022,3.034,3.02,3.031
510880,2025-12-26,3.027,3.044,3.024,3.044
510880,2025-12-29,3.044,3.057,3.029,3.042
510880,2025-12-30,3.036,3.051,3.028,3.045
510880,2025-12-31,3.045,3.051,3.032,3.04
510880,2026-01-05,3.04,3.05,3.027,3.037
510880,2026-01-06,3.037,3.076,3.029,3.075
510880,2026-01-07,3.075,3.089,3.059,3.089
510880,2026-01-08,3.087,3.088,3.07,3.078
510880,2026-01-09,3.078,3.092,3.073,3.091
510880,2026-01-12,3.09,3.094,3.071,3.088
510880,2026-01-13,3.085,3.102,3.081,3.086
510880,2026-01-14,3.085,3.093,3.054,3.056
510880,2026-01-15,3.056,3.066,3.04,3.045
510880,2026-01-16,3.046,3.057,3.012,3.02
510880,2026-01-19,3.02,3.037,3.011,3.036
510880,2026-01-20,3.037,3.075,3.032,3.074
510880,2026-01-21,3.078,3.079,3.052,3.057
510880,2026-01-22,3.059,3.08,3.055,3.077
510880,2026-01-23,3.081,3.082,3.059,3.069
510880,2026-01-26,3.069,3.109,3.064,3.106
510880,2026-01-27,3.106,3.113,3.075,3.081
510880,2026-01-28,3.082,3.148,3.072,3.132
510880,2026-01-29,3.134,3.168,3.12,3.166
510880,2026-01-30,3.165,3.196,3.124,3.144
510880,2026-02-02,3.137,3.138,3.042,3.046
510880,2026-02-03,3.049,3.064,3.028,3.051
510880,2026-02-04,3.056,3.153,3.056,3.15
510880,2026-02-05,3.132,3.143,3.112,3.136
510880,2026-02-06,3.11,3.141,3.1,3.126
510880,2026-02-09,3.126,3.146,3.125,3.144
510880,2026-02-10,3.144,3.16,3.132,3.156
510880,2026-02-11,3.153,3.192,3.143,3.183
510880,2026-02-12,3.185,3.198,3.169,3.18
510880,2026-02-13,3.17,3.175,3.134,3.137
510880,2026-02-24,3.152,3.196,3.152,3.19
510880,2026-02-25,3.19,3.237,3.187,3.194
510880,2026-02-26,3.197,3.211,3.178,3.195
510880,2026-02-27,3.193,3.237,3.19,3.232
510880,2026-03-02,3.275,3.306,3.235,3.303
510880,2026-03-03,3.306,3.404,3.296,3.367
510880,2026-03-04,3.341,3.341,3.251,3.304
510880,2026-03-05,3.283,3.312,3.255,3.291
510880,2026-03-06,3.282,3.29,3.253,3.285
510880,2026-03-09,3.347,3.373,3.308,3.309
510880,2026-03-10,3.256,3.283,3.24,3.27
510880,2026-03-11,3.263,3.317,3.24,3.313
510880,2026-03-12,3.325,3.392,3.313,3.381
510880,2026-03-13,3.38,3.408,3.358,3.364
510880,2026-03-16,3.365,3.381,3.33,3.335
510880,2026-03-17,3.325,3.349,3.308,3.309
510880,2026-03-18,3.308,3.319,3.261,3.296
510880,2026-03-19,3.306,3.329,3.296,3.305
510880,2026-03-20,3.275,3.329,3.273,3.296
510880,2026-03-23,3.305,3.306,3.226,3.234
510880,2026-03-24,3.23,3.27,3.227,3.269
510880,2026-03-25,3.25,3.257,3.21,3.256
510880,2026-03-26,3.251,3.288,3.248,3.268
510880,2026-03-27,3.267,3.283,3.243,3.267
510880,2026-03-30,3.262,3.304,3.262,3.299
510880,2026-03-31,3.293,3.314,3.248,3.251
510880,2026-04-01,3.248,3.269,3.236,3.241
510880,2026-04-02,3.24,3.27,3.238,3.258
510880,2026-04-03,3.256,3.259,3.204,3.216
510880,2026-04-07,3.217,3.232,3.196,3.228
510880,2026-04-08,3.21,3.228,3.186,3.227
510880,2026-04-09,3.222,3.232,3.202,3.212
510880,2026-04-10,3.211,3.231,3.205,3.218
510880,2026-04-13,3.225,3.233,3.202,3.223
510880,2026-04-14,3.216,3.224,3.205,3.223
510880,2026-04-15,3.221,3.242,3.206,3.24
510880,2026-04-16,3.23,3.251,3.23,3.244
510880,2026-04-17,3.24,3.244,3.216,3.218
510880,2026-04-20,3.219,3.235,3.212,3.225
510880,2026-04-21,3.224,3.273,3.222,3.265
510880,2026-04-22,3.268,3.281,3.259,3.269
510880,2026-04-23,3.269,3.294,3.253,3.293
510880,2026-04-24,3.277,3.292,3.266,3.28
510880,2026-04-27,3.27,3.293,3.264,3.275
510880,2026-04-28,3.27,3.326,3.265,3.325
510880,2026-04-29,3.315,3.36,3.313,3.347
510880,2026-04-30,3.34,3.357,3.324,3.341
510880,2026-05-06,3.335,3.342,3.3,3.341
510880,2026-05-07,3.327,3.327,3.268,3.272
510880,2026-05-08,3.273,3.292,3.25,3.261
510880,2026-05-11,3.261,3.276,3.253,3.263
510880,2026-05-12,3.26,3.284,3.255,3.257
510880,2026-05-13,3.258,3.271,3.23,3.244
510880,2026-05-14,3.244,3.246,3.222,3.223
510880,2026-05-15,3.224,3.244,3.21,3.223
510880,2026-05-18,3.22,3.234,3.2,3.217
510880,2026-05-19,3.217,3.228,3.208,3.222
510880,2026-05-20,3.222,3.23,3.208,3.215
510880,2026-05-21,3.205,3.215,3.167,3.172
510880,2026-05-22,3.173,3.175,3.138,3.156
510880,2026-05-25,3.178,3.219,3.178,3.185
510880,2026-05-26,3.178,3.192,3.163,3.186
510880,2026-05-27,3.18,3.183,3.143,3.17
510880,2026-05-28,3.163,3.193,3.157,3.17
510880,2026-05-29,3.165,3.212,3.162,3.206
512890,2019-01-18,0.4901661,0.4901661,0.4901661,0.4901661
512890,2019-01-21,0.4901661,0.4901661,0.4901661,0.4901661
512890,2019-01-22,0.4887,0.4887,0.4887,0.4887
512890,2019-01-23,0.4901661,0.4901661,0.4901661,0.4901661
512890,2019-01-24,0.4916322,0.4916322,0.4916322,0.4916322
512890,2019-01-25,0.4940757,0.4940757,0.4940757,0.4940757
512890,2019-01-28,0.4945644,0.4945644,0.4945644,0.4945644
512890,2019-01-29,0.4965192,0.4965192,0.4965192,0.4965192
512890,2019-01-30,0.4960305,0.4960305,0.4960305,0.4960305
512890,2019-01-31,0.4970079,0.4970079,0.4970079,0.4970079
512890,2019-02-01,0.5014062,0.5014062,0.5014062,0.5014062
512890,2019-02-11,0.5072706,0.5072706,0.5072706,0.5072706
512890,2019-02-12,0.5087367,0.5087367,0.5087367,0.5087367
512890,2019-02-13,0.5141124,0.5141124,0.5141124,0.5141124
512890,2019-02-14,0.5136237,0.5136237,0.5136237,0.5136237
512890,2019-02-15,0.5043384,0.5043384,0.5043384,0.5043384
512890,2019-02-18,0.5146011,0.5146011,0.5146011,0.5146011
512890,2019-02-19,0.5136237,0.5136237,0.5136237,0.5136237
512890,2019-02-20,0.5150898,0.5150898,0.5150898,0.5150898
512890,2019-02-21,0.5111802,0.5111802,0.5111802,0.5111802
512890,2019-02-22,0.5155785,0.5155785,0.5155785,0.5155785
512890,2019-02-25,0.5370813,0.5370813,0.5370813,0.5370813
512890,2019-02-26,0.5321943,0.5321943,0.5321943,0.5321943
512890,2019-02-27,0.5331717,0.5331717,0.5331717,0.5331717
512890,2019-02-28,0.5312169,0.5312169,0.5312169,0.5312169
512890,2019-03-01,0.53757,0.53757,0.53757,0.53757
512890,2019-03-04,0.5449005,0.5449005,0.5449005,0.5449005
512890,2019-03-05,0.5507649,0.5507649,0.5507649,0.5507649
512890,2019-03-06,0.5546745,0.5546745,0.5546745,0.5546745
512890,2019-03-07,0.552231,0.552231,0.552231,0.552231
512890,2019-03-08,0.5317056,0.5317056,0.5317056,0.5317056
512890,2019-03-11,0.5351265,0.5351265,0.5351265,0.5351265
512890,2019-03-12,0.5439231,0.5439231,0.5439231,0.5439231
512890,2019-03-13,0.542457,0.542457,0.542457,0.542457
512890,2019-03-14,0.5361039,0.5361039,0.5361039,0.5361039
512890,2019-03-15,0.5458779,0.5458779,0.5458779,0.5458779
512890,2019-03-18,0.5629824,0.5629824,0.5629824,0.5629824
512890,2019-03-19,0.562005,0.562005,0.562005,0.562005
512890,2019-03-20,0.5634711,0.5634711,0.5634711,0.5634711
512890,2019-03-21,0.5624937,0.5624937,0.5624937,0.5624937
512890,2019-03-22,0.5654259,0.5654259,0.5654259,0.5654259
512890,2019-03-25,0.5615163,0.5615163,0.5615163,0.5615163
512890,2019-03-26,0.5536971,0.5536971,0.5536971,0.5536971
512890,2019-03-27,0.5600502,0.5600502,0.5600502,0.5600502
512890,2019-03-28,0.557118,0.557118,0.557118,0.557118
512890,2019-03-29,0.571779,0.571779,0.571779,0.571779
512890,2019-04-01,0.5825304,0.5825304,0.5825304,0.5825304
512890,2019-04-02,0.5825304,0.5825304,0.5825304,0.5825304
512890,2019-04-03,0.5888835,0.5888835,0.5888835,0.5888835
512890,2019-04-04,0.5976801,0.5976801,0.5976801,0.5976801
512890,2019-04-08,0.5976801,0.5976801,0.5976801,0.5976801
512890,2019-04-09,0.5991462,0.5991462,0.5991462,0.5991462
512890,2019-04-10,0.6020784,0.6020784,0.6020784,0.6020784
512890,2019-04-11,0.5937705,0.5937705,0.5937705,0.5937705
512890,2019-04-12,0.591327,0.591327,0.591327,0.591327
512890,2019-04-15,0.5908383,0.5908383,0.5908383,0.5908383
512890,2019-04-16,0.5957253,0.5957253,0.5957253,0.5957253
512890,2019-04-17,0.5986575,0.5986575,0.5986575,0.5986575
512890,2019-04-18,0.5927931,0.5927931,0.5927931,0.5927931
512890,2019-04-19,0.5967027,0.5967027,0.5967027,0.5967027
512890,2019-04-22,0.5825304,0.5825304,0.5825304,0.5825304
512890,2019-04-23,0.576666,0.576666,0.576666,0.576666
512890,2019-04-24,0.5795982,0.5795982,0.5795982,0.5795982
512890,2019-04-25,0.5639598,0.5639598,0.5639598,0.5639598
512890,2019-04-26,0.557118,0.557118,0.557118,0.557118
512890,2019-04-29,0.557118,0.557118,0.557118,0.557118
512890,2019-04-30,0.5634711,0.5634711,0.5634711,0.5634711
512890,2019-05-06,0.542457,0.542457,0.542457,0.542457
512890,2019-05-07,0.542457,0.542457,0.542457,0.542457
512890,2019-05-08,0.5365926,0.5365926,0.5365926,0.5365926
512890,2019-05-09,0.5292621,0.5292621,0.5292621,0.5292621
512890,2019-05-10,0.5453892,0.5453892,0.5453892,0.5453892
512890,2019-05-13,0.5405022,0.5405022,0.5405022,0.5405022
512890,2019-05-14,0.5370813,0.5370813,0.5370813,0.5370813
512890,2019-05-15,0.5444118,0.5444118,0.5444118,0.5444118
512890,2019-05-16,0.5478327,0.5478327,0.5478327,0.5478327
512890,2019-05-17,0.5365926,0.5365926,0.5365926,0.5365926
512890,2019-05-20,0.5307282,0.5307282,0.5307282,0.5307282
512890,2019-05-21,0.53757,0.53757,0.53757,0.53757
512890,2019-05-22,0.5351265,0.5351265,0.5351265,0.5351265
512890,2019-05-23,0.5292621,0.5292621,0.5292621,0.5292621
512890,2019-05-24,0.5307282,0.5307282,0.5307282,0.5307282
512890,2019-05-27,0.5385474,0.5385474,0.5385474,0.5385474
512890,2019-05-28,0.53757,0.53757,0.53757,0.53757
512890,2019-05-29,0.53757,0.53757,0.53757,0.53757
512890,2019-05-30,0.5390361,0.5390361,0.5390361,0.5390361
512890,2019-05-31,0.5390361,0.5390361,0.5390361,0.5390361
512890,2019-06-03,0.5395248,0.5395248,0.5395248,0.5395248
512890,2019-06-04,0.5346378,0.5346378,0.5346378,0.5346378
512890,2019-06-05,0.5370813,0.5370813,0.5370813,0.5370813
512890,2019-06-06,0.5341491,0.5341491,0.5341491,0.5341491
512890,2019-06-10,0.5380587,0.5380587,0.5380587,0.5380587
512890,2019-06-11,0.5488101,0.5488101,0.5488101,0.5488101
512890,2019-06-12,0.5458779,0.5458779,0.5458779,0.5458779
512890,2019-06-13,0.5434344,0.5434344,0.5434344,0.5434344
512890,2019-06-14,0.5390361,0.5390361,0.5390361,0.5390361
512890,2019-06-17,0.5390361,0.5390361,0.5390361,0.5390361
512890,2019-06-18,0.5400135,0.5400135,0.5400135,0.5400135
512890,2019-06-19,0.5449005,0.5449005,0.5449005,0.5449005
512890,2019-06-20,0.5536971,0.5536971,0.5536971,0.5536971
512890,2019-06-21,0.5551632,0.5551632,0.5551632,0.5551632
512890,2019-06-24,0.5546745,0.5546745,0.5546745,0.5546745
512890,2019-06-25,0.5502762,0.5502762,0.5502762,0.5502762
512890,2019-06-26,0.5488101,0.5488101,0.5488101,0.5488101
512890,2019-06-27,0.5517423,0.5517423,0.5517423,0.5517423
512890,2019-06-28,0.5497875,0.5497875,0.5497875,0.5497875
512890,2019-07-01,0.5605389,0.5605389,0.5605389,0.5605389
512890,2019-07-02,0.5644485,0.5644485,0.5644485,0.5644485
512890,2019-07-03,0.5634711,0.5634711,0.5634711,0.5634711
512890,2019-07-04,0.5629824,0.5629824,0.5629824,0.5629824
512890,2019-07-05,0.5654259,0.5654259,0.5654259,0.5654259
512890,2019-07-08,0.5541858,0.5541858,0.5541858,0.5541858
512890,2019-07-09,0.5536971,0.5536971,0.5536971,0.5536971
512890,2019-07-10,0.5497875,0.5497875,0.5497875,0.5497875
512890,2019-07-11,0.5497875,0.5497875,0.5497875,0.5497875
512890,2019-07-12,0.5541858,0.5541858,0.5541858,0.5541858
512890,2019-07-15,0.5551632,0.5551632,0.5551632,0.5551632
512890,2019-07-16,0.5546745,0.5546745,0.5546745,0.5546745
512890,2019-07-17,0.5566293,0.5566293,0.5566293,0.5566293
512890,2019-07-18,0.552231,0.552231,0.552231,0.552231
512890,2019-07-19,0.5576067,0.5576067,0.5576067,0.5576067
512890,2019-07-22,0.5551632,0.5551632,0.5551632,0.5551632
512890,2019-07-23,0.5561406,0.5561406,0.5561406,0.5561406
512890,2019-07-24,0.5585841,0.5585841,0.5585841,0.5585841
512890,2019-07-25,0.5605389,0.5605389,0.5605389,0.5605389
512890,2019-07-26,0.5634711,0.5634711,0.5634711,0.5634711
512890,2019-07-29,0.5624937,0.5624937,0.5624937,0.5624937
512890,2019-07-30,0.5654259,0.5654259,0.5654259,0.5654259
512890,2019-07-31,0.5610276,0.5610276,0.5610276,0.5610276
512890,2019-08-01,0.5561406,0.5561406,0.5561406,0.5561406
512890,2019-08-02,0.5492988,0.5492988,0.5492988,0.5492988
512890,2019-08-05,0.5405022,0.5405022,0.5405022,0.5405022
512890,2019-08-06,0.532683,0.532683,0.532683,0.532683
512890,2019-08-07,0.5317056,0.5317056,0.5317056,0.5317056
512890,2019-08-08,0.53757,0.53757,0.53757,0.53757
512890,2019-08-09,0.5336604,0.5336604,0.5336604,0.5336604
512890,2019-08-12,0.5385474,0.5385474,0.5385474,0.5385474
512890,2019-08-13,0.5361039,0.5361039,0.5361039,0.5361039
512890,2019-08-14,0.5370813,0.5370813,0.5370813,0.5370813
512890,2019-08-15,0.5380587,0.5380587,0.5380587,0.5380587
512890,2019-08-16,0.5385474,0.5385474,0.5385474,0.5385474
512890,2019-08-19,0.5463666,0.5463666,0.5463666,0.5463666
512890,2019-08-20,0.5468553,0.5468553,0.5468553,0.5468553
512890,2019-08-21,0.5463666,0.5463666,0.5463666,0.5463666
512890,2019-08-22,0.5463666,0.5463666,0.5463666,0.5463666
512890,2019-08-23,0.5478327,0.5478327,0.5478327,0.5478327
512890,2019-08-26,0.5434344,0.5434344,0.5434344,0.5434344
512890,2019-08-27,0.5507649,0.5507649,0.5507649,0.5507649
512890,2019-08-28,0.5497875,0.5497875,0.5497875,0.5497875
512890,2019-08-29,0.5453892,0.5453892,0.5453892,0.5453892
512890,2019-08-30,0.5439231,0.5439231,0.5439231,0.5439231
512890,2019-09-02,0.5483214,0.5483214,0.5483214,0.5483214
512890,2019-09-03,0.547344,0.547344,0.547344,0.547344
512890,2019-09-04,0.5507649,0.5507649,0.5507649,0.5507649
512890,2019-09-05,0.5566293,0.5566293,0.5566293,0.5566293
512890,2019-09-06,0.5576067,0.5576067,0.5576067,0.5576067
512890,2019-09-09,0.5605389,0.5605389,0.5605389,0.5605389
512890,2019-09-10,0.5590728,0.5590728,0.5590728,0.5590728
512890,2019-09-11,0.5590728,0.5590728,0.5590728,0.5590728
512890,2019-09-12,0.5624937,0.5624937,0.5624937,0.5624937
512890,2019-09-16,0.5639598,0.5639598,0.5639598,0.5639598
512890,2019-09-17,0.5566293,0.5566293,0.5566293,0.5566293
512890,2019-09-18,0.5580954,0.5580954,0.5580954,0.5580954
512890,2019-09-19,0.5590728,0.5590728,0.5590728,0.5590728
512890,2019-09-20,0.5595615,0.5595615,0.5595615,0.5595615
512890,2019-09-23,0.5541858,0.5541858,0.5541858,0.5541858
512890,2019-09-24,0.5566293,0.5566293,0.5566293,0.5566293
512890,2019-09-25,0.5507649,0.5507649,0.5507649,0.5507649
512890,2019-09-26,0.5507649,0.5507649,0.5507649,0.5507649
512890,2019-09-27,0.5497875,0.5497875,0.5497875,0.5497875
512890,2019-09-30,0.547344,0.547344,0.547344,0.547344
512890,2019-10-08,0.5507649,0.5507649,0.5507649,0.5507649
512890,2019-10-09,0.5551632,0.5551632,0.5551632,0.5551632
512890,2019-10-10,0.5585841,0.5585841,0.5585841,0.5585841
512890,2019-10-11,0.562005,0.562005,0.562005,0.562005
512890,2019-10-14,0.5693355,0.5693355,0.5693355,0.5693355
512890,2019-10-15,0.5659146,0.5659146,0.5659146,0.5659146
512890,2019-10-16,0.5654259,0.5654259,0.5654259,0.5654259
512890,2019-10-17,0.5634711,0.5634711,0.5634711,0.5634711
512890,2019-10-18,0.557118,0.557118,0.557118,0.557118
512890,2019-10-21,0.5590728,0.5590728,0.5590728,0.5590728
512890,2019-10-22,0.5605389,0.5605389,0.5605389,0.5605389
512890,2019-10-23,0.5576067,0.5576067,0.5576067,0.5576067
512890,2019-10-24,0.5585841,0.5585841,0.5585841,0.5585841
512890,2019-10-25,0.5610276,0.5610276,0.5610276,0.5610276
512890,2019-10-28,0.5629824,0.5629824,0.5629824,0.5629824
512890,2019-10-29,0.5595615,0.5595615,0.5595615,0.5595615
512890,2019-10-30,0.5576067,0.5576067,0.5576067,0.5576067
512890,2019-10-31,0.5532084,0.5532084,0.5532084,0.5532084
512890,2019-11-01,0.5585841,0.5585841,0.5585841,0.5585841
512890,2019-11-04,0.5615163,0.5615163,0.5615163,0.5615163
512890,2019-11-05,0.5664033,0.5664033,0.5664033,0.5664033
512890,2019-11-06,0.5624937,0.5624937,0.5624937,0.5624937
512890,2019-11-07,0.5654259,0.5654259,0.5654259,0.5654259
512890,2019-11-08,0.5615163,0.5615163,0.5615163,0.5615163
512890,2019-11-11,0.5532084,0.5532084,0.5532084,0.5532084
512890,2019-11-12,0.5532084,0.5532084,0.5532084,0.5532084
512890,2019-11-13,0.5507649,0.5507649,0.5507649,0.5507649
512890,2019-11-14,0.5502762,0.5502762,0.5502762,0.5502762
512890,2019-11-15,0.5488101,0.5488101,0.5488101,0.5488101
512890,2019-11-18,0.5546745,0.5546745,0.5546745,0.5546745
512890,2019-11-19,0.5615163,0.5615163,0.5615163,0.5615163
512890,2019-11-20,0.5585841,0.5585841,0.5585841,0.5585841
512890,2019-11-21,0.557118,0.557118,0.557118,0.557118
512890,2019-11-22,0.5566293,0.5566293,0.5566293,0.5566293
512890,2019-11-25,0.5644485,0.5644485,0.5644485,0.5644485
512890,2019-11-26,0.5644485,0.5644485,0.5644485,0.5644485
512890,2019-11-27,0.5624937,0.5624937,0.5624937,0.5624937
512890,2019-11-28,0.5605389,0.5605389,0.5605389,0.5605389
512890,2019-11-29,0.5600502,0.5600502,0.5600502,0.5600502
512890,2019-12-02,0.5610276,0.5610276,0.5610276,0.5610276
512890,2019-12-03,0.562005,0.562005,0.562005,0.562005
512890,2019-12-04,0.5605389,0.5605389,0.5605389,0.5605389
512890,2019-12-05,0.5624937,0.5624937,0.5624937,0.5624937
512890,2019-12-06,0.5634711,0.5634711,0.5634711,0.5634711
512890,2019-12-09,0.5673807,0.5673807,0.5673807,0.5673807
512890,2019-12-10,0.566892,0.566892,0.566892,0.566892
512890,2019-12-11,0.566892,0.566892,0.566892,0.566892
512890,2019-12-12,0.5683581,0.5683581,0.5683581,0.5683581
512890,2019-12-13,0.5722677,0.5722677,0.5722677,0.5722677
512890,2019-12-16,0.5756886,0.5756886,0.5756886,0.5756886
512890,2019-12-17,0.5805756,0.5805756,0.5805756,0.5805756
512890,2019-12-18,0.5791095,0.5791095,0.5791095,0.5791095
512890,2019-12-19,0.5805756,0.5805756,0.5805756,0.5805756
512890,2019-12-20,0.5805756,0.5805756,0.5805756,0.5805756
512890,2019-12-23,0.5742225,0.5742225,0.5742225,0.5742225
512890,2019-12-24,0.5756886,0.5756886,0.5756886,0.5756886
512890,2019-12-25,0.5742225,0.5742225,0.5742225,0.5742225
512890,2019-12-26,0.5786208,0.5786208,0.5786208,0.5786208
512890,2019-12-27,0.5800869,0.5800869,0.5800869,0.5800869
512890,2019-12-30,0.5888835,0.5888835,0.5888835,0.5888835
512890,2019-12-31,0.5923044,0.5923044,0.5923044,0.5923044
512890,2020-01-02,0.6001236,0.6001236,0.6001236,0.6001236
512890,2020-01-03,0.5976801,0.5976801,0.5976801,0.5976801
512890,2020-01-06,0.5971914,0.5971914,0.5971914,0.5971914
512890,2020-01-07,0.5991462,0.5991462,0.5991462,0.5991462
512890,2020-01-08,0.591327,0.591327,0.591327,0.591327
512890,2020-01-09,0.5967027,0.5967027,0.5967027,0.5967027
512890,2020-01-10,0.5952366,0.5952366,0.5952366,0.5952366
512890,2020-01-13,0.5971914,0.5971914,0.5971914,0.5971914
512890,2020-01-14,0.5976801,0.5976801,0.5976801,0.5976801
512890,2020-01-15,0.5942592,0.5942592,0.5942592,0.5942592
512890,2020-01-16,0.5903496,0.5903496,0.5903496,0.5903496
512890,2020-01-17,0.5893722,0.5893722,0.5893722,0.5893722
512890,2020-01-20,0.5888835,0.5888835,0.5888835,0.5888835
512890,2020-01-21,0.5795982,0.5795982,0.5795982,0.5795982
512890,2020-01-22,0.5800869,0.5800869,0.5800869,0.5800869
512890,2020-01-23,0.5649372,0.5649372,0.5649372,0.5649372
512890,2020-02-03,0.5116689,0.5116689,0.5116689,0.5116689
512890,2020-02-04,0.5307282,0.5307282,0.5307282,0.5307282
512890,2020-02-05,0.5341491,0.5341491,0.5341491,0.5341491
512890,2020-02-06,0.5405022,0.5405022,0.5405022,0.5405022
512890,2020-02-07,0.53757,0.53757,0.53757,0.53757
512890,2020-02-10,0.5453892,0.5453892,0.5453892,0.5453892
512890,2020-02-11,0.5483214,0.5483214,0.5483214,0.5483214
512890,2020-02-12,0.5512536,0.5512536,0.5512536,0.5512536
512890,2020-02-13,0.5488101,0.5488101,0.5488101,0.5488101
512890,2020-02-14,0.552231,0.552231,0.552231,0.552231
512890,2020-02-17,0.5629824,0.5629824,0.5629824,0.5629824
512890,2020-02-18,0.5600502,0.5600502,0.5600502,0.5600502
512890,2020-02-19,0.5585841,0.5585841,0.5585841,0.5585841
512890,2020-02-20,0.5654259,0.5654259,0.5654259,0.5654259
512890,2020-02-21,0.5659146,0.5659146,0.5659146,0.5659146
512890,2020-02-24,0.5590728,0.5590728,0.5590728,0.5590728
512890,2020-02-25,0.5536971,0.5536971,0.5536971,0.5536971
512890,2020-02-26,0.557118,0.557118,0.557118,0.557118
512890,2020-02-27,0.5605389,0.5605389,0.5605389,0.5605389
512890,2020-02-28,0.547344,0.547344,0.547344,0.547344
512890,2020-03-02,0.566892,0.566892,0.566892,0.566892
512890,2020-03-03,0.566892,0.566892,0.566892,0.566892
512890,2020-03-04,0.5742225,0.5742225,0.5742225,0.5742225
512890,2020-03-05,0.5810643,0.5810643,0.5810643,0.5810643
512890,2020-03-06,0.5722677,0.5722677,0.5722677,0.5722677
512890,2020-03-09,0.5576067,0.5576067,0.5576067,0.5576067
512890,2020-03-10,0.5644485,0.5644485,0.5644485,0.5644485
512890,2020-03-11,0.5595615,0.5595615,0.5595615,0.5595615
512890,2020-03-12,0.5517423,0.5517423,0.5517423,0.5517423
512890,2020-03-13,0.5419683,0.5419683,0.5419683,0.5419683
512890,2020-03-16,0.5287734,0.5287734,0.5287734,0.5287734
512890,2020-03-17,0.5282847,0.5282847,0.5282847,0.5282847
512890,2020-03-18,0.5194881,0.5194881,0.5194881,0.5194881
512890,2020-03-19,0.5102028,0.5102028,0.5102028,0.5102028
512890,2020-03-20,0.5204655,0.5204655,0.5204655,0.5204655
512890,2020-03-23,0.5053158,0.5053158,0.5053158,0.5053158
512890,2020-03-24,0.518022,0.518022,0.518022,0.518022
512890,2020-03-25,0.5292621,0.5292621,0.5292621,0.5292621
512890,2020-03-26,0.5253525,0.5253525,0.5253525,0.5253525
512890,2020-03-27,0.5292621,0.5292621,0.5292621,0.5292621
512890,2020-03-30,0.5253525,0.5253525,0.5253525,0.5253525
512890,2020-03-31,0.5233977,0.5233977,0.5233977,0.5233977
512890,2020-04-01,0.5209542,0.5209542,0.5209542,0.5209542
512890,2020-04-02,0.5263299,0.5263299,0.5263299,0.5263299
512890,2020-04-03,0.5248638,0.5248638,0.5248638,0.5248638
512890,2020-04-07,0.532683,0.532683,0.532683,0.532683
512890,2020-04-08,0.5312169,0.5312169,0.5312169,0.5312169
512890,2020-04-09,0.532683,0.532683,0.532683,0.532683
512890,2020-04-10,0.5302395,0.5302395,0.5302395,0.5302395
512890,2020-04-13,0.5302395,0.5302395,0.5302395,0.5302395
512890,2020-04-14,0.5346378,0.5346378,0.5346378,0.5346378
512890,2020-04-15,0.5317056,0.5317056,0.5317056,0.5317056
512890,2020-04-16,0.5307282,0.5307282,0.5307282,0.5307282
512890,2020-04-17,0.5336604,0.5336604,0.5336604,0.5336604
512890,2020-04-20,0.5356152,0.5356152,0.5356152,0.5356152
512890,2020-04-21,0.5307282,0.5307282,0.5307282,0.5307282
512890,2020-04-22,0.5307282,0.5307282,0.5307282,0.5307282
512890,2020-04-23,0.5307282,0.5307282,0.5307282,0.5307282
512890,2020-04-24,0.5268186,0.5268186,0.5268186,0.5268186
512890,2020-04-27,0.5312169,0.5312169,0.5312169,0.5312169
512890,2020-04-28,0.5317056,0.5317056,0.5317056,0.5317056
512890,2020-04-29,0.5409909,0.5409909,0.5409909,0.5409909
512890,2020-04-30,0.5463666,0.5463666,0.5463666,0.5463666
512890,2020-05-06,0.5453892,0.5453892,0.5453892,0.5453892
512890,2020-05-07,0.5453892,0.5453892,0.5453892,0.5453892
512890,2020-05-08,0.5483214,0.5483214,0.5483214,0.5483214
512890,2020-05-11,0.5517423,0.5517423,0.5517423,0.5517423
512890,2020-05-12,0.5478327,0.5478327,0.5478327,0.5478327
512890,2020-05-13,0.5492988,0.5492988,0.5492988,0.5492988
512890,2020-05-14,0.5429457,0.5429457,0.5429457,0.5429457
512890,2020-05-15,0.5414796,0.5414796,0.5414796,0.5414796
512890,2020-05-18,0.5439231,0.5439231,0.5439231,0.5439231
512890,2020-05-19,0.5453892,0.5453892,0.5453892,0.5453892
512890,2020-05-20,0.5429457,0.5429457,0.5429457,0.5429457
512890,2020-05-21,0.5429457,0.5429457,0.5429457,0.5429457
512890,2020-05-22,0.5331717,0.5331717,0.5331717,0.5331717
512890,2020-05-25,0.5351265,0.5351265,0.5351265,0.5351265
512890,2020-05-26,0.5370813,0.5370813,0.5370813,0.5370813
512890,2020-05-27,0.5380587,0.5380587,0.5380587,0.5380587
512890,2020-05-28,0.5405022,0.5405022,0.5405022,0.5405022
512890,2020-05-29,0.5395248,0.5395248,0.5395248,0.5395248
512890,2020-06-01,0.5478327,0.5478327,0.5478327,0.5478327
512890,2020-06-02,0.5497875,0.5497875,0.5497875,0.5497875
512890,2020-06-03,0.5502762,0.5502762,0.5502762,0.5502762
512890,2020-06-04,0.5517423,0.5517423,0.5517423,0.5517423
512890,2020-06-05,0.5497875,0.5497875,0.5497875,0.5497875
512890,2020-06-08,0.5532084,0.5532084,0.5532084,0.5532084
512890,2020-06-09,0.5556519,0.5556519,0.5556519,0.5556519
512890,2020-06-10,0.5556519,0.5556519,0.5556519,0.5556519
512890,2020-06-11,0.5502762,0.5502762,0.5502762,0.5502762
512890,2020-06-12,0.5512536,0.5512536,0.5512536,0.5512536
512890,2020-06-15,0.5463666,0.5463666,0.5463666,0.5463666
512890,2020-06-16,0.552231,0.552231,0.552231,0.552231
512890,2020-06-17,0.5546745,0.5546745,0.5546745,0.5546745
512890,2020-06-18,0.557118,0.557118,0.557118,0.557118
512890,2020-06-19,0.5590728,0.5590728,0.5590728,0.5590728
512890,2020-06-22,0.5551632,0.5551632,0.5551632,0.5551632
512890,2020-06-23,0.5532084,0.5532084,0.5532084,0.5532084
512890,2020-06-24,0.5556519,0.5556519,0.5556519,0.5556519
512890,2020-06-29,0.5527197,0.5527197,0.5527197,0.5527197
512890,2020-06-30,0.5580954,0.5580954,0.5580954,0.5580954
512890,2020-07-01,0.5732451,0.5732451,0.5732451,0.5732451
512890,2020-07-02,0.5893722,0.5893722,0.5893722,0.5893722
512890,2020-07-03,0.5976801,0.5976801,0.5976801,0.5976801
512890,2020-07-06,0.6372648,0.6372648,0.6372648,0.6372648
512890,2020-07-07,0.6357987,0.6357987,0.6357987,0.6357987
512890,2020-07-08,0.6372648,0.6372648,0.6372648,0.6372648
512890,2020-07-09,0.6426405,0.6426405,0.6426405,0.6426405
512890,2020-07-10,0.6284682,0.6284682,0.6284682,0.6284682
512890,2020-07-13,0.6445953,0.6445953,0.6445953,0.6445953
512890,2020-07-14,0.6411744,0.6411744,0.6411744,0.6411744
512890,2020-07-15,0.6343326,0.6343326,0.6343326,0.6343326
512890,2020-07-16,0.6260247,0.6260247,0.6260247,0.6260247
512890,2020-07-17,0.6235812,0.6235812,0.6235812,0.6235812
512890,2020-07-20,0.6489936,0.6489936,0.6489936,0.6489936
512890,2020-07-21,0.6475275,0.6475275,0.6475275,0.6475275
512890,2020-07-22,0.6480162,0.6480162,0.6480162,0.6480162
512890,2020-07-23,0.6421518,0.6421518,0.6421518,0.6421518
512890,2020-07-24,0.6226038,0.6226038,0.6226038,0.6226038
512890,2020-07-27,0.6182055,0.6182055,0.6182055,0.6182055
512890,2020-07-28,0.6221151,0.6221151,0.6221151,0.6221151
512890,2020-07-29,0.630423,0.630423,0.630423,0.630423
512890,2020-07-30,0.6357987,0.6357987,0.6357987,0.6357987
512890,2020-07-31,0.6406857,0.6406857,0.6406857,0.6406857
512890,2020-08-03,0.6577902,0.6577902,0.6577902,0.6577902
512890,2020-08-04,0.6592563,0.6592563,0.6592563,0.6592563
512890,2020-08-05,0.6553467,0.6553467,0.6553467,0.6553467
512890,2020-08-06,0.6538806,0.6538806,0.6538806,0.6538806
512890,2020-08-07,0.6553467,0.6553467,0.6553467,0.6553467
512890,2020-08-10,0.6612111,0.6612111,0.6612111,0.6612111
512890,2020-08-11,0.6587676,0.6587676,0.6587676,0.6587676
512890,2020-08-12,0.654858,0.654858,0.654858,0.654858
512890,2020-08-13,0.6607224,0.6607224,0.6607224,0.6607224
512890,2020-08-14,0.664632,0.664632,0.664632,0.664632
512890,2020-08-17,0.6827139,0.6827139,0.6827139,0.6827139
512890,2020-08-18,0.6832026,0.6832026,0.6832026,0.6832026
512890,2020-08-19,0.6797817,0.6797817,0.6797817,0.6797817
512890,2020-08-20,0.6719625,0.6719625,0.6719625,0.6719625
512890,2020-08-21,0.6709851,0.6709851,0.6709851,0.6709851
512890,2020-08-24,0.6753834,0.6753834,0.6753834,0.6753834
512890,2020-08-25,0.6724512,0.6724512,0.6724512,0.6724512
512890,2020-08-26,0.6631659,0.6631659,0.6631659,0.6631659
512890,2020-08-27,0.6621885,0.6621885,0.6621885,0.6621885
512890,2020-08-28,0.6724512,0.6724512,0.6724512,0.6724512
512890,2020-08-31,0.6680529,0.6680529,0.6680529,0.6680529
512890,2020-09-01,0.664632,0.664632,0.664632,0.664632
512890,2020-09-02,0.6612111,0.6612111,0.6612111,0.6612111
512890,2020-09-03,0.6582789,0.6582789,0.6582789,0.6582789
512890,2020-09-04,0.654858,0.654858,0.654858,0.654858
512890,2020-09-07,0.6470388,0.6470388,0.6470388,0.6470388
512890,2020-09-08,0.6504597,0.6504597,0.6504597,0.6504597
512890,2020-09-09,0.640197,0.640197,0.640197,0.640197
512890,2020-09-10,0.6377535,0.6377535,0.6377535,0.6377535
512890,2020-09-11,0.6377535,0.6377535,0.6377535,0.6377535
512890,2020-09-14,0.6377535,0.6377535,0.6377535,0.6377535
512890,2020-09-15,0.640197,0.640197,0.640197,0.640197
512890,2020-09-16,0.6416631,0.6416631,0.6416631,0.6416631
512890,2020-09-17,0.6436179,0.6436179,0.6436179,0.6436179
512890,2020-09-18,0.6582789,0.6582789,0.6582789,0.6582789
512890,2020-09-21,0.6533919,0.6533919,0.6533919,0.6533919
512890,2020-09-22,0.6436179,0.6436179,0.6436179,0.6436179
512890,2020-09-23,0.6426405,0.6426405,0.6426405,0.6426405
512890,2020-09-24,0.6338439,0.6338439,0.6338439,0.6338439
512890,2020-09-25,0.630423,0.630423,0.630423,0.630423
512890,2020-09-28,0.6333552,0.6333552,0.6333552,0.6333552
512890,2020-09-29,0.6328665,0.6328665,0.6328665,0.6328665
512890,2020-09-30,0.6289569,0.6289569,0.6289569,0.6289569
512890,2020-10-09,0.6387309,0.6387309,0.6387309,0.6387309
512890,2020-10-12,0.6494823,0.6494823,0.6494823,0.6494823
512890,2020-10-13,0.6509484,0.6509484,0.6509484,0.6509484
512890,2020-10-14,0.6485049,0.6485049,0.6485049,0.6485049
512890,2020-10-15,0.6480162,0.6480162,0.6480162,0.6480162
512890,2020-10-16,0.6514371,0.6514371,0.6514371,0.6514371
512890,2020-10-19,0.6489936,0.6489936,0.6489936,0.6489936
512890,2020-10-20,0.6489936,0.6489936,0.6489936,0.6489936
512890,2020-10-21,0.6504597,0.6504597,0.6504597,0.6504597
512890,2020-10-22,0.6475275,0.6475275,0.6475275,0.6475275
512890,2020-10-23,0.645084,0.645084,0.645084,0.645084
512890,2020-10-26,0.6426405,0.6426405,0.6426405,0.6426405
512890,2020-10-27,0.640197,0.640197,0.640197,0.640197
512890,2020-10-28,0.6387309,0.6387309,0.6387309,0.6387309
512890,2020-10-29,0.645084,0.645084,0.645084,0.645084
512890,2020-10-30,0.6348213,0.6348213,0.6348213,0.6348213
512890,2020-11-02,0.6421518,0.6421518,0.6421518,0.6421518
512890,2020-11-03,0.6480162,0.6480162,0.6480162,0.6480162
512890,2020-11-04,0.6529032,0.6529032,0.6529032,0.6529032
512890,2020-11-05,0.6602337,0.6602337,0.6602337,0.6602337
512890,2020-11-06,0.6631659,0.6631659,0.6631659,0.6631659
512890,2020-11-09,0.6734286,0.6734286,0.6734286,0.6734286
512890,2020-11-10,0.6729399,0.6729399,0.6729399,0.6729399
512890,2020-11-11,0.6768495,0.6768495,0.6768495,0.6768495
512890,2020-11-12,0.679293,0.679293,0.679293,0.679293
512890,2020-11-13,0.6675642,0.6675642,0.6675642,0.6675642
512890,2020-11-16,0.6900444,0.6900444,0.6900444,0.6900444
512890,2020-11-17,0.6900444,0.6900444,0.6900444,0.6900444
512890,2020-11-18,0.693954,0.693954,0.693954,0.693954
512890,2020-11-19,0.689067,0.689067,0.689067,0.689067
512890,2020-11-20,0.6919992,0.6919992,0.6919992,0.6919992
512890,2020-11-23,0.7032393,0.7032393,0.7032393,0.7032393
512890,2020-11-24,0.6983523,0.6983523,0.6983523,0.6983523
512890,2020-11-25,0.689067,0.689067,0.689067,0.689067
512890,2020-11-26,0.6905331,0.6905331,0.6905331,0.6905331
512890,2020-11-27,0.6949314,0.6949314,0.6949314,0.6949314
512890,2020-11-30,0.7003071,0.7003071,0.7003071,0.7003071
512890,2020-12-01,0.6963975,0.6963975,0.6963975,0.6963975
512890,2020-12-02,0.6978636,0.6978636,0.6978636,0.6978636
512890,2020-12-03,0.689067,0.689067,0.689067,0.689067
512890,2020-12-04,0.6880896,0.6880896,0.6880896,0.6880896
512890,2020-12-07,0.6788043,0.6788043,0.6788043,0.6788043
512890,2020-12-08,0.6773382,0.6773382,0.6773382,0.6773382
512890,2020-12-09,0.6700077,0.6700077,0.6700077,0.6700077
512890,2020-12-10,0.6675642,0.6675642,0.6675642,0.6675642
512890,2020-12-11,0.6680529,0.6680529,0.6680529,0.6680529
512890,2020-12-14,0.6621885,0.6621885,0.6621885,0.6621885
512890,2020-12-15,0.6602337,0.6602337,0.6602337,0.6602337
512890,2020-12-16,0.6582789,0.6582789,0.6582789,0.6582789
512890,2020-12-17,0.6607224,0.6607224,0.6607224,0.6607224
512890,2020-12-18,0.6660981,0.6660981,0.6660981,0.6660981
512890,2020-12-21,0.664632,0.664632,0.664632,0.664632
512890,2020-12-22,0.6504597,0.6504597,0.6504597,0.6504597
512890,2020-12-23,0.649971,0.649971,0.649971,0.649971
512890,2020-12-24,0.645084,0.645084,0.645084,0.645084
512890,2020-12-25,0.6509484,0.6509484,0.6509484,0.6509484
512890,2020-12-28,0.6470388,0.6470388,0.6470388,0.6470388
512890,2020-12-29,0.6445953,0.6445953,0.6445953,0.6445953
512890,2020-12-30,0.6465501,0.6465501,0.6465501,0.6465501
512890,2020-12-31,0.6489936,0.6489936,0.6489936,0.6489936
512890,2021-01-04,0.645084,0.645084,0.645084,0.645084
512890,2021-01-05,0.6445953,0.6445953,0.6445953,0.6445953
512890,2021-01-06,0.6509484,0.6509484,0.6509484,0.6509484
512890,2021-01-07,0.6519258,0.6519258,0.6519258,0.6519258
512890,2021-01-08,0.6529032,0.6529032,0.6529032,0.6529032
512890,2021-01-11,0.6470388,0.6470388,0.6470388,0.6470388
512890,2021-01-12,0.6480162,0.6480162,0.6480162,0.6480162
512890,2021-01-13,0.6470388,0.6470388,0.6470388,0.6470388
512890,2021-01-14,0.6455727,0.6455727,0.6455727,0.6455727
512890,2021-01-15,0.6504597,0.6504597,0.6504597,0.6504597
512890,2021-01-18,0.6538806,0.6538806,0.6538806,0.6538806
512890,2021-01-19,0.6602337,0.6602337,0.6602337,0.6602337
512890,2021-01-20,0.6533919,0.6533919,0.6533919,0.6533919
512890,2021-01-21,0.6538806,0.6538806,0.6538806,0.6538806
512890,2021-01-22,0.6431292,0.6431292,0.6431292,0.6431292
512890,2021-01-25,0.6372648,0.6372648,0.6372648,0.6372648
512890,2021-01-26,0.63531,0.63531,0.63531,0.63531
512890,2021-01-27,0.6357987,0.6357987,0.6357987,0.6357987
512890,2021-01-28,0.6279795,0.6279795,0.6279795,0.6279795
512890,2021-01-29,0.6270021,0.6270021,0.6270021,0.6270021
512890,2021-02-01,0.6343326,0.6343326,0.6343326,0.6343326
512890,2021-02-02,0.6318891,0.6318891,0.6318891,0.6318891
512890,2021-02-03,0.6309117,0.6309117,0.6309117,0.6309117
512890,2021-02-04,0.6274908,0.6274908,0.6274908,0.6274908
512890,2021-02-05,0.6367761,0.6367761,0.6367761,0.6367761
512890,2021-02-08,0.6372648,0.6372648,0.6372648,0.6372648
512890,2021-02-09,0.6392196,0.6392196,0.6392196,0.6392196
512890,2021-02-10,0.6431292,0.6431292,0.6431292,0.6431292
512890,2021-02-18,0.6563241,0.6563241,0.6563241,0.6563241
512890,2021-02-19,0.6675642,0.6675642,0.6675642,0.6675642
512890,2021-02-22,0.6748947,0.6748947,0.6748947,0.6748947
512890,2021-02-23,0.6675642,0.6675642,0.6675642,0.6675642
512890,2021-02-24,0.6665868,0.6665868,0.6665868,0.6665868
512890,2021-02-25,0.6822252,0.6822252,0.6822252,0.6822252
512890,2021-02-26,0.669519,0.669519,0.669519,0.669519
512890,2021-03-01,0.6773382,0.6773382,0.6773382,0.6773382
512890,2021-03-02,0.6739173,0.6739173,0.6739173,0.6739173
512890,2021-03-03,0.689067,0.689067,0.689067,0.689067
512890,2021-03-04,0.6895557,0.6895557,0.6895557,0.6895557
512890,2021-03-05,0.679293,0.679293,0.679293,0.679293
512890,2021-03-08,0.6753834,0.6753834,0.6753834,0.6753834
512890,2021-03-09,0.6700077,0.6700077,0.6700077,0.6700077
512890,2021-03-10,0.664632,0.664632,0.664632,0.664632
512890,2021-03-11,0.6788043,0.6788043,0.6788043,0.6788043
512890,2021-03-12,0.693954,0.693954,0.693954,0.693954
512890,2021-03-15,0.6973749,0.6973749,0.6973749,0.6973749
512890,2021-03-16,0.7007958,0.7007958,0.7007958,0.7007958
512890,2021-03-17,0.6963975,0.6963975,0.6963975,0.6963975
512890,2021-03-18,0.6978636,0.6978636,0.6978636,0.6978636
512890,2021-03-19,0.6895557,0.6895557,0.6895557,0.6895557
512890,2021-03-22,0.6973749,0.6973749,0.6973749,0.6973749
512890,2021-03-23,0.6876009,0.6876009,0.6876009,0.6876009
512890,2021-03-24,0.6807591,0.6807591,0.6807591,0.6807591
512890,2021-03-25,0.6797817,0.6797817,0.6797817,0.6797817
512890,2021-03-26,0.6851574,0.6851574,0.6851574,0.6851574
512890,2021-03-29,0.6963975,0.6963975,0.6963975,0.6963975
512890,2021-03-30,0.6944427,0.6944427,0.6944427,0.6944427
512890,2021-03-31,0.6934653,0.6934653,0.6934653,0.6934653
512890,2021-04-01,0.6978636,0.6978636,0.6978636,0.6978636
512890,2021-04-02,0.6919992,0.6919992,0.6919992,0.6919992
512890,2021-04-06,0.6919992,0.6919992,0.6919992,0.6919992
512890,2021-04-07,0.6973749,0.6973749,0.6973749,0.6973749
512890,2021-04-08,0.6963975,0.6963975,0.6963975,0.6963975
512890,2021-04-09,0.6963975,0.6963975,0.6963975,0.6963975
512890,2021-04-12,0.6963975,0.6963975,0.6963975,0.6963975
512890,2021-04-13,0.6924879,0.6924879,0.6924879,0.6924879
512890,2021-04-14,0.6959088,0.6959088,0.6959088,0.6959088
512890,2021-04-15,0.6968862,0.6968862,0.6968862,0.6968862
512890,2021-04-16,0.7071489,0.7071489,0.7071489,0.7071489
512890,2021-04-19,0.7051941,0.7051941,0.7051941,0.7051941
512890,2021-04-20,0.7027506,0.7027506,0.7027506,0.7027506
512890,2021-04-21,0.7051941,0.7051941,0.7051941,0.7051941
512890,2021-04-22,0.7051941,0.7051941,0.7051941,0.7051941
512890,2021-04-23,0.6998184,0.6998184,0.6998184,0.6998184
512890,2021-04-26,0.6973749,0.6973749,0.6973749,0.6973749
512890,2021-04-27,0.6949314,0.6949314,0.6949314,0.6949314
512890,2021-04-28,0.7003071,0.7003071,0.7003071,0.7003071
512890,2021-04-29,0.7081263,0.7081263,0.7081263,0.7081263
512890,2021-04-30,0.7022619,0.7022619,0.7022619,0.7022619
512890,2021-05-06,0.7100811,0.7100811,0.7100811,0.7100811
512890,2021-05-07,0.7149681,0.7149681,0.7149681,0.7149681
512890,2021-05-10,0.7218099,0.7218099,0.7218099,0.7218099
512890,2021-05-11,0.7169229,0.7169229,0.7169229,0.7169229
512890,2021-05-12,0.7242534,0.7242534,0.7242534,0.7242534
512890,2021-05-13,0.7222986,0.7222986,0.7222986,0.7222986
512890,2021-05-14,0.7208325,0.7208325,0.7208325,0.7208325
512890,2021-05-17,0.7247421,0.7247421,0.7247421,0.7247421
512890,2021-05-18,0.7266969,0.7266969,0.7266969,0.7266969
512890,2021-05-19,0.7257195,0.7257195,0.7257195,0.7257195
512890,2021-05-20,0.7159455,0.7159455,0.7159455,0.7159455
512890,2021-05-21,0.7188777,0.7188777,0.7188777,0.7188777
512890,2021-05-24,0.7237647,0.7237647,0.7237647,0.7237647
512890,2021-05-25,0.7345161,0.7345161,0.7345161,0.7345161
512890,2021-05-26,0.7384257,0.7384257,0.7384257,0.7384257
512890,2021-05-27,0.7433127,0.7433127,0.7433127,0.7433127
512890,2021-05-28,0.7467336,0.7467336,0.7467336,0.7467336
512890,2021-05-31,0.7511319,0.7511319,0.7511319,0.7511319
512890,2021-06-01,0.7511319,0.7511319,0.7511319,0.7511319
512890,2021-06-02,0.752598,0.752598,0.752598,0.752598
512890,2021-06-03,0.7506432,0.7506432,0.7506432,0.7506432
512890,2021-06-04,0.7491771,0.7491771,0.7491771,0.7491771
512890,2021-06-07,0.7413579,0.7413579,0.7413579,0.7413579
512890,2021-06-08,0.7438014,0.7438014,0.7438014,0.7438014
512890,2021-06-09,0.7447788,0.7447788,0.7447788,0.7447788
512890,2021-06-10,0.7447788,0.7447788,0.7447788,0.7447788
512890,2021-06-11,0.742824,0.742824,0.742824,0.742824
512890,2021-06-15,0.7345161,0.7345161,0.7345161,0.7345161
512890,2021-06-16,0.7340274,0.7340274,0.7340274,0.7340274
512890,2021-06-17,0.7335387,0.7335387,0.7335387,0.7335387
512890,2021-06-18,0.7301178,0.7301178,0.7301178,0.7301178
512890,2021-06-21,0.7286517,0.7286517,0.7286517,0.7286517
512890,2021-06-22,0.7325613,0.7325613,0.7325613,0.7325613
512890,2021-06-23,0.7413579,0.7413579,0.7413579,0.7413579
512890,2021-06-24,0.7413579,0.7413579,0.7413579,0.7413579
512890,2021-06-25,0.7413579,0.7413579,0.7413579,0.7413579
512890,2021-06-28,0.7310952,0.7310952,0.7310952,0.7310952
512890,2021-06-29,0.7291404,0.7291404,0.7291404,0.7291404
512890,2021-06-30,0.7325613,0.7325613,0.7325613,0.7325613
512890,2021-07-01,0.7394031,0.7394031,0.7394031,0.7394031
512890,2021-07-02,0.7306065,0.7306065,0.7306065,0.7306065
512890,2021-07-05,0.7276743,0.7276743,0.7276743,0.7276743
512890,2021-07-06,0.7301178,0.7301178,0.7301178,0.7301178
512890,2021-07-07,0.728163,0.728163,0.728163,0.728163
512890,2021-07-08,0.7169229,0.7169229,0.7169229,0.7169229
512890,2021-07-09,0.7222986,0.7222986,0.7222986,0.7222986
512890,2021-07-12,0.7193664,0.7193664,0.7193664,0.7193664
512890,2021-07-13,0.7227873,0.7227873,0.7227873,0.7227873
512890,2021-07-14,0.7286517,0.7286517,0.7286517,0.7286517
512890,2021-07-15,0.7276743,0.7276743,0.7276743,0.7276743
512890,2021-07-16,0.7320726,0.7320726,0.7320726,0.7320726
512890,2021-07-19,0.7340274,0.7340274,0.7340274,0.7340274
512890,2021-07-20,0.7315839,0.7315839,0.7315839,0.7315839
512890,2021-07-21,0.7296291,0.7296291,0.7296291,0.7296291
512890,2021-07-22,0.7340274,0.7340274,0.7340274,0.7340274
512890,2021-07-23,0.7306065,0.7306065,0.7306065,0.7306065
512890,2021-07-26,0.7144794,0.7144794,0.7144794,0.7144794
512890,2021-07-27,0.6949314,0.6949314,0.6949314,0.6949314
512890,2021-07-28,0.693954,0.693954,0.693954,0.693954
512890,2021-07-29,0.6944427,0.6944427,0.6944427,0.6944427
512890,2021-07-30,0.6944427,0.6944427,0.6944427,0.6944427
512890,2021-08-02,0.6924879,0.6924879,0.6924879,0.6924879
512890,2021-08-03,0.6871122,0.6871122,0.6871122,0.6871122
512890,2021-08-04,0.6924879,0.6924879,0.6924879,0.6924879
512890,2021-08-05,0.6924879,0.6924879,0.6924879,0.6924879
512890,2021-08-06,0.6968862,0.6968862,0.6968862,0.6968862
512890,2021-08-09,0.7071489,0.7071489,0.7071489,0.7071489
512890,2021-08-10,0.7076376,0.7076376,0.7076376,0.7076376
512890,2021-08-11,0.7257195,0.7257195,0.7257195,0.7257195
512890,2021-08-12,0.7345161,0.7345161,0.7345161,0.7345161
512890,2021-08-13,0.7335387,0.7335387,0.7335387,0.7335387
512890,2021-08-16,0.7398918,0.7398918,0.7398918,0.7398918
512890,2021-08-17,0.7286517,0.7286517,0.7286517,0.7286517
512890,2021-08-18,0.7315839,0.7315839,0.7315839,0.7315839
512890,2021-08-19,0.7237647,0.7237647,0.7237647,0.7237647
512890,2021-08-20,0.7252308,0.7252308,0.7252308,0.7252308
512890,2021-08-23,0.7315839,0.7315839,0.7315839,0.7315839
512890,2021-08-24,0.7340274,0.7340274,0.7340274,0.7340274
512890,2021-08-25,0.7389144,0.7389144,0.7389144,0.7389144
512890,2021-08-26,0.7481997,0.7481997,0.7481997,0.7481997
512890,2021-08-27,0.7521093,0.7521093,0.7521093,0.7521093
512890,2021-08-30,0.7565076,0.7565076,0.7565076,0.7565076
512890,2021-08-31,0.78192,0.78192,0.78192,0.78192
512890,2021-09-01,0.7760556,0.7760556,0.7760556,0.7760556
512890,2021-09-02,0.7907166,0.7907166,0.7907166,0.7907166
512890,2021-09-03,0.7887618,0.7887618,0.7887618,0.7887618
512890,2021-09-06,0.7946262,0.7946262,0.7946262,0.7946262
512890,2021-09-07,0.8107533,0.8107533,0.8107533,0.8107533
512890,2021-09-08,0.8268804,0.8268804,0.8268804,0.8268804
512890,2021-09-09,0.8522928,0.8522928,0.8522928,0.8522928
512890,2021-09-10,0.8449623,0.8449623,0.8449623,0.8449623
512890,2021-09-13,0.8664651,0.8664651,0.8664651,0.8664651
512890,2021-09-14,0.8493606,0.8493606,0.8493606,0.8493606
512890,2021-09-15,0.8449623,0.8449623,0.8449623,0.8449623
512890,2021-09-16,0.840564,0.840564,0.840564,0.840564
512890,2021-09-17,0.8234595,0.8234595,0.8234595,0.8234595
512890,2021-09-22,0.8483832,0.8483832,0.8483832,0.8483832
512890,2021-09-23,0.8478945,0.8478945,0.8478945,0.8478945
512890,2021-09-24,0.8171064,0.8171064,0.8171064,0.8171064
512890,2021-09-27,0.8000019,0.8000019,0.8000019,0.8000019
512890,2021-09-28,0.821016,0.821016,0.821016,0.821016
512890,2021-09-29,0.7995132,0.7995132,0.7995132,0.7995132
512890,2021-09-30,0.8102646,0.8102646,0.8102646,0.8102646
512890,2021-10-08,0.8024454,0.8024454,0.8024454,0.8024454
512890,2021-10-11,0.8102646,0.8102646,0.8102646,0.8102646
512890,2021-10-12,0.8048889,0.8048889,0.8048889,0.8048889
512890,2021-10-13,0.7907166,0.7907166,0.7907166,0.7907166
512890,2021-10-14,0.7843635,0.7843635,0.7843635,0.7843635
512890,2021-10-15,0.7887618,0.7887618,0.7887618,0.7887618
512890,2021-10-18,0.8039115,0.8039115,0.8039115,0.8039115
512890,2021-10-19,0.8039115,0.8039115,0.8039115,0.8039115
512890,2021-10-20,0.7882731,0.7882731,0.7882731,0.7882731
512890,2021-10-21,0.8009793,0.8009793,0.8009793,0.8009793
512890,2021-10-22,0.8009793,0.8009793,0.8009793,0.8009793
512890,2021-10-25,0.801,0.801,0.801,0.801
512890,2021-10-26,0.796,0.796,0.796,0.796
512890,2021-10-27,0.782,0.782,0.782,0.782
512890,2021-10-28,0.759,0.759,0.759,0.759
512890,2021-10-29,0.755,0.755,0.755,0.755
512890,2021-11-01,0.762,0.762,0.762,0.762
512890,2021-11-02,0.744,0.744,0.744,0.744
512890,2021-11-03,0.76,0.76,0.76,0.76
512890,2021-11-04,0.757,0.757,0.757,0.757
512890,2021-11-05,0.742,0.742,0.742,0.742
512890,2021-11-08,0.743,0.743,0.743,0.743
512890,2021-11-09,0.742,0.742,0.742,0.742
512890,2021-11-10,0.74,0.74,0.74,0.74
512890,2021-11-11,0.755,0.755,0.755,0.755
512890,2021-11-12,0.751,0.751,0.751,0.751
512890,2021-11-15,0.749,0.749,0.749,0.749
512890,2021-11-16,0.744,0.744,0.744,0.744
512890,2021-11-17,0.743,0.743,0.743,0.743
512890,2021-11-18,0.741,0.741,0.741,0.741
512890,2021-11-19,0.752,0.752,0.752,0.752
512890,2021-11-22,0.752,0.752,0.752,0.752
512890,2021-11-23,0.759,0.759,0.759,0.759
512890,2021-11-24,0.769,0.769,0.769,0.769
512890,2021-11-25,0.767,0.767,0.767,0.767
512890,2021-11-26,0.756,0.756,0.756,0.756
512890,2021-11-29,0.749,0.749,0.749,0.749
512890,2021-11-30,0.748,0.748,0.748,0.748
512890,2021-12-01,0.758,0.758,0.758,0.758
512890,2021-12-02,0.763,0.763,0.763,0.763
512890,2021-12-03,0.776,0.776,0.776,0.776
512890,2021-12-06,0.773,0.773,0.773,0.773
512890,2021-12-07,0.784,0.784,0.784,0.784
512890,2021-12-08,0.785,0.785,0.785,0.785
512890,2021-12-09,0.787,0.787,0.787,0.787
512890,2021-12-10,0.784,0.784,0.784,0.784
512890,2021-12-13,0.779,0.779,0.779,0.779
512890,2021-12-14,0.769,0.769,0.769,0.769
512890,2021-12-15,0.776,0.776,0.776,0.776
512890,2021-12-16,0.787,0.787,0.787,0.787
512890,2021-12-17,0.788,0.788,0.788,0.788
512890,2021-12-20,0.784,0.784,0.784,0.784
512890,2021-12-21,0.798,0.798,0.798,0.798
512890,2021-12-22,0.795,0.795,0.795,0.795
512890,2021-12-23,0.799,0.799,0.799,0.799
512890,2021-12-24,0.793,0.793,0.793,0.793
512890,2021-12-27,0.797,0.797,0.797,0.797
512890,2021-12-28,0.791,0.791,0.791,0.791
512890,2021-12-29,0.788,0.788,0.788,0.788
512890,2021-12-30,0.789,0.789,0.789,0.789
512890,2021-12-31,0.795,0.795,0.795,0.795
512890,2022-01-04,0.809,0.809,0.809,0.809
512890,2022-01-05,0.812,0.812,0.812,0.812
512890,2022-01-06,0.818,0.818,0.818,0.818
512890,2022-01-07,0.825,0.825,0.825,0.825
512890,2022-01-10,0.829,0.829,0.829,0.829
512890,2022-01-11,0.832,0.832,0.832,0.832
512890,2022-01-12,0.827,0.827,0.827,0.827
512890,2022-01-13,0.835,0.835,0.835,0.835
512890,2022-01-14,0.81,0.81,0.81,0.81
512890,2022-01-17,0.813,0.813,0.813,0.813
512890,2022-01-18,0.82,0.82,0.82,0.82
512890,2022-01-19,0.835,0.835,0.835,0.835
512890,2022-01-20,0.829,0.829,0.829,0.829
512890,2022-01-21,0.821,0.821,0.821,0.821
512890,2022-01-24,0.822,0.822,0.822,0.822
512890,2022-01-25,0.8,0.8,0.8,0.8
512890,2022-01-26,0.806,0.806,0.806,0.806
512890,2022-01-27,0.797,0.797,0.797,0.797
512890,2022-01-28,0.791,0.791,0.791,0.791
512890,2022-02-07,0.811,0.811,0.811,0.811
512890,2022-02-08,0.83,0.83,0.83,0.83
512890,2022-02-09,0.834,0.834,0.834,0.834
512890,2022-02-10,0.845,0.845,0.845,0.845
512890,2022-02-11,0.848,0.848,0.848,0.848
512890,2022-02-14,0.831,0.831,0.831,0.831
512890,2022-02-15,0.824,0.824,0.824,0.824
512890,2022-02-16,0.834,0.834,0.834,0.834
512890,2022-02-17,0.83,0.83,0.83,0.83
512890,2022-02-18,0.85,0.85,0.85,0.85
512890,2022-02-21,0.85,0.85,0.85,0.85
512890,2022-02-22,0.843,0.843,0.843,0.843
512890,2022-02-23,0.838,0.838,0.838,0.838
512890,2022-02-24,0.82,0.82,0.82,0.82
512890,2022-02-25,0.817,0.817,0.817,0.817
512890,2022-02-28,0.818,0.818,0.818,0.818
512890,2022-03-01,0.827,0.827,0.827,0.827
512890,2022-03-02,0.834,0.834,0.834,0.834
512890,2022-03-03,0.843,0.843,0.843,0.843
512890,2022-03-04,0.836,0.836,0.836,0.836
512890,2022-03-07,0.832,0.832,0.832,0.832
512890,2022-03-08,0.806,0.806,0.806,0.806
512890,2022-03-09,0.796,0.796,0.796,0.796
512890,2022-03-10,0.804,0.804,0.804,0.804
512890,2022-03-11,0.806,0.806,0.806,0.806
512890,2022-03-14,0.792,0.792,0.792,0.792
512890,2022-03-15,0.747,0.747,0.747,0.747
512890,2022-03-16,0.763,0.763,0.763,0.763
512890,2022-03-17,0.773,0.773,0.773,0.773
512890,2022-03-18,0.796,0.796,0.796,0.796
512890,2022-03-21,0.792,0.792,0.792,0.792
512890,2022-03-22,0.804,0.804,0.804,0.804
512890,2022-03-23,0.805,0.805,0.805,0.805
512890,2022-03-24,0.803,0.803,0.803,0.803
512890,2022-03-25,0.803,0.803,0.803,0.803
512890,2022-03-28,0.823,0.823,0.823,0.823
512890,2022-03-29,0.819,0.819,0.819,0.819
512890,2022-03-30,0.827,0.827,0.827,0.827
512890,2022-03-31,0.842,0.842,0.842,0.842
512890,2022-04-01,0.855,0.855,0.855,0.855
512890,2022-04-06,0.869,0.869,0.869,0.869
512890,2022-04-07,0.852,0.852,0.852,0.852
512890,2022-04-08,0.866,0.866,0.866,0.866
512890,2022-04-11,0.859,0.859,0.859,0.859
512890,2022-04-12,0.851,0.851,0.851,0.851
512890,2022-04-13,0.849,0.849,0.849,0.849
512890,2022-04-14,0.862,0.862,0.862,0.862
512890,2022-04-15,0.858,0.858,0.858,0.858
512890,2022-04-18,0.844,0.844,0.844,0.844
512890,2022-04-19,0.853,0.853,0.853,0.853
512890,2022-04-20,0.835,0.835,0.835,0.835
512890,2022-04-21,0.819,0.819,0.819,0.819
512890,2022-04-22,0.832,0.832,0.832,0.832
512890,2022-04-25,0.799,0.799,0.799,0.799
512890,2022-04-26,0.799,0.799,0.799,0.799
512890,2022-04-27,0.803,0.803,0.803,0.803
512890,2022-04-28,0.82,0.82,0.82,0.82
512890,2022-04-29,0.833,0.833,0.833,0.833
512890,2022-05-05,0.833,0.833,0.833,0.833
512890,2022-05-06,0.811,0.811,0.811,0.811
512890,2022-05-09,0.815,0.815,0.815,0.815
512890,2022-05-10,0.823,0.823,0.823,0.823
512890,2022-05-11,0.824,0.824,0.824,0.824
512890,2022-05-12,0.822,0.822,0.822,0.822
512890,2022-05-13,0.837,0.837,0.837,0.837
512890,2022-05-16,0.844,0.844,0.844,0.844
512890,2022-05-17,0.836,0.836,0.836,0.836
512890,2022-05-18,0.832,0.832,0.832,0.832
512890,2022-05-19,0.837,0.837,0.837,0.837
512890,2022-05-20,0.84,0.84,0.84,0.84
512890,2022-05-23,0.834,0.834,0.834,0.834
512890,2022-05-24,0.819,0.819,0.819,0.819
512890,2022-05-25,0.832,0.832,0.832,0.832
512890,2022-05-26,0.841,0.841,0.841,0.841
512890,2022-05-27,0.845,0.845,0.845,0.845
512890,2022-05-30,0.846,0.846,0.846,0.846
512890,2022-05-31,0.844,0.844,0.844,0.844
512890,2022-06-01,0.845,0.845,0.845,0.845
512890,2022-06-02,0.839,0.839,0.839,0.839
512890,2022-06-06,0.838,0.838,0.838,0.838
512890,2022-06-07,0.839,0.839,0.839,0.839
512890,2022-06-08,0.844,0.844,0.844,0.844
512890,2022-06-09,0.847,0.847,0.847,0.847
512890,2022-06-10,0.849,0.849,0.849,0.849
512890,2022-06-13,0.835,0.835,0.835,0.835
512890,2022-06-14,0.846,0.846,0.846,0.846
512890,2022-06-15,0.852,0.852,0.852,0.852
512890,2022-06-16,0.839,0.839,0.839,0.839
512890,2022-06-17,0.836,0.836,0.836,0.836
512890,2022-06-20,0.833,0.833,0.833,0.833
512890,2022-06-21,0.836,0.836,0.836,0.836
512890,2022-06-22,0.825,0.825,0.825,0.825
512890,2022-06-23,0.828,0.828,0.828,0.828
512890,2022-06-24,0.825,0.825,0.825,0.825
512890,2022-06-27,0.835,0.835,0.835,0.835
512890,2022-06-28,0.839,0.839,0.839,0.839
512890,2022-06-29,0.845,0.845,0.845,0.845
512890,2022-06-30,0.848,0.848,0.848,0.848
512890,2022-07-01,0.848,0.848,0.848,0.848
512890,2022-07-04,0.847,0.847,0.847,0.847
512890,2022-07-05,0.85,0.85,0.85,0.85
512890,2022-07-06,0.832,0.832,0.832,0.832
512890,2022-07-07,0.834,0.834,0.834,0.834
512890,2022-07-08,0.834,0.834,0.834,0.834
512890,2022-07-11,0.829,0.829,0.829,0.829
512890,2022-07-12,0.836,0.836,0.836,0.836
512890,2022-07-13,0.836,0.836,0.836,0.836
512890,2022-07-14,0.822,0.822,0.822,0.822
512890,2022-07-15,0.81,0.81,0.81,0.81
512890,2022-07-18,0.826,0.826,0.826,0.826
512890,2022-07-19,0.827,0.827,0.827,0.827
512890,2022-07-20,0.831,0.831,0.831,0.831
512890,2022-07-21,0.818,0.818,0.818,0.818
512890,2022-07-22,0.815,0.815,0.815,0.815
512890,2022-07-25,0.816,0.816,0.816,0.816
512890,2022-07-26,0.825,0.825,0.825,0.825
512890,2022-07-27,0.822,0.822,0.822,0.822
512890,2022-07-28,0.824,0.824,0.824,0.824
512890,2022-07-29,0.817,0.817,0.817,0.817
512890,2022-08-01,0.817,0.817,0.817,0.817
512890,2022-08-02,0.801,0.801,0.801,0.801
512890,2022-08-03,0.79,0.79,0.79,0.79
512890,2022-08-04,0.795,0.795,0.795,0.795
512890,2022-08-05,0.799,0.799,0.799,0.799
512890,2022-08-08,0.807,0.807,0.807,0.807
512890,2022-08-09,0.811,0.811,0.811,0.811
512890,2022-08-10,0.808,0.808,0.808,0.808
512890,2022-08-11,0.816,0.816,0.816,0.816
512890,2022-08-12,0.823,0.823,0.823,0.823
512890,2022-08-15,0.823,0.823,0.823,0.823
512890,2022-08-16,0.825,0.825,0.825,0.825
512890,2022-08-17,0.827,0.827,0.827,0.827
512890,2022-08-18,0.821,0.821,0.821,0.821
512890,2022-08-19,0.829,0.829,0.829,0.829
512890,2022-08-22,0.833,0.833,0.833,0.833
512890,2022-08-23,0.835,0.835,0.835,0.835
512890,2022-08-24,0.828,0.828,0.828,0.828
512890,2022-08-25,0.844,0.844,0.844,0.844
512890,2022-08-26,0.844,0.844,0.844,0.844
512890,2022-08-29,0.85,0.85,0.85,0.85
512890,2022-08-30,0.852,0.852,0.852,0.852
512890,2022-08-31,0.847,0.847,0.847,0.847
512890,2022-09-01,0.854,0.854,0.854,0.854
512890,2022-09-02,0.854,0.854,0.854,0.854
512890,2022-09-05,0.869,0.869,0.869,0.869
512890,2022-09-06,0.88,0.88,0.88,0.88
512890,2022-09-07,0.882,0.882,0.882,0.882
512890,2022-09-08,0.883,0.883,0.883,0.883
512890,2022-09-09,0.894,0.894,0.894,0.894
512890,2022-09-13,0.889,0.889,0.889,0.889
512890,2022-09-14,0.88,0.88,0.88,0.88
512890,2022-09-15,0.889,0.889,0.889,0.889
512890,2022-09-16,0.861,0.861,0.861,0.861
512890,2022-09-19,0.86,0.86,0.86,0.86
512890,2022-09-20,0.855,0.855,0.855,0.855
512890,2022-09-21,0.864,0.864,0.864,0.864
512890,2022-09-22,0.86,0.86,0.86,0.86
512890,2022-09-23,0.852,0.852,0.852,0.852
512890,2022-09-26,0.838,0.838,0.838,0.838
512890,2022-09-27,0.845,0.845,0.845,0.845
512890,2022-09-28,0.84,0.84,0.84,0.84
512890,2022-09-29,0.832,0.832,0.832,0.832
512890,2022-09-30,0.835,0.835,0.835,0.835
512890,2022-10-10,0.842,0.842,0.842,0.842
512890,2022-10-11,0.838,0.838,0.838,0.838
512890,2022-10-12,0.845,0.845,0.845,0.845
512890,2022-10-13,0.846,0.846,0.846,0.846
512890,2022-10-14,0.847,0.847,0.847,0.847
512890,2022-10-17,0.843,0.843,0.843,0.843
512890,2022-10-18,0.841,0.841,0.841,0.841
512890,2022-10-19,0.836,0.836,0.836,0.836
512890,2022-10-20,0.83,0.83,0.83,0.83
512890,2022-10-21,0.833,0.833,0.833,0.833
512890,2022-10-24,0.815,0.815,0.815,0.815
512890,2022-10-25,0.809,0.809,0.809,0.809
512890,2022-10-26,0.803,0.803,0.803,0.803
512890,2022-10-27,0.806,0.806,0.806,0.806
512890,2022-10-28,0.792,0.792,0.792,0.792
512890,2022-10-31,0.772,0.772,0.772,0.772
512890,2022-11-01,0.78,0.78,0.78,0.78
512890,2022-11-02,0.791,0.791,0.791,0.791
512890,2022-11-03,0.785,0.785,0.785,0.785
512890,2022-11-04,0.795,0.795,0.795,0.795
512890,2022-11-07,0.802,0.802,0.802,0.802
512890,2022-11-08,0.8,0.8,0.8,0.8
512890,2022-11-09,0.801,0.801,0.801,0.801
512890,2022-11-10,0.801,0.801,0.801,0.801
512890,2022-11-11,0.824,0.824,0.824,0.824
512890,2022-11-14,0.818,0.818,0.818,0.818
512890,2022-11-15,0.824,0.824,0.824,0.824
512890,2022-11-16,0.821,0.821,0.821,0.821
512890,2022-11-17,0.819,0.819,0.819,0.819
512890,2022-11-18,0.816,0.816,0.816,0.816
512890,2022-11-21,0.81,0.81,0.81,0.81
512890,2022-11-22,0.819,0.819,0.819,0.819
512890,2022-11-23,0.827,0.827,0.827,0.827
512890,2022-11-24,0.829,0.829,0.829,0.829
512890,2022-11-25,0.849,0.849,0.849,0.849
512890,2022-11-28,0.84,0.84,0.84,0.84
512890,2022-11-29,0.864,0.864,0.864,0.864
512890,2022-11-30,0.864,0.864,0.864,0.864
512890,2022-12-01,0.858,0.858,0.858,0.858
512890,2022-12-02,0.851,0.851,0.851,0.851
512890,2022-12-05,0.866,0.866,0.866,0.866
512890,2022-12-06,0.861,0.861,0.861,0.861
512890,2022-12-07,0.856,0.856,0.856,0.856
512890,2022-12-08,0.861,0.861,0.861,0.861
512890,2022-12-09,0.857,0.857,0.857,0.857
512890,2022-12-12,0.84,0.84,0.84,0.84
512890,2022-12-13,0.843,0.843,0.843,0.843
512890,2022-12-14,0.839,0.839,0.839,0.839
512890,2022-12-15,0.832,0.832,0.832,0.832
512890,2022-12-16,0.838,0.838,0.838,0.838
512890,2022-12-19,0.826,0.826,0.826,0.826
512890,2022-12-20,0.818,0.818,0.818,0.818
512890,2022-12-21,0.818,0.818,0.818,0.818
512890,2022-12-22,0.814,0.814,0.814,0.814
512890,2022-12-23,0.809,0.809,0.809,0.809
512890,2022-12-26,0.809,0.809,0.809,0.809
512890,2022-12-27,0.819,0.819,0.819,0.819
512890,2022-12-28,0.818,0.818,0.818,0.818
512890,2022-12-29,0.814,0.814,0.814,0.814
512890,2022-12-30,0.818,0.818,0.818,0.818
512890,2023-01-03,0.822,0.822,0.822,0.822
512890,2023-01-04,0.827,0.827,0.827,0.827
512890,2023-01-05,0.826,0.826,0.826,0.826
512890,2023-01-06,0.827,0.827,0.827,0.827
512890,2023-01-09,0.826,0.826,0.826,0.826
512890,2023-01-10,0.82,0.82,0.82,0.82
512890,2023-01-11,0.824,0.824,0.824,0.824
512890,2023-01-12,0.822,0.822,0.822,0.822
512890,2023-01-13,0.831,0.831,0.831,0.831
512890,2023-01-16,0.832,0.832,0.832,0.832
512890,2023-01-17,0.83,0.83,0.83,0.83
512890,2023-01-18,0.834,0.834,0.834,0.834
512890,2023-01-19,0.837,0.837,0.837,0.837
512890,2023-01-20,0.845,0.845,0.845,0.845
512890,2023-01-30,0.84,0.84,0.84,0.84
512890,2023-01-31,0.844,0.844,0.844,0.844
512890,2023-02-01,0.849,0.849,0.849,0.849
512890,2023-02-02,0.848,0.848,0.848,0.848
512890,2023-02-03,0.843,0.843,0.843,0.843
512890,2023-02-06,0.84,0.84,0.84,0.84
512890,2023-02-07,0.843,0.843,0.843,0.843
512890,2023-02-08,0.84,0.84,0.84,0.84
512890,2023-02-09,0.847,0.847,0.847,0.847
512890,2023-02-10,0.851,0.851,0.851,0.851
512890,2023-02-13,0.854,0.854,0.854,0.854
512890,2023-02-14,0.857,0.857,0.857,0.857
512890,2023-02-15,0.855,0.855,0.855,0.855
512890,2023-02-16,0.852,0.852,0.852,0.852
512890,2023-02-17,0.849,0.849,0.849,0.849
512890,2023-02-20,0.867,0.867,0.867,0.867
512890,2023-02-21,0.876,0.876,0.876,0.876
512890,2023-02-22,0.878,0.878,0.878,0.878
512890,2023-02-23,0.874,0.874,0.874,0.874
512890,2023-02-24,0.875,0.875,0.875,0.875
512890,2023-02-27,0.871,0.871,0.871,0.871
512890,2023-02-28,0.875,0.875,0.875,0.875
512890,2023-03-01,0.88,0.88,0.88,0.88
512890,2023-03-02,0.888,0.888,0.888,0.888
512890,2023-03-03,0.895,0.895,0.895,0.895
512890,2023-03-06,0.895,0.895,0.895,0.895
512890,2023-03-07,0.892,0.892,0.892,0.892
512890,2023-03-08,0.89,0.89,0.89,0.89
512890,2023-03-09,0.889,0.889,0.889,0.889
512890,2023-03-10,0.871,0.871,0.871,0.871
512890,2023-03-13,0.883,0.883,0.883,0.883
512890,2023-03-14,0.879,0.879,0.879,0.879
512890,2023-03-15,0.893,0.893,0.893,0.893
512890,2023-03-16,0.886,0.886,0.886,0.886
512890,2023-03-17,0.9,0.9,0.9,0.9
512890,2023-03-20,0.894,0.894,0.894,0.894
512890,2023-03-21,0.892,0.892,0.892,0.892
512890,2023-03-22,0.897,0.897,0.897,0.897
512890,2023-03-23,0.897,0.897,0.897,0.897
512890,2023-03-24,0.89,0.89,0.89,0.89
512890,2023-03-27,0.883,0.883,0.883,0.883
512890,2023-03-28,0.886,0.886,0.886,0.886
512890,2023-03-29,0.881,0.881,0.881,0.881
512890,2023-03-30,0.883,0.883,0.883,0.883
512890,2023-03-31,0.887,0.887,0.887,0.887
512890,2023-04-03,0.896,0.896,0.896,0.896
512890,2023-04-04,0.902,0.902,0.902,0.902
512890,2023-04-06,0.896,0.896,0.896,0.896
512890,2023-04-07,0.893,0.893,0.893,0.893
512890,2023-04-10,0.892,0.892,0.892,0.892
512890,2023-04-11,0.904,0.904,0.904,0.904
512890,2023-04-12,0.922,0.922,0.922,0.922
512890,2023-04-13,0.923,0.923,0.923,0.923
512890,2023-04-14,0.919,0.919,0.919,0.919
512890,2023-04-17,0.929,0.929,0.929,0.929
512890,2023-04-18,0.932,0.932,0.932,0.932
512890,2023-04-19,0.934,0.934,0.934,0.934
512890,2023-04-20,0.941,0.941,0.941,0.941
512890,2023-04-21,0.928,0.928,0.928,0.928
512890,2023-04-24,0.93,0.93,0.93,0.93
512890,2023-04-25,0.936,0.936,0.936,0.936
512890,2023-04-26,0.938,0.938,0.938,0.938
512890,2023-04-27,0.94,0.94,0.94,0.94
512890,2023-04-28,0.96,0.96,0.96,0.96
512890,2023-05-04,0.989,0.989,0.989,0.989
512890,2023-05-05,0.984,0.984,0.984,0.984
512890,2023-05-08,1.011,1.011,1.011,1.011
512890,2023-05-09,0.998,0.998,0.998,0.998
512890,2023-05-10,0.973,0.973,0.973,0.973
512890,2023-05-11,0.98,0.98,0.98,0.98
512890,2023-05-12,0.963,0.963,0.963,0.963
512890,2023-05-15,0.959,0.959,0.959,0.959
512890,2023-05-16,0.947,0.947,0.947,0.947
512890,2023-05-17,0.946,0.946,0.946,0.946
512890,2023-05-18,0.956,0.956,0.956,0.956
512890,2023-05-19,0.941,0.941,0.941,0.941
512890,2023-05-22,0.939,0.939,0.939,0.939
512890,2023-05-23,0.926,0.926,0.926,0.926
512890,2023-05-24,0.913,0.913,0.913,0.913
512890,2023-05-25,0.907,0.907,0.907,0.907
512890,2023-05-26,0.922,0.922,0.922,0.922
512890,2023-05-29,0.924,0.924,0.924,0.924
512890,2023-05-30,0.931,0.931,0.931,0.931
512890,2023-05-31,0.923,0.923,0.923,0.923
512890,2023-06-01,0.927,0.927,0.927,0.927
512890,2023-06-02,0.927,0.927,0.927,0.927
512890,2023-06-05,0.939,0.939,0.939,0.939
512890,2023-06-06,0.931,0.931,0.931,0.931
512890,2023-06-07,0.941,0.941,0.941,0.941
512890,2023-06-08,0.946,0.946,0.946,0.946
512890,2023-06-09,0.949,0.949,0.949,0.949
512890,2023-06-12,0.94,0.94,0.94,0.94
512890,2023-06-13,0.938,0.938,0.938,0.938
512890,2023-06-14,0.931,0.931,0.931,0.931
512890,2023-06-15,0.933,0.933,0.933,0.933
512890,2023-06-16,0.933,0.933,0.933,0.933
512890,2023-06-19,0.918,0.918,0.918,0.918
512890,2023-06-20,0.912,0.912,0.912,0.912
512890,2023-06-21,0.906,0.906,0.906,0.906
512890,2023-06-26,0.887,0.887,0.887,0.887
512890,2023-06-27,0.905,0.905,0.905,0.905
512890,2023-06-28,0.909,0.909,0.909,0.909
512890,2023-06-29,0.906,0.906,0.906,0.906
512890,2023-06-30,0.911,0.911,0.911,0.911
512890,2023-07-03,0.922,0.922,0.922,0.922
512890,2023-07-04,0.921,0.921,0.921,0.921
512890,2023-07-05,0.919,0.919,0.919,0.919
512890,2023-07-06,0.916,0.916,0.916,0.916
512890,2023-07-07,0.918,0.918,0.918,0.918
512890,2023-07-10,0.92,0.92,0.92,0.92
512890,2023-07-11,0.921,0.921,0.921,0.921
512890,2023-07-12,0.922,0.922,0.922,0.922
512890,2023-07-13,0.933,0.933,0.933,0.933
512890,2023-07-14,0.937,0.937,0.937,0.937
512890,2023-07-17,0.93,0.93,0.93,0.93
512890,2023-07-18,0.928,0.928,0.928,0.928
512890,2023-07-19,0.935,0.935,0.935,0.935
512890,2023-07-20,0.929,0.929,0.929,0.929
512890,2023-07-21,0.928,0.928,0.928,0.928
512890,2023-07-24,0.93,0.93,0.93,0.93
512890,2023-07-25,0.947,0.947,0.947,0.947
512890,2023-07-26,0.945,0.945,0.945,0.945
512890,2023-07-27,0.947,0.947,0.947,0.947
512890,2023-07-28,0.963,0.963,0.963,0.963
512890,2023-07-31,0.969,0.969,0.969,0.969
512890,2023-08-01,0.969,0.969,0.969,0.969
512890,2023-08-02,0.959,0.959,0.959,0.959
512890,2023-08-03,0.961,0.961,0.961,0.961
512890,2023-08-04,0.962,0.962,0.962,0.962
512890,2023-08-07,0.953,0.953,0.953,0.953
512890,2023-08-08,0.957,0.957,0.957,0.957
512890,2023-08-09,0.95,0.95,0.95,0.95
512890,2023-08-10,0.95,0.95,0.95,0.95
512890,2023-08-11,0.94,0.94,0.94,0.94
512890,2023-08-14,0.938,0.938,0.938,0.938
512890,2023-08-15,0.944,0.944,0.944,0.944
512890,2023-08-16,0.939,0.939,0.939,0.939
512890,2023-08-17,0.938,0.938,0.938,0.938
512890,2023-08-18,0.936,0.936,0.936,0.936
512890,2023-08-21,0.929,0.929,0.929,0.929
512890,2023-08-22,0.942,0.942,0.942,0.942
512890,2023-08-23,0.939,0.939,0.939,0.939
512890,2023-08-24,0.935,0.935,0.935,0.935
512890,2023-08-25,0.934,0.934,0.934,0.934
512890,2023-08-28,0.945,0.945,0.945,0.945
512890,2023-08-29,0.946,0.946,0.946,0.946
512890,2023-08-30,0.937,0.937,0.937,0.937
512890,2023-08-31,0.932,0.932,0.932,0.932
512890,2023-09-01,0.937,0.937,0.937,0.937
512890,2023-09-04,0.956,0.956,0.956,0.956
512890,2023-09-05,0.947,0.947,0.947,0.947
512890,2023-09-06,0.943,0.943,0.943,0.943
512890,2023-09-07,0.942,0.942,0.942,0.942
512890,2023-09-08,0.938,0.938,0.938,0.938
512890,2023-09-11,0.944,0.944,0.944,0.944
512890,2023-09-12,0.942,0.942,0.942,0.942
512890,2023-09-13,0.943,0.943,0.943,0.943
512890,2023-09-14,0.949,0.949,0.949,0.949
512890,2023-09-15,0.95,0.95,0.95,0.95
512890,2023-09-18,0.95,0.95,0.95,0.95
512890,2023-09-19,0.955,0.955,0.955,0.955
512890,2023-09-20,0.961,0.961,0.961,0.961
512890,2023-09-21,0.953,0.953,0.953,0.953
512890,2023-09-22,0.958,0.958,0.958,0.958
512890,2023-09-25,0.958,0.958,0.958,0.958
512890,2023-09-26,0.956,0.956,0.956,0.956
512890,2023-09-27,0.953,0.953,0.953,0.953
512890,2023-09-28,0.952,0.952,0.952,0.952
512890,2023-10-09,0.949,0.949,0.949,0.949
512890,2023-10-10,0.936,0.936,0.936,0.936
512890,2023-10-11,0.936,0.936,0.936,0.936
512890,2023-10-12,0.948,0.948,0.948,0.948
512890,2023-10-13,0.947,0.947,0.947,0.947
512890,2023-10-16,0.951,0.951,0.951,0.951
512890,2023-10-17,0.956,0.956,0.956,0.956
512890,2023-10-18,0.951,0.951,0.951,0.951
512890,2023-10-19,0.931,0.931,0.931,0.931
512890,2023-10-20,0.934,0.934,0.934,0.934
512890,2023-10-23,0.915,0.915,0.915,0.915
512890,2023-10-24,0.92,0.92,0.92,0.92
512890,2023-10-25,0.931,0.931,0.931,0.931
512890,2023-10-26,0.934,0.934,0.934,0.934
512890,2023-10-27,0.938,0.938,0.938,0.938
512890,2023-10-30,0.922,0.922,0.922,0.922
512890,2023-10-31,0.922,0.922,0.922,0.922
512890,2023-11-01,0.923,0.923,0.923,0.923
512890,2023-11-02,0.925,0.925,0.925,0.925
512890,2023-11-03,0.919,0.919,0.919,0.919
512890,2023-11-06,0.917,0.917,0.917,0.917
512890,2023-11-07,0.919,0.919,0.919,0.919
512890,2023-11-08,0.919,0.919,0.919,0.919
512890,2023-11-09,0.921,0.921,0.921,0.921
512890,2023-11-10,0.916,0.916,0.916,0.916
512890,2023-11-13,0.919,0.919,0.919,0.919
512890,2023-11-14,0.92,0.92,0.92,0.92
512890,2023-11-15,0.927,0.927,0.927,0.927
512890,2023-11-16,0.926,0.926,0.926,0.926
512890,2023-11-17,0.924,0.924,0.924,0.924
512890,2023-11-20,0.928,0.928,0.928,0.928
512890,2023-11-21,0.931,0.931,0.931,0.931
512890,2023-11-22,0.927,0.927,0.927,0.927
512890,2023-11-23,0.933,0.933,0.933,0.933
512890,2023-11-24,0.933,0.933,0.933,0.933
512890,2023-11-27,0.926,0.926,0.926,0.926
512890,2023-11-28,0.926,0.926,0.926,0.926
512890,2023-11-29,0.919,0.919,0.919,0.919
512890,2023-11-30,0.921,0.921,0.921,0.921
512890,2023-12-01,0.932,0.932,0.932,0.932
512890,2023-12-04,0.928,0.928,0.928,0.928
512890,2023-12-05,0.916,0.916,0.916,0.916
512890,2023-12-06,0.913,0.913,0.913,0.913
512890,2023-12-07,0.912,0.912,0.912,0.912
512890,2023-12-08,0.911,0.911,0.911,0.911
512890,2023-12-11,0.92,0.92,0.92,0.92
512890,2023-12-12,0.925,0.925,0.925,0.925
512890,2023-12-13,0.919,0.919,0.919,0.919
512890,2023-12-14,0.918,0.918,0.918,0.918
512890,2023-12-15,0.913,0.913,0.913,0.913
512890,2023-12-18,0.912,0.912,0.912,0.912
512890,2023-12-19,0.911,0.911,0.911,0.911
512890,2023-12-20,0.908,0.908,0.908,0.908
512890,2023-12-21,0.906,0.906,0.906,0.906
512890,2023-12-22,0.907,0.907,0.907,0.907
512890,2023-12-25,0.906,0.906,0.906,0.906
512890,2023-12-26,0.905,0.905,0.905,0.905
512890,2023-12-27,0.912,0.912,0.912,0.912
512890,2023-12-28,0.91,0.91,0.91,0.91
512890,2023-12-29,0.914,0.914,0.914,0.914
512890,2024-01-02,0.925,0.925,0.925,0.925
512890,2024-01-03,0.935,0.935,0.935,0.935
512890,2024-01-04,0.946,0.946,0.946,0.946
512890,2024-01-05,0.947,0.947,0.947,0.947
512890,2024-01-08,0.936,0.936,0.936,0.936
512890,2024-01-09,0.943,0.943,0.943,0.943
512890,2024-01-10,0.938,0.938,0.938,0.938
512890,2024-01-11,0.93,0.93,0.93,0.93
512890,2024-01-12,0.934,0.934,0.934,0.934
512890,2024-01-15,0.941,0.941,0.941,0.941
512890,2024-01-16,0.947,0.947,0.947,0.947
512890,2024-01-17,0.934,0.934,0.934,0.934
512890,2024-01-18,0.928,0.928,0.928,0.928
512890,2024-01-19,0.922,0.922,0.922,0.922
512890,2024-01-22,0.898,0.898,0.898,0.898
512890,2024-01-23,0.904,0.904,0.904,0.904
512890,2024-01-24,0.925,0.925,0.925,0.925
512890,2024-01-25,0.953,0.953,0.953,0.953
512890,2024-01-26,0.969,0.969,0.969,0.969
512890,2024-01-29,0.969,0.969,0.969,0.969
512890,2024-01-30,0.962,0.962,0.962,0.962
512890,2024-01-31,0.956,0.956,0.956,0.956
512890,2024-02-01,0.946,0.946,0.946,0.946
512890,2024-02-02,0.948,0.948,0.948,0.948
512890,2024-02-05,0.95,0.95,0.95,0.95
512890,2024-02-06,0.963,0.963,0.963,0.963
512890,2024-02-07,0.974,0.974,0.974,0.974
512890,2024-02-08,0.973,0.973,0.973,0.973
512890,2024-02-19,0.996,0.996,0.996,0.996
512890,2024-02-20,1.004,1.004,1.004,1.004
512890,2024-02-21,1.009,1.009,1.009,1.009
512890,2024-02-22,1.021,1.021,1.021,1.021
512890,2024-02-23,1.023,1.023,1.023,1.023
512890,2024-02-26,0.997,0.997,0.997,0.997
512890,2024-02-27,1.004,1.004,1.004,1.004
512890,2024-02-28,0.996,0.996,0.996,0.996
512890,2024-02-29,1.004,1.004,1.004,1.004
512890,2024-03-01,1.004,1.004,1.004,1.004
512890,2024-03-04,1.009,1.009,1.009,1.009
512890,2024-03-05,1.018,1.018,1.018,1.018
512890,2024-03-06,1.018,1.018,1.018,1.018
512890,2024-03-07,1.021,1.021,1.021,1.021
512890,2024-03-08,1.027,1.027,1.027,1.027
512890,2024-03-11,1.02,1.02,1.02,1.02
512890,2024-03-12,0.995,0.995,0.995,0.995
512890,2024-03-13,0.993,0.993,0.993,0.993
512890,2024-03-14,0.996,0.996,0.996,0.996
512890,2024-03-15,0.997,0.997,0.997,0.997
512890,2024-03-18,0.998,0.998,0.998,0.998
512890,2024-03-19,0.994,0.994,0.994,0.994
512890,2024-03-20,1.0,1.0,1.0,1.0
512890,2024-03-21,1.006,1.006,1.006,1.006
512890,2024-03-22,1.001,1.001,1.001,1.001
512890,2024-03-25,1.003,1.003,1.003,1.003
512890,2024-03-26,1.004,1.004,1.004,1.004
512890,2024-03-27,0.998,0.998,0.998,0.998
512890,2024-03-28,1.0,1.0,1.0,1.0
512890,2024-03-29,1.015,1.015,1.015,1.015
512890,2024-04-01,1.015,1.015,1.015,1.015
512890,2024-04-02,1.023,1.023,1.023,1.023
512890,2024-04-03,1.033,1.033,1.033,1.033
512890,2024-04-08,1.036,1.036,1.036,1.036
512890,2024-04-09,1.029,1.029,1.029,1.029
512890,2024-04-10,1.03,1.03,1.03,1.03
512890,2024-04-11,1.043,1.043,1.043,1.043
512890,2024-04-12,1.04,1.04,1.04,1.04
512890,2024-04-15,1.063,1.063,1.063,1.063
512890,2024-04-16,1.061,1.061,1.061,1.061
512890,2024-04-17,1.082,1.082,1.082,1.082
512890,2024-04-18,1.082,1.082,1.082,1.082
512890,2024-04-19,1.084,1.084,1.084,1.084
512890,2024-04-22,1.062,1.062,1.062,1.062
512890,2024-04-23,1.046,1.046,1.046,1.046
512890,2024-04-24,1.043,1.043,1.043,1.043
512890,2024-04-25,1.052,1.052,1.052,1.052
512890,2024-04-26,1.039,1.039,1.039,1.039
512890,2024-04-29,1.036,1.036,1.036,1.036
512890,2024-04-30,1.04,1.04,1.04,1.04
512890,2024-05-06,1.047,1.047,1.047,1.047
512890,2024-05-07,1.048,1.048,1.048,1.048
512890,2024-05-08,1.053,1.053,1.053,1.053
512890,2024-05-09,1.061,1.061,1.061,1.061
512890,2024-05-10,1.066,1.066,1.066,1.066
512890,2024-05-13,1.072,1.072,1.072,1.072
512890,2024-05-14,1.068,1.068,1.068,1.068
512890,2024-05-15,1.066,1.066,1.066,1.066
512890,2024-05-16,1.068,1.068,1.068,1.068
512890,2024-05-17,1.075,1.075,1.075,1.075
512890,2024-05-20,1.087,1.087,1.087,1.087
512890,2024-05-21,1.089,1.089,1.089,1.089
512890,2024-05-22,1.088,1.088,1.088,1.088
512890,2024-05-23,1.076,1.076,1.076,1.076
512890,2024-05-24,1.076,1.076,1.076,1.076
512890,2024-05-27,1.095,1.095,1.095,1.095
512890,2024-05-28,1.09,1.09,1.09,1.09
512890,2024-05-29,1.092,1.092,1.092,1.092
512890,2024-05-30,1.083,1.083,1.083,1.083
512890,2024-05-31,1.085,1.085,1.085,1.085
512890,2024-06-03,1.071,1.071,1.071,1.071
512890,2024-06-04,1.076,1.076,1.076,1.076
512890,2024-06-05,1.06,1.06,1.06,1.06
512890,2024-06-06,1.066,1.066,1.066,1.066
512890,2024-06-07,1.075,1.075,1.075,1.075
512890,2024-06-11,1.055,1.055,1.055,1.055
512890,2024-06-12,1.066,1.066,1.066,1.066
512890,2024-06-13,1.055,1.055,1.055,1.055
512890,2024-06-14,1.058,1.058,1.058,1.058
512890,2024-06-17,1.044,1.044,1.044,1.044
512890,2024-06-18,1.047,1.047,1.047,1.047
512890,2024-06-19,1.051,1.051,1.051,1.051
512890,2024-06-20,1.05,1.05,1.05,1.05
512890,2024-06-21,1.05,1.05,1.05,1.05
512890,2024-06-24,1.036,1.036,1.036,1.036
512890,2024-06-25,1.042,1.042,1.042,1.042
512890,2024-06-26,1.047,1.047,1.047,1.047
512890,2024-06-27,1.046,1.046,1.046,1.046
512890,2024-06-28,1.059,1.059,1.059,1.059
512890,2024-07-01,1.078,1.078,1.078,1.078
512890,2024-07-02,1.08,1.08,1.08,1.08
512890,2024-07-03,1.068,1.068,1.068,1.068
512890,2024-07-04,1.064,1.064,1.064,1.064
512890,2024-07-05,1.057,1.057,1.057,1.057
512890,2024-07-08,1.052,1.052,1.052,1.052
512890,2024-07-09,1.065,1.065,1.065,1.065
512890,2024-07-10,1.044,1.044,1.044,1.044
512890,2024-07-11,1.046,1.046,1.046,1.046
512890,2024-07-12,1.047,1.047,1.047,1.047
512890,2024-07-15,1.057,1.057,1.057,1.057
512890,2024-07-16,1.053,1.053,1.053,1.053
512890,2024-07-17,1.047,1.047,1.047,1.047
512890,2024-07-18,1.051,1.051,1.051,1.051
512890,2024-07-19,1.043,1.043,1.043,1.043
512890,2024-07-22,1.033,1.033,1.033,1.033
512890,2024-07-23,1.029,1.029,1.029,1.029
512890,2024-07-24,1.029,1.029,1.029,1.029
512890,2024-07-25,1.024,1.024,1.024,1.024
512890,2024-07-26,1.016,1.016,1.016,1.016
512890,2024-07-29,1.021,1.021,1.021,1.021
512890,2024-07-30,1.013,1.013,1.013,1.013
512890,2024-07-31,1.024,1.024,1.024,1.024
512890,2024-08-01,1.025,1.025,1.025,1.025
512890,2024-08-02,1.023,1.023,1.023,1.023
512890,2024-08-05,1.013,1.013,1.013,1.013
512890,2024-08-06,1.007,1.007,1.007,1.007
512890,2024-08-07,1.012,1.012,1.012,1.012
512890,2024-08-08,1.012,1.012,1.012,1.012
512890,2024-08-09,1.014,1.014,1.014,1.014
512890,2024-08-12,1.017,1.017,1.017,1.017
512890,2024-08-13,1.02,1.02,1.02,1.02
512890,2024-08-14,1.017,1.017,1.017,1.017
512890,2024-08-15,1.029,1.029,1.029,1.029
512890,2024-08-16,1.033,1.033,1.033,1.033
512890,2024-08-19,1.048,1.048,1.048,1.048
512890,2024-08-20,1.039,1.039,1.039,1.039
512890,2024-08-21,1.028,1.028,1.028,1.028
512890,2024-08-22,1.031,1.031,1.031,1.031
512890,2024-08-23,1.03,1.03,1.03,1.03
512890,2024-08-26,1.031,1.031,1.031,1.031
512890,2024-08-27,1.037,1.037,1.037,1.037
512890,2024-08-28,1.031,1.031,1.031,1.031
512890,2024-08-29,1.008,1.008,1.008,1.008
512890,2024-08-30,1.003,1.003,1.003,1.003
512890,2024-09-02,1.006,1.006,1.006,1.006
512890,2024-09-03,0.995,0.995,0.995,0.995
512890,2024-09-04,0.993,0.993,0.993,0.993
512890,2024-09-05,0.99,0.99,0.99,0.99
512890,2024-09-06,0.982,0.982,0.982,0.982
512890,2024-09-09,0.966,0.966,0.966,0.966
512890,2024-09-10,0.967,0.967,0.967,0.967
512890,2024-09-11,0.944,0.944,0.944,0.944
512890,2024-09-12,0.949,0.949,0.949,0.949
512890,2024-09-13,0.946,0.946,0.946,0.946
512890,2024-09-18,0.962,0.962,0.962,0.962
512890,2024-09-19,0.962,0.962,0.962,0.962
512890,2024-09-20,0.96,0.96,0.96,0.96
512890,2024-09-23,0.971,0.971,0.971,0.971
512890,2024-09-24,1.015,1.015,1.015,1.015
512890,2024-09-25,1.031,1.031,1.031,1.031
512890,2024-09-26,1.062,1.062,1.062,1.062
512890,2024-09-27,1.062,1.062,1.062,1.062
512890,2024-09-30,1.127,1.127,1.127,1.127
512890,2024-10-08,1.142,1.142,1.142,1.142
512890,2024-10-09,1.054,1.054,1.054,1.054
512890,2024-10-10,1.102,1.102,1.102,1.102
512890,2024-10-11,1.082,1.082,1.082,1.082
512890,2024-10-14,1.113,1.113,1.113,1.113
512890,2024-10-15,1.089,1.089,1.089,1.089
512890,2024-10-16,1.108,1.108,1.108,1.108
512890,2024-10-17,1.096,1.096,1.096,1.096
512890,2024-10-18,1.102,1.102,1.102,1.102
512890,2024-10-21,1.092,1.092,1.092,1.092
512890,2024-10-22,1.096,1.096,1.096,1.096
512890,2024-10-23,1.095,1.095,1.095,1.095
512890,2024-10-24,1.089,1.089,1.089,1.089
512890,2024-10-25,1.087,1.087,1.087,1.087
512890,2024-10-28,1.089,1.089,1.089,1.089
512890,2024-10-29,1.073,1.073,1.073,1.073
512890,2024-10-30,1.066,1.066,1.066,1.066
512890,2024-10-31,1.063,1.063,1.063,1.063
512890,2024-11-01,1.076,1.076,1.076,1.076
512890,2024-11-04,1.085,1.085,1.085,1.085
512890,2024-11-05,1.098,1.098,1.098,1.098
512890,2024-11-06,1.095,1.095,1.095,1.095
512890,2024-11-07,1.114,1.114,1.114,1.114
512890,2024-11-08,1.099,1.099,1.099,1.099
512890,2024-11-11,1.089,1.089,1.089,1.089
512890,2024-11-12,1.079,1.079,1.079,1.079
512890,2024-11-13,1.086,1.086,1.086,1.086
512890,2024-11-14,1.078,1.078,1.078,1.078
512890,2024-11-15,1.076,1.076,1.076,1.076
512890,2024-11-18,1.095,1.095,1.095,1.095
512890,2024-11-19,1.096,1.096,1.096,1.096
512890,2024-11-20,1.098,1.098,1.098,1.098
512890,2024-11-21,1.097,1.097,1.097,1.097
512890,2024-11-22,1.068,1.068,1.068,1.068
512890,2024-11-25,1.071,1.071,1.071,1.071
512890,2024-11-26,1.073,1.073,1.073,1.073
512890,2024-11-27,1.085,1.085,1.085,1.085
512890,2024-11-28,1.083,1.083,1.083,1.083
512890,2024-11-29,1.085,1.085,1.085,1.085
512890,2024-12-02,1.086,1.086,1.086,1.086
512890,2024-12-03,1.099,1.099,1.099,1.099
512890,2024-12-04,1.101,1.101,1.101,1.101
512890,2024-12-05,1.101,1.101,1.101,1.101
512890,2024-12-06,1.115,1.115,1.115,1.115
512890,2024-12-09,1.119,1.119,1.119,1.119
512890,2024-12-10,1.119,1.119,1.119,1.119
512890,2024-12-11,1.122,1.122,1.122,1.122
512890,2024-12-12,1.123,1.123,1.123,1.123
512890,2024-12-13,1.104,1.104,1.104,1.104
512890,2024-12-16,1.122,1.122,1.122,1.122
512890,2024-12-17,1.114,1.114,1.114,1.114
512890,2024-12-18,1.122,1.122,1.122,1.122
512890,2024-12-19,1.108,1.108,1.108,1.108
512890,2024-12-20,1.101,1.101,1.101,1.101
512890,2024-12-23,1.106,1.106,1.106,1.106
512890,2024-12-24,1.115,1.115,1.115,1.115
512890,2024-12-25,1.122,1.122,1.122,1.122
512890,2024-12-26,1.119,1.119,1.119,1.119
512890,2024-12-27,1.123,1.123,1.123,1.123
512890,2024-12-30,1.131,1.131,1.131,1.131
512890,2024-12-31,1.124,1.124,1.124,1.124
512890,2025-01-02,1.101,1.101,1.101,1.101
512890,2025-01-03,1.086,1.086,1.086,1.086
512890,2025-01-06,1.087,1.087,1.087,1.087
512890,2025-01-07,1.091,1.091,1.091,1.091
512890,2025-01-08,1.095,1.095,1.095,1.095
512890,2025-01-09,1.084,1.084,1.084,1.084
512890,2025-01-10,1.07,1.07,1.07,1.07
512890,2025-01-13,1.058,1.058,1.058,1.058
512890,2025-01-14,1.074,1.074,1.074,1.074
512890,2025-01-15,1.078,1.078,1.078,1.078
512890,2025-01-16,1.087,1.087,1.087,1.087
512890,2025-01-17,1.084,1.084,1.084,1.084
512890,2025-01-20,1.085,1.085,1.085,1.085
512890,2025-01-21,1.076,1.076,1.076,1.076
512890,2025-01-22,1.061,1.061,1.061,1.061
512890,2025-01-23,1.078,1.078,1.078,1.078
512890,2025-01-24,1.082,1.082,1.082,1.082
512890,2025-01-27,1.097,1.097,1.097,1.097
512890,2025-02-05,1.077,1.077,1.077,1.077
512890,2025-02-06,1.078,1.078,1.078,1.078
512890,2025-02-07,1.079,1.079,1.079,1.079
512890,2025-02-10,1.079,1.079,1.079,1.079
512890,2025-02-11,1.089,1.089,1.089,1.089
512890,2025-02-12,1.091,1.091,1.091,1.091
512890,2025-02-13,1.094,1.094,1.094,1.094
512890,2025-02-14,1.094,1.094,1.094,1.094
512890,2025-02-17,1.093,1.093,1.093,1.093
512890,2025-02-18,1.095,1.095,1.095,1.095
512890,2025-02-19,1.094,1.094,1.094,1.094
512890,2025-02-20,1.09,1.09,1.09,1.09
512890,2025-02-21,1.082,1.082,1.082,1.082
512890,2025-02-24,1.079,1.079,1.079,1.079
512890,2025-02-25,1.071,1.071,1.071,1.071
512890,2025-02-26,1.079,1.079,1.079,1.079
512890,2025-02-27,1.089,1.089,1.089,1.089
512890,2025-02-28,1.084,1.084,1.084,1.084
512890,2025-03-03,1.083,1.083,1.083,1.083
512890,2025-03-04,1.084,1.084,1.084,1.084
512890,2025-03-05,1.091,1.091,1.091,1.091
512890,2025-03-06,1.087,1.087,1.087,1.087
512890,2025-03-07,1.085,1.085,1.085,1.085
512890,2025-03-10,1.079,1.079,1.079,1.079
512890,2025-03-11,1.084,1.084,1.084,1.084
512890,2025-03-12,1.086,1.086,1.086,1.086
512890,2025-03-13,1.091,1.091,1.091,1.091
512890,2025-03-14,1.1,1.1,1.1,1.1
512890,2025-03-17,1.104,1.104,1.104,1.104
512890,2025-03-18,1.102,1.102,1.102,1.102
512890,2025-03-19,1.108,1.108,1.108,1.108
512890,2025-03-20,1.105,1.105,1.105,1.105
512890,2025-03-21,1.103,1.103,1.103,1.103
512890,2025-03-24,1.108,1.108,1.108,1.108
512890,2025-03-25,1.115,1.115,1.115,1.115
512890,2025-03-26,1.112,1.112,1.112,1.112
512890,2025-03-27,1.115,1.115,1.115,1.115
512890,2025-03-28,1.112,1.112,1.112,1.112
512890,2025-03-31,1.112,1.112,1.112,1.112
512890,2025-04-01,1.115,1.115,1.115,1.115
512890,2025-04-02,1.121,1.121,1.121,1.121
512890,2025-04-03,1.125,1.125,1.125,1.125
512890,2025-04-07,1.064,1.064,1.064,1.064
512890,2025-04-08,1.088,1.088,1.088,1.088
512890,2025-04-09,1.085,1.085,1.085,1.085
512890,2025-04-10,1.09,1.09,1.09,1.09
512890,2025-04-11,1.087,1.087,1.087,1.087
512890,2025-04-14,1.095,1.095,1.095,1.095
512890,2025-04-15,1.106,1.106,1.106,1.106
512890,2025-04-16,1.116,1.116,1.116,1.116
512890,2025-04-17,1.117,1.117,1.117,1.117
512890,2025-04-18,1.12,1.12,1.12,1.12
512890,2025-04-21,1.114,1.114,1.114,1.114
512890,2025-04-22,1.121,1.121,1.121,1.121
512890,2025-04-23,1.116,1.116,1.116,1.116
512890,2025-04-24,1.126,1.126,1.126,1.126
512890,2025-04-25,1.125,1.125,1.125,1.125
512890,2025-04-28,1.13,1.13,1.13,1.13
512890,2025-04-29,1.127,1.127,1.127,1.127
512890,2025-04-30,1.109,1.109,1.109,1.109
512890,2025-05-06,1.109,1.109,1.109,1.109
512890,2025-05-07,1.118,1.118,1.118,1.118
512890,2025-05-08,1.124,1.124,1.124,1.124
512890,2025-05-09,1.132,1.132,1.132,1.132
512890,2025-05-12,1.133,1.133,1.133,1.133
512890,2025-05-13,1.144,1.144,1.144,1.144
512890,2025-05-14,1.152,1.152,1.152,1.152
512890,2025-05-15,1.148,1.148,1.148,1.148
512890,2025-05-16,1.14,1.14,1.14,1.14
512890,2025-05-19,1.142,1.142,1.142,1.142
512890,2025-05-20,1.147,1.147,1.147,1.147
512890,2025-05-21,1.155,1.155,1.155,1.155
512890,2025-05-22,1.159,1.159,1.159,1.159
512890,2025-05-23,1.15,1.15,1.15,1.15
512890,2025-05-26,1.147,1.147,1.147,1.147
512890,2025-05-27,1.149,1.149,1.149,1.149
512890,2025-05-28,1.154,1.154,1.154,1.154
512890,2025-05-29,1.152,1.152,1.152,1.152
512890,2025-05-30,1.159,1.159,1.159,1.159
512890,2025-06-03,1.169,1.169,1.169,1.169
512890,2025-06-04,1.174,1.174,1.174,1.174
512890,2025-06-05,1.165,1.165,1.165,1.165
512890,2025-06-06,1.168,1.168,1.168,1.168
512890,2025-06-09,1.169,1.169,1.169,1.169
512890,2025-06-10,1.169,1.169,1.169,1.169
512890,2025-06-11,1.173,1.173,1.173,1.173
512890,2025-06-12,1.176,1.176,1.176,1.176
512890,2025-06-13,1.169,1.169,1.169,1.169
512890,2025-06-16,1.175,1.175,1.175,1.175
512890,2025-06-17,1.172,1.172,1.172,1.172
512890,2025-06-18,1.179,1.179,1.179,1.179
512890,2025-06-19,1.177,1.177,1.177,1.177
512890,2025-06-20,1.182,1.182,1.182,1.182
512890,2025-06-23,1.19,1.19,1.19,1.19
512890,2025-06-24,1.191,1.191,1.191,1.191
512890,2025-06-25,1.201,1.201,1.201,1.201
512890,2025-06-26,1.206,1.206,1.206,1.206
512890,2025-06-27,1.188,1.188,1.188,1.188
512890,2025-06-30,1.186,1.186,1.186,1.186
512890,2025-07-01,1.197,1.197,1.197,1.197
512890,2025-07-02,1.2,1.2,1.2,1.2
512890,2025-07-03,1.201,1.201,1.201,1.201
512890,2025-07-04,1.211,1.211,1.211,1.211
512890,2025-07-07,1.218,1.218,1.218,1.218
512890,2025-07-08,1.215,1.215,1.215,1.215
512890,2025-07-09,1.223,1.223,1.223,1.223
512890,2025-07-10,1.23,1.23,1.23,1.23
512890,2025-07-11,1.219,1.219,1.219,1.219
512890,2025-07-14,1.227,1.227,1.227,1.227
512890,2025-07-15,1.216,1.216,1.216,1.216
512890,2025-07-16,1.21,1.21,1.21,1.21
512890,2025-07-17,1.208,1.208,1.208,1.208
512890,2025-07-18,1.213,1.213,1.213,1.213
512890,2025-07-21,1.213,1.213,1.213,1.213
512890,2025-07-22,1.214,1.214,1.214,1.214
512890,2025-07-23,1.217,1.217,1.217,1.217
512890,2025-07-24,1.208,1.208,1.208,1.208
512890,2025-07-25,1.199,1.199,1.199,1.199
512890,2025-07-28,1.197,1.197,1.197,1.197
512890,2025-07-29,1.189,1.189,1.189,1.189
512890,2025-07-30,1.194,1.194,1.194,1.194
512890,2025-07-31,1.18,1.18,1.18,1.18
512890,2025-08-01,1.181,1.181,1.181,1.181
512890,2025-08-04,1.187,1.187,1.187,1.187
512890,2025-08-05,1.2,1.2,1.2,1.2
512890,2025-08-06,1.201,1.201,1.201,1.201
512890,2025-08-07,1.206,1.206,1.206,1.206
512890,2025-08-08,1.207,1.207,1.207,1.207
512890,2025-08-11,1.2,1.2,1.2,1.2
512890,2025-08-12,1.202,1.202,1.202,1.202
512890,2025-08-13,1.198,1.198,1.198,1.198
512890,2025-08-14,1.199,1.199,1.199,1.199
512890,2025-08-15,1.195,1.195,1.195,1.195
512890,2025-08-18,1.197,1.197,1.197,1.197
512890,2025-08-19,1.196,1.196,1.196,1.196
512890,2025-08-20,1.207,1.207,1.207,1.207
512890,2025-08-21,1.214,1.214,1.214,1.214
512890,2025-08-22,1.209,1.209,1.209,1.209
512890,2025-08-25,1.219,1.219,1.219,1.219
512890,2025-08-26,1.216,1.216,1.216,1.216
512890,2025-08-27,1.197,1.197,1.197,1.197
512890,2025-08-28,1.197,1.197,1.197,1.197
512890,2025-08-29,1.194,1.194,1.194,1.194
512890,2025-09-01,1.191,1.191,1.191,1.191
512890,2025-09-02,1.2,1.2,1.2,1.2
512890,2025-09-03,1.187,1.187,1.187,1.187
512890,2025-09-04,1.19,1.19,1.19,1.19
512890,2025-09-05,1.185,1.185,1.185,1.185
512890,2025-09-08,1.185,1.185,1.185,1.185
512890,2025-09-09,1.191,1.191,1.191,1.191
512890,2025-09-10,1.188,1.188,1.188,1.188
512890,2025-09-11,1.192,1.192,1.192,1.192
512890,2025-09-12,1.184,1.184,1.184,1.184
512890,2025-09-15,1.174,1.174,1.174,1.174
512890,2025-09-16,1.17,1.17,1.17,1.17
512890,2025-09-17,1.175,1.175,1.175,1.175
512890,2025-09-18,1.153,1.153,1.153,1.153
512890,2025-09-19,1.159,1.159,1.159,1.159
512890,2025-09-22,1.15,1.15,1.15,1.15
512890,2025-09-23,1.157,1.157,1.157,1.157
512890,2025-09-24,1.157,1.157,1.157,1.157
512890,2025-09-25,1.149,1.149,1.149,1.149
512890,2025-09-26,1.149,1.149,1.149,1.149
512890,2025-09-29,1.147,1.147,1.147,1.147
512890,2025-09-30,1.139,1.139,1.139,1.139
512890,2025-10-09,1.142,1.142,1.142,1.142
512890,2025-10-10,1.15,1.15,1.15,1.15
512890,2025-10-13,1.156,1.156,1.156,1.156
512890,2025-10-14,1.177,1.177,1.177,1.177
512890,2025-10-15,1.182,1.182,1.182,1.182
512890,2025-10-16,1.19,1.19,1.19,1.19
512890,2025-10-17,1.185,1.185,1.185,1.185
512890,2025-10-20,1.187,1.187,1.187,1.187
512890,2025-10-21,1.19,1.19,1.19,1.19
512890,2025-10-22,1.199,1.199,1.199,1.199
512890,2025-10-23,1.206,1.206,1.206,1.206
512890,2025-10-24,1.197,1.197,1.197,1.197
512890,2025-10-27,1.198,1.198,1.198,1.198
512890,2025-10-28,1.198,1.198,1.198,1.198
512890,2025-10-29,1.187,1.187,1.187,1.187
512890,2025-10-30,1.19,1.19,1.19,1.19
512890,2025-10-31,1.188,1.188,1.188,1.188
512890,2025-11-03,1.204,1.204,1.204,1.204
512890,2025-11-04,1.217,1.217,1.217,1.217
512890,2025-11-05,1.217,1.217,1.217,1.217
512890,2025-11-06,1.216,1.216,1.216,1.216
512890,2025-11-07,1.217,1.217,1.217,1.217
512890,2025-11-10,1.227,1.227,1.227,1.227
512890,2025-11-11,1.232,1.232,1.232,1.232
512890,2025-11-12,1.243,1.243,1.243,1.243
512890,2025-11-13,1.239,1.239,1.239,1.239
512890,2025-11-14,1.235,1.235,1.235,1.235
512890,2025-11-17,1.224,1.224,1.224,1.224
512890,2025-11-18,1.217,1.217,1.217,1.217
512890,2025-11-19,1.219,1.219,1.219,1.219
512890,2025-11-20,1.228,1.228,1.228,1.228
512890,2025-11-21,1.209,1.209,1.209,1.209
512890,2025-11-24,1.202,1.202,1.202,1.202
512890,2025-11-25,1.209,1.209,1.209,1.209
512890,2025-11-26,1.203,1.203,1.203,1.203
512890,2025-11-27,1.205,1.205,1.205,1.205
512890,2025-11-28,1.204,1.204,1.204,1.204
512890,2025-12-01,1.211,1.211,1.211,1.211
512890,2025-12-02,1.208,1.208,1.208,1.208
512890,2025-12-03,1.203,1.203,1.203,1.203
512890,2025-12-04,1.198,1.198,1.198,1.198
512890,2025-12-05,1.193,1.193,1.193,1.193
512890,2025-12-08,1.19,1.19,1.19,1.19
512890,2025-12-09,1.181,1.181,1.181,1.181
512890,2025-12-10,1.176,1.176,1.176,1.176
512890,2025-12-11,1.173,1.173,1.173,1.173
512890,2025-12-12,1.174,1.174,1.174,1.174
512890,2025-12-15,1.175,1.175,1.175,1.175
512890,2025-12-16,1.169,1.169,1.169,1.169
512890,2025-12-17,1.171,1.171,1.171,1.171
512890,2025-12-18,1.181,1.181,1.181,1.181
512890,2025-12-19,1.181,1.181,1.181,1.181
512890,2025-12-22,1.173,1.173,1.173,1.173
512890,2025-12-23,1.173,1.173,1.173,1.173
512890,2025-12-24,1.177,1.177,1.177,1.177
512890,2025-12-25,1.178,1.178,1.178,1.178
512890,2025-12-26,1.175,1.175,1.175,1.175
512890,2025-12-29,1.176,1.176,1.176,1.176
512890,2025-12-30,1.175,1.175,1.175,1.175
512890,2025-12-31,1.176,1.176,1.176,1.176
512890,2026-01-05,1.173,1.173,1.173,1.173
512890,2026-01-06,1.174,1.174,1.174,1.174
512890,2026-01-07,1.17,1.17,1.17,1.17
512890,2026-01-08,1.161,1.161,1.161,1.161
512890,2026-01-09,1.162,1.162,1.162,1.162
512890,2026-01-12,1.164,1.164,1.164,1.164
512890,2026-01-13,1.166,1.166,1.166,1.166
512890,2026-01-14,1.156,1.156,1.156,1.156
512890,2026-01-15,1.153,1.153,1.153,1.153
512890,2026-01-16,1.143,1.143,1.143,1.143
512890,2026-01-19,1.144,1.144,1.144,1.144
512890,2026-01-20,1.16,1.16,1.16,1.16
512890,2026-01-21,1.151,1.151,1.151,1.151
512890,2026-01-22,1.152,1.152,1.152,1.152
512890,2026-01-23,1.148,1.148,1.148,1.148
512890,2026-01-26,1.156,1.156,1.156,1.156
512890,2026-01-27,1.148,1.148,1.148,1.148
512890,2026-01-28,1.152,1.152,1.152,1.152
512890,2026-01-29,1.169,1.169,1.169,1.169
512890,2026-01-30,1.168,1.168,1.168,1.168
512890,2026-02-02,1.154,1.154,1.154,1.154
512890,2026-02-03,1.15,1.15,1.15,1.15
512890,2026-02-04,1.166,1.166,1.166,1.166
512890,2026-02-05,1.181,1.181,1.181,1.181
512890,2026-02-06,1.178,1.178,1.178,1.178
512890,2026-02-09,1.181,1.181,1.181,1.181
512890,2026-02-10,1.186,1.186,1.186,1.186
512890,2026-02-11,1.188,1.188,1.188,1.188
512890,2026-02-12,1.177,1.177,1.177,1.177
512890,2026-02-13,1.167,1.167,1.167,1.167
512890,2026-02-24,1.172,1.172,1.172,1.172
512890,2026-02-25,1.169,1.169,1.169,1.169
512890,2026-02-26,1.168,1.168,1.168,1.168
512890,2026-02-27,1.172,1.172,1.172,1.172
512890,2026-03-02,1.183,1.183,1.183,1.183
512890,2026-03-03,1.196,1.196,1.196,1.196
512890,2026-03-04,1.18,1.18,1.18,1.18
512890,2026-03-05,1.182,1.182,1.182,1.182
512890,2026-03-06,1.188,1.188,1.188,1.188
512890,2026-03-09,1.187,1.187,1.187,1.187
512890,2026-03-10,1.185,1.185,1.185,1.185
512890,2026-03-11,1.196,1.196,1.196,1.196
512890,2026-03-12,1.202,1.202,1.202,1.202
512890,2026-03-13,1.205,1.205,1.205,1.205
512890,2026-03-16,1.205,1.205,1.205,1.205
512890,2026-03-17,1.21,1.21,1.21,1.21
512890,2026-03-18,1.204,1.204,1.204,1.204
512890,2026-03-19,1.201,1.201,1.201,1.201
512890,2026-03-20,1.196,1.196,1.196,1.196
512890,2026-03-23,1.158,1.158,1.158,1.158
512890,2026-03-24,1.178,1.178,1.178,1.178
512890,2026-03-25,1.188,1.188,1.188,1.188
512890,2026-03-26,1.185,1.185,1.185,1.185
512890,2026-03-27,1.183,1.183,1.183,1.183
512890,2026-03-30,1.193,1.193,1.193,1.193
512890,2026-03-31,1.198,1.198,1.198,1.198
512890,2026-04-01,1.197,1.197,1.197,1.197
512890,2026-04-02,1.201,1.201,1.201,1.201
512890,2026-04-03,1.188,1.188,1.188,1.188
512890,2026-04-07,1.18,1.18,1.18,1.18
512890,2026-04-08,1.19,1.19,1.19,1.19
512890,2026-04-09,1.183,1.183,1.183,1.183
512890,2026-04-10,1.181,1.181,1.181,1.181
512890,2026-04-13,1.176,1.176,1.176,1.176
512890,2026-04-14,1.181,1.181,1.181,1.181
512890,2026-04-15,1.189,1.189,1.189,1.189
512890,2026-04-16,1.189,1.189,1.189,1.189
512890,2026-04-17,1.184,1.184,1.184,1.184
512890,2026-05-20,1.168,1.17,1.164,1.165
512890,2026-05-21,1.163,1.165,1.158,1.161
512890,2026-05-22,1.159,1.16,1.151,1.155
512890,2026-05-25,1.154,1.157,1.149,1.152
512890,2026-05-26,1.151,1.157,1.15,1.156
512890,2026-05-27,1.156,1.157,1.146,1.15
512890,2026-05-28,1.149,1.155,1.143,1.144
512890,2026-05-29,1.144,1.169,1.142,1.168
513530,2022-04-25,0.83,0.838,0.806,0.814
513530,2022-04-26,0.816,0.831,0.814,0.819
513530,2022-04-27,0.814,0.835,0.81,0.834
513530,2022-04-28,0.834,0.85,0.832,0.849
513530,2022-04-29,0.854,0.862,0.846,0.86
513530,2022-05-05,0.863,0.87,0.853,0.858
513530,2022-05-06,0.845,0.848,0.831,0.836
513530,2022-05-09,0.836,0.836,0.824,0.831
513530,2022-05-10,0.82,0.833,0.812,0.833
513530,2022-05-11,0.833,0.848,0.832,0.845
513530,2022-05-12,0.843,0.843,0.829,0.832
513530,2022-05-13,0.833,0.855,0.833,0.853
513530,2022-05-16,0.86,0.861,0.851,0.856
513530,2022-05-17,0.86,0.868,0.86,0.868
513530,2022-05-18,0.865,0.876,0.863,0.874
513530,2022-05-19,0.869,0.87,0.857,0.868
513530,2022-05-20,0.871,0.89,0.871,0.889
513530,2022-05-23,0.892,0.9,0.877,0.879
513530,2022-05-24,0.88,0.885,0.871,0.871
513530,2022-05-25,0.871,0.888,0.871,0.885
513530,2022-05-26,0.885,0.898,0.885,0.894
513530,2022-05-27,0.901,0.909,0.9,0.904
513530,2022-05-30,0.906,0.906,0.891,0.896
513530,2022-05-31,0.907,0.907,0.895,0.903
513530,2022-06-01,0.903,0.911,0.901,0.911
513530,2022-06-02,0.906,0.912,0.903,0.911
513530,2022-06-06,0.904,0.904,0.896,0.902
513530,2022-06-07,0.9,0.912,0.9,0.906
513530,2022-06-08,0.911,0.923,0.909,0.923
513530,2022-06-09,0.925,0.934,0.921,0.926
513530,2022-06-10,0.927,0.927,0.909,0.915
513530,2022-06-13,0.911,0.912,0.902,0.908
513530,2022-06-14,0.901,0.913,0.898,0.913
513530,2022-06-15,0.913,0.914,0.9,0.901
513530,2022-06-16,0.902,0.954,0.868,0.871
513530,2022-06-17,0.864,0.884,0.859,0.863
513530,2022-06-20,0.862,0.862,0.846,0.849
513530,2022-06-21,0.855,0.869,0.853,0.864
513530,2022-06-22,0.872,0.872,0.852,0.854
513530,2022-06-23,0.855,0.864,0.854,0.864
513530,2022-06-24,0.86,0.86,0.853,0.856
513530,2022-06-27,0.865,0.875,0.864,0.873
513530,2022-06-28,0.873,0.887,0.873,0.886
513530,2022-06-29,0.891,0.896,0.878,0.879
513530,2022-06-30,0.883,0.887,0.878,0.881
513530,2022-07-01,0.881,0.881,0.875,0.878
513530,2022-07-04,0.872,0.88,0.864,0.868
513530,2022-07-05,0.873,0.884,0.871,0.875
513530,2022-07-06,0.875,0.875,0.842,0.846
513530,2022-07-07,0.842,0.857,0.842,0.856
513530,2022-07-08,0.86,0.87,0.86,0.867
513530,2022-07-11,0.867,0.867,0.846,0.849
513530,2022-07-12,0.856,0.859,0.848,0.849
513530,2022-07-13,0.841,0.849,0.83,0.836
513530,2022-07-14,0.837,0.838,0.819,0.825
513530,2022-07-15,0.825,0.837,0.822,0.823
513530,2022-07-18,0.83,0.852,0.826,0.848
513530,2022-07-19,0.845,0.848,0.839,0.844
513530,2022-07-20,0.851,0.854,0.847,0.849
513530,2022-07-21,0.858,0.858,0.831,0.831
513530,2022-07-22,0.818,0.84,0.818,0.823
513530,2022-07-25,0.825,0.834,0.818,0.821
513530,2022-07-26,0.829,0.842,0.824,0.841
513530,2022-07-27,0.841,0.841,0.829,0.831
513530,2022-07-28,0.835,0.838,0.832,0.834
513530,2022-07-29,0.834,0.841,0.818,0.822
513530,2022-08-01,0.822,0.822,0.807,0.815
513530,2022-08-02,0.816,0.816,0.787,0.793
513530,2022-08-03,0.8,0.803,0.79,0.793
513530,2022-08-04,0.793,0.8,0.791,0.798
513530,2022-08-05,0.798,0.798,0.791,0.797
513530,2022-08-08,0.797,0.811,0.797,0.807
513530,2022-08-09,0.807,0.82,0.807,0.812
513530,2022-08-10,0.816,0.816,0.794,0.798
513530,2022-08-11,0.804,0.815,0.804,0.812
513530,2022-08-12,0.813,0.839,0.813,0.834
513530,2022-08-15,0.833,0.836,0.826,0.826
513530,2022-08-16,0.823,0.842,0.823,0.835
513530,2022-08-17,0.815,0.848,0.814,0.846
513530,2022-08-18,0.846,0.846,0.833,0.834
513530,2022-08-19,0.836,0.851,0.835,0.849
513530,2022-08-22,0.854,0.865,0.85,0.863
513530,2022-08-23,0.863,0.869,0.859,0.866
513530,2022-08-24,0.864,0.868,0.846,0.851
513530,2022-08-25,0.851,0.874,0.851,0.874
513530,2022-08-26,0.877,0.882,0.87,0.877
513530,2022-08-29,0.871,0.88,0.869,0.88
513530,2022-08-30,0.881,0.89,0.876,0.876
513530,2022-08-31,0.879,0.879,0.86,0.863
513530,2022-09-01,0.871,0.876,0.841,0.864
513530,2022-09-02,0.864,0.864,0.845,0.85
513530,2022-09-05,0.85,0.871,0.846,0.866
513530,2022-09-06,0.866,0.875,0.866,0.873
513530,2022-09-07,0.871,0.873,0.863,0.871
513530,2022-09-08,0.869,0.869,0.85,0.852
513530,2022-09-09,0.852,0.871,0.852,0.87
513530,2022-09-13,0.869,0.873,0.864,0.871
513530,2022-09-14,0.861,0.868,0.861,0.866
513530,2022-09-15,0.874,0.885,0.869,0.874
513530,2022-09-16,0.874,0.876,0.863,0.866
513530,2022-09-19,0.861,0.861,0.843,0.845
513530,2022-09-20,0.85,0.856,0.845,0.847
513530,2022-09-21,0.847,0.849,0.836,0.841
513530,2022-09-22,0.84,0.84,0.83,0.837
513530,2022-09-23,0.837,0.845,0.823,0.823
513530,2022-09-26,0.823,0.823,0.795,0.797
513530,2022-09-27,0.796,0.8,0.787,0.794
513530,2022-09-28,0.797,0.797,0.769,0.769
513530,2022-09-29,0.777,0.777,0.739,0.743
513530,2022-09-30,0.748,0.756,0.746,0.753
513530,2022-10-10,0.756,0.766,0.746,0.747
513530,2022-10-11,0.747,0.755,0.743,0.746
513530,2022-10-12,0.741,0.746,0.726,0.745
513530,2022-10-13,0.738,0.738,0.728,0.731
513530,2022-10-14,0.74,0.751,0.737,0.742
513530,2022-10-17,0.743,0.743,0.728,0.74
513530,2022-10-18,0.746,0.748,0.737,0.741
513530,2022-10-19,0.741,0.761,0.741,0.747
513530,2022-10-20,0.74,0.744,0.734,0.737
513530,2022-10-21,0.738,0.749,0.738,0.746
513530,2022-10-24,0.747,0.747,0.71,0.712
513530,2022-10-25,0.718,0.726,0.707,0.72
513530,2022-10-26,0.72,0.73,0.712,0.715
513530,2022-10-27,0.715,0.727,0.712,0.715
513530,2022-10-28,0.715,0.715,0.685,0.688
513530,2022-10-31,0.688,0.688,0.661,0.663
513530,2022-11-01,0.663,0.684,0.662,0.682
513530,2022-11-02,0.682,0.694,0.673,0.689
513530,2022-11-03,0.684,0.693,0.681,0.681
513530,2022-11-04,0.686,0.716,0.686,0.714
513530,2022-11-07,0.715,0.737,0.706,0.735
513530,2022-11-08,0.738,0.738,0.727,0.731
513530,2022-11-09,0.734,0.761,0.734,0.741
513530,2022-11-10,0.74,0.741,0.723,0.728
513530,2022-11-11,0.77,0.776,0.746,0.769
513530,2022-11-14,0.784,0.832,0.77,0.8
513530,2022-11-15,0.8,0.829,0.797,0.822
513530,2022-11-16,0.829,0.832,0.811,0.818
513530,2022-11-17,0.819,0.821,0.804,0.811
513530,2022-11-18,0.818,0.826,0.8,0.801
513530,2022-11-21,0.798,0.807,0.781,0.804
513530,2022-11-22,0.806,0.82,0.795,0.799
513530,2022-11-23,0.799,0.816,0.799,0.809
513530,2022-11-24,0.82,0.83,0.815,0.829
513530,2022-11-25,0.832,0.855,0.826,0.849
513530,2022-11-28,0.843,0.843,0.815,0.833
513530,2022-11-29,0.845,0.93,0.845,0.859
513530,2022-11-30,0.859,0.871,0.855,0.864
513530,2022-12-01,0.873,0.884,0.847,0.849
513530,2022-12-02,0.847,0.849,0.822,0.826
513530,2022-12-05,0.837,0.846,0.828,0.843
513530,2022-12-06,0.838,0.864,0.83,0.861
513530,2022-12-07,0.861,0.861,0.841,0.844
513530,2022-12-08,0.844,0.85,0.833,0.845
513530,2022-12-09,0.85,0.897,0.847,0.892
513530,2022-12-12,0.887,0.895,0.885,0.887
513530,2022-12-13,0.887,0.898,0.885,0.894
513530,2022-12-14,0.895,0.9,0.89,0.899
513530,2022-12-15,0.897,0.897,0.88,0.889
513530,2022-12-16,0.889,0.911,0.889,0.911
513530,2022-12-19,0.911,0.913,0.873,0.875
513530,2022-12-20,0.873,0.884,0.869,0.873
513530,2022-12-21,0.873,0.88,0.873,0.875
513530,2022-12-22,0.882,0.894,0.882,0.884
513530,2022-12-23,0.884,0.891,0.88,0.886
513530,2022-12-26,0.886,0.887,0.884,0.885
513530,2022-12-27,0.887,0.896,0.887,0.896
513530,2022-12-28,0.905,0.908,0.891,0.9
513530,2022-12-29,0.9,0.9,0.886,0.886
513530,2022-12-30,0.893,0.899,0.889,0.89
513530,2023-01-03,0.889,0.9,0.87,0.896
513530,2023-01-04,0.896,0.906,0.896,0.901
513530,2023-01-05,0.905,0.91,0.896,0.896
513530,2023-01-06,0.898,0.903,0.894,0.895
513530,2023-01-09,0.898,0.905,0.894,0.898
513530,2023-01-10,0.897,0.9,0.892,0.896
513530,2023-01-11,0.897,0.912,0.897,0.907
513530,2023-01-12,0.905,0.913,0.901,0.909
513530,2023-01-13,0.91,0.912,0.904,0.911
513530,2023-01-16,0.908,0.921,0.908,0.911
513530,2023-01-17,0.911,0.917,0.902,0.906
513530,2023-01-18,0.909,0.916,0.908,0.913
513530,2023-01-19,0.911,0.917,0.906,0.916
513530,2023-01-20,0.917,0.931,0.912,0.93
513530,2023-01-30,0.952,0.952,0.925,0.925
513530,2023-01-31,0.925,0.933,0.914,0.917
513530,2023-02-01,0.918,0.932,0.917,0.931
513530,2023-02-02,0.933,0.936,0.924,0.927
513530,2023-02-03,0.928,0.928,0.908,0.912
513530,2023-02-06,0.91,0.912,0.9,0.905
513530,2023-02-07,0.906,0.916,0.906,0.911
513530,2023-02-08,0.913,0.922,0.913,0.917
513530,2023-02-09,0.916,0.922,0.915,0.919
513530,2023-02-10,0.919,0.921,0.912,0.915
513530,2023-02-13,0.91,0.918,0.908,0.912
513530,2023-02-14,0.915,0.917,0.913,0.914
513530,2023-02-15,0.914,0.914,0.901,0.901
513530,2023-02-16,0.904,0.917,0.901,0.905
513530,2023-02-17,0.906,0.915,0.906,0.908
513530,2023-02-20,0.906,0.929,0.906,0.929
513530,2023-02-21,0.926,0.942,0.926,0.934
513530,2023-02-22,0.933,0.933,0.927,0.93
513530,2023-02-23,0.928,0.937,0.927,0.933
513530,2023-02-24,0.93,0.933,0.924,0.932
513530,2023-02-27,0.929,0.929,0.916,0.916
513530,2023-02-28,0.92,0.923,0.906,0.912
513530,2023-03-01,0.909,0.935,0.909,0.935
513530,2023-03-02,0.931,0.949,0.927,0.948
513530,2023-03-03,0.955,0.966,0.949,0.964
513530,2023-03-06,0.964,0.978,0.963,0.976
513530,2023-03-07,0.977,1.001,0.97,0.976
513530,2023-03-08,0.977,0.977,0.96,0.97
513530,2023-03-09,0.973,0.977,0.968,0.969
513530,2023-03-10,0.969,0.969,0.942,0.943
513530,2023-03-13,0.94,0.957,0.936,0.954
513530,2023-03-14,0.954,0.955,0.928,0.929
513530,2023-03-15,0.94,0.956,0.94,0.954
513530,2023-03-16,0.949,0.949,0.933,0.935
513530,2023-03-17,0.942,0.96,0.942,0.95
513530,2023-03-20,0.942,0.956,0.924,0.926
513530,2023-03-21,0.933,0.939,0.924,0.93
513530,2023-03-22,0.931,0.952,0.931,0.943
513530,2023-03-23,0.942,0.957,0.942,0.953
513530,2023-03-24,0.955,0.958,0.945,0.946
513530,2023-03-27,0.945,0.945,0.929,0.936
513530,2023-03-28,0.936,0.948,0.933,0.943
513530,2023-03-29,0.944,0.961,0.935,0.941
513530,2023-03-30,0.938,0.952,0.935,0.951
513530,2023-03-31,0.953,0.957,0.946,0.952
513530,2023-04-03,0.952,0.961,0.944,0.947
513530,2023-04-04,0.95,0.959,0.946,0.958
513530,2023-04-06,0.955,0.956,0.947,0.95
513530,2023-04-07,0.955,0.96,0.953,0.96
513530,2023-04-10,0.96,0.96,0.951,0.956
513530,2023-04-11,0.958,0.969,0.958,0.963
513530,2023-04-12,0.962,0.981,0.962,0.979
513530,2023-04-13,0.968,0.98,0.967,0.975
513530,2023-04-14,0.98,0.99,0.979,0.989
513530,2023-04-17,0.989,1.015,0.989,1.014
513530,2023-04-18,1.014,1.019,1.009,1.016
513530,2023-04-19,1.019,1.019,1.007,1.008
513530,2023-04-20,1.001,1.015,1.001,1.013
513530,2023-04-21,1.013,1.017,1,1.001
513530,2023-04-24,1.002,1.009,0.988,0.989
513530,2023-04-25,0.992,1.001,0.986,0.991
513530,2023-04-26,0.992,0.994,0.982,0.988
513530,2023-04-27,0.989,0.995,0.98,0.99
513530,2023-04-28,0.996,1.013,0.993,1.013
513530,2023-05-04,1.006,1.02,0.983,1.019
513530,2023-05-05,1.028,1.038,1.017,1.025
513530,2023-05-08,1.03,1.07,1.03,1.07
513530,2023-05-09,1.074,1.085,1.052,1.057
513530,2023-05-10,1.054,1.065,1.045,1.046
513530,2023-05-11,1.046,1.056,1.039,1.042
513530,2023-05-12,1.044,1.048,1.018,1.019
513530,2023-05-15,1.02,1.036,1.012,1.03
513530,2023-05-16,1.031,1.045,1.023,1.024
513530,2023-05-17,1.026,1.03,1.017,1.018
513530,2023-05-18,1.018,1.036,1.018,1.027
513530,2023-05-19,1.029,1.035,1.019,1.027
513530,2023-05-22,1.027,1.035,1.023,1.028
513530,2023-05-23,1.026,1.034,1.014,1.016
513530,2023-05-24,1.014,1.014,0.997,0.998
513530,2023-05-25,0.989,0.993,0.971,0.979
513530,2023-05-26,0.977,0.977,0.968,0.975
513530,2023-05-29,0.99,0.99,0.976,0.981
513530,2023-05-30,0.976,0.984,0.964,0.968
513530,2023-05-31,0.965,0.967,0.937,0.941
513530,2023-06-01,0.941,0.952,0.935,0.946
513530,2023-06-02,0.964,0.97,0.955,0.965
513530,2023-06-05,0.97,0.975,0.961,0.973
513530,2023-06-06,0.977,0.993,0.972,0.972
513530,2023-06-07,0.976,0.985,0.976,0.98
513530,2023-06-08,0.981,1.003,0.981,1
513530,2023-06-09,1,1.006,0.995,1.003
513530,2023-06-12,1.003,1.005,0.994,0.997
513530,2023-06-13,0.996,0.997,0.982,0.991
513530,2023-06-14,0.991,1.003,0.981,0.983
513530,2023-06-15,0.986,0.996,0.98,0.996
513530,2023-06-16,0.996,1.009,0.996,1.002
513530,2023-06-19,1.002,1.003,0.995,0.996
513530,2023-06-20,0.996,1,0.984,0.986
513530,2023-06-21,0.983,0.988,0.98,0.98
513530,2023-06-26,0.978,0.978,0.96,0.964
513530,2023-06-27,0.967,0.992,0.967,0.989
513530,2023-06-28,0.99,0.993,0.986,0.992
513530,2023-06-29,0.992,0.995,0.983,0.983
513530,2023-06-30,0.983,1.006,0.983,1.001
513530,2023-07-03,1.001,1.02,1.001,1.017
513530,2023-07-04,1.017,1.024,1.014,1.016
513530,2023-07-05,1.016,1.02,1.008,1.01
513530,2023-07-06,1.009,1.013,0.994,0.999
513530,2023-07-07,0.995,0.996,0.982,0.987
513530,2023-07-10,0.998,1,0.977,0.979
513530,2023-07-11,0.985,0.986,0.976,0.978
513530,2023-07-12,0.979,0.985,0.979,0.98
513530,2023-07-13,0.983,0.996,0.983,0.995
513530,2023-07-14,0.997,1.003,0.995,0.999
513530,2023-07-17,0.999,1,0.987,0.99
513530,2023-07-18,0.992,0.996,0.983,0.983
513530,2023-07-19,0.982,0.998,0.98,0.997
513530,2023-07-20,0.997,1.005,0.994,0.996
513530,2023-07-21,0.996,0.997,0.987,0.992
513530,2023-07-24,0.99,0.998,0.98,0.982
513530,2023-07-25,0.991,1.012,0.991,1.008
513530,2023-07-26,1.012,1.016,1.006,1.011
513530,2023-07-27,1.013,1.02,1.01,1.011
513530,2023-07-28,1.007,1.032,1.005,1.032
513530,2023-07-31,1.051,1.052,1.034,1.039
513530,2023-08-01,1.038,1.041,1.022,1.025
513530,2023-08-02,1.024,1.03,1.006,1.007
513530,2023-08-03,1.006,1.016,1,1.011
513530,2023-08-04,1.016,1.025,1.01,1.011
513530,2023-08-07,1.009,1.016,1.004,1.014
513530,2023-08-08,1.011,1.021,1.007,1.017
513530,2023-08-09,1.014,1.016,1.01,1.012
513530,2023-08-10,1.014,1.027,1.014,1.021
513530,2023-08-11,1.021,1.021,1.006,1.006
513530,2023-08-14,1.004,1.004,0.99,0.998
513530,2023-08-15,1,1.008,0.998,1.005
513530,2023-08-16,1.004,1.004,0.983,0.983
513530,2023-08-17,0.979,0.979,0.964,0.978
513530,2023-08-18,0.979,0.991,0.97,0.97
513530,2023-08-21,0.964,0.965,0.941,0.944
513530,2023-08-22,0.945,0.963,0.944,0.957
513530,2023-08-23,0.959,0.967,0.955,0.955
513530,2023-08-24,0.959,0.966,0.957,0.96
513530,2023-08-25,0.96,0.969,0.957,0.961
513530,2023-08-28,0.995,1.001,0.967,0.969
513530,2023-08-29,0.969,0.983,0.969,0.98
513530,2023-08-30,0.98,0.989,0.976,0.976
513530,2023-08-31,0.977,0.98,0.968,0.971
513530,2023-09-01,0.969,0.98,0.963,0.975
513530,2023-09-04,0.975,1.006,0.975,1
513530,2023-09-05,1.003,1.004,0.994,1.001
513530,2023-09-06,1.001,1.001,0.99,0.994
513530,2023-09-07,0.992,0.999,0.99,0.994
513530,2023-09-08,0.995,0.997,0.986,0.988
513530,2023-09-11,0.988,0.996,0.984,0.984
513530,2023-09-12,0.989,0.991,0.973,0.975
513530,2023-09-13,0.981,0.984,0.969,0.972
513530,2023-09-14,0.972,0.997,0.972,0.996
513530,2023-09-15,1.001,1.015,1.001,1.005
513530,2023-09-18,1.006,1.006,0.991,1
513530,2023-09-19,1.001,1.021,1.001,1.019
513530,2023-09-20,1.02,1.027,1.013,1.022
513530,2023-09-21,1.01,1.024,1.009,1.009
513530,2023-09-22,1.005,1.02,1.003,1.019
513530,2023-09-25,1.02,1.024,1.01,1.011
513530,2023-09-26,1.007,1.011,0.995,0.997
513530,2023-09-27,0.996,0.999,0.992,0.995
513530,2023-09-28,1.002,1.004,0.99,0.992
513530,2023-10-09,0.985,0.985,0.96,0.978
513530,2023-10-10,0.982,0.988,0.971,0.974
513530,2023-10-11,0.976,0.983,0.974,0.976
513530,2023-10-12,0.981,0.997,0.981,0.991
513530,2023-10-13,0.986,0.988,0.978,0.981
513530,2023-10-16,0.982,0.989,0.976,0.976
513530,2023-10-17,0.979,0.986,0.975,0.985
513530,2023-10-18,0.984,0.988,0.978,0.981
513530,2023-10-19,0.976,0.976,0.958,0.958
513530,2023-10-20,0.956,0.962,0.949,0.952
513530,2023-10-23,0.95,0.95,0.94,0.943
513530,2023-10-24,0.944,0.946,0.934,0.939
513530,2023-10-25,0.959,0.961,0.941,0.943
513530,2023-10-26,0.943,0.947,0.934,0.943
513530,2023-10-27,0.944,0.961,0.943,0.954
513530,2023-10-30,0.952,0.954,0.938,0.943
513530,2023-10-31,0.943,0.944,0.932,0.939
513530,2023-11-01,0.943,0.946,0.93,0.941
513530,2023-11-02,0.944,0.954,0.944,0.947
513530,2023-11-03,0.951,0.96,0.95,0.957
513530,2023-11-06,0.971,0.971,0.945,0.948
513530,2023-11-07,0.945,0.945,0.933,0.935
513530,2023-11-08,0.935,0.935,0.924,0.926
513530,2023-11-09,0.927,0.934,0.926,0.933
513530,2023-11-10,0.93,0.931,0.921,0.929
513530,2023-11-13,0.929,0.933,0.923,0.933
513530,2023-11-14,0.935,0.945,0.935,0.941
513530,2023-11-15,0.949,0.964,0.949,0.958
513530,2023-11-16,0.961,0.963,0.953,0.959
513530,2023-11-17,0.956,0.956,0.941,0.943
513530,2023-11-20,0.945,0.953,0.94,0.946
513530,2023-11-21,0.952,0.961,0.949,0.951
513530,2023-11-22,0.95,0.951,0.944,0.945
513530,2023-11-23,0.945,0.952,0.942,0.952
513530,2023-11-24,0.953,0.955,0.949,0.952
513530,2023-11-27,0.956,0.956,0.942,0.948
513530,2023-11-28,0.948,0.949,0.944,0.948
513530,2023-11-29,0.946,0.948,0.926,0.928
513530,2023-11-30,0.928,0.936,0.925,0.935
513530,2023-12-01,0.933,0.94,0.932,0.937
513530,2023-12-04,0.939,0.944,0.933,0.936
513530,2023-12-05,0.936,0.936,0.913,0.913
513530,2023-12-06,0.915,0.926,0.91,0.923
513530,2023-12-07,0.923,0.924,0.905,0.91
513530,2023-12-08,0.911,0.915,0.908,0.91
513530,2023-12-11,0.908,0.911,0.891,0.905
513530,2023-12-12,0.907,0.924,0.906,0.924
513530,2023-12-13,0.924,0.924,0.897,0.898
513530,2023-12-14,0.905,0.912,0.9,0.901
513530,2023-12-15,0.906,0.932,0.906,0.921
513530,2023-12-18,0.913,0.941,0.913,0.937
513530,2023-12-19,0.938,0.941,0.931,0.935
513530,2023-12-20,0.938,0.942,0.927,0.927
513530,2023-12-21,0.927,0.943,0.923,0.94
513530,2023-12-22,0.941,0.961,0.941,0.952
513530,2023-12-25,0.953,0.955,0.946,0.948
513530,2023-12-26,0.949,0.951,0.947,0.947
513530,2023-12-27,0.947,0.958,0.937,0.955
513530,2023-12-28,0.955,0.969,0.953,0.967
513530,2023-12-29,0.961,0.966,0.957,0.962
513530,2024-01-02,0.967,0.976,0.964,0.971
513530,2024-01-03,0.968,0.983,0.962,0.982
513530,2024-01-04,0.984,0.993,0.983,0.985
513530,2024-01-05,0.985,1.008,0.985,0.991
513530,2024-01-08,0.996,1.002,0.973,0.974
513530,2024-01-09,0.972,0.972,0.953,0.966
513530,2024-01-10,0.957,0.966,0.95,0.951
513530,2024-01-11,0.953,0.965,0.952,0.958
513530,2024-01-12,0.958,0.968,0.958,0.965
513530,2024-01-15,0.966,0.976,0.964,0.969
513530,2024-01-16,0.966,0.977,0.957,0.961
513530,2024-01-17,0.961,0.961,0.917,0.918
513530,2024-01-18,0.917,0.935,0.913,0.931
513530,2024-01-19,0.933,0.934,0.914,0.917
513530,2024-01-22,0.917,0.92,0.886,0.891
513530,2024-01-23,0.893,0.921,0.891,0.915
513530,2024-01-24,0.919,0.941,0.918,0.941
513530,2024-01-25,0.947,0.978,0.944,0.978
513530,2024-01-26,0.974,0.984,0.97,0.979
513530,2024-01-29,0.985,0.99,0.974,0.977
513530,2024-01-30,0.975,0.975,0.953,0.953
513530,2024-01-31,0.952,0.959,0.941,0.948
513530,2024-02-01,0.943,0.957,0.94,0.945
513530,2024-02-02,0.95,0.965,0.934,0.946
513530,2024-02-05,0.944,0.949,0.93,0.941
513530,2024-02-06,0.942,0.972,0.942,0.971
513530,2024-02-07,0.972,0.98,0.967,0.967
513530,2024-02-08,0.969,0.977,0.961,0.963
513530,2024-02-19,0.964,0.981,0.962,0.98
513530,2024-02-20,0.974,0.992,0.974,0.99
513530,2024-02-21,0.99,1.017,0.988,1.006
513530,2024-02-22,1.006,1.034,1.006,1.032
513530,2024-02-23,1.047,1.055,1.035,1.039
513530,2024-02-26,1.037,1.042,1.021,1.023
513530,2024-02-27,1.02,1.021,1.008,1.019
513530,2024-02-28,1.021,1.029,1.009,1.01
513530,2024-02-29,1.01,1.018,1.007,1.011
513530,2024-03-01,1.012,1.012,1,1.005
513530,2024-03-04,1.005,1.012,1.001,1.006
513530,2024-03-05,1.007,1.009,0.992,0.998
513530,2024-03-06,0.999,1.007,0.996,1.002
513530,2024-03-07,1.002,1.023,1.002,1.009
513530,2024-03-08,1.014,1.033,1.01,1.033
513530,2024-03-11,1.041,1.049,1.021,1.024
513530,2024-03-12,1.025,1.041,1.018,1.04
513530,2024-03-13,1.038,1.039,1.03,1.032
513530,2024-03-14,1.03,1.039,1.025,1.027
513530,2024-03-15,1.022,1.026,1.001,1.008
513530,2024-03-18,1.011,1.015,1.006,1.011
513530,2024-03-19,1.009,1.011,0.996,0.998
513530,2024-03-20,0.997,1.007,0.992,1.003
513530,2024-03-21,1.013,1.026,1.005,1.023
513530,2024-03-22,1.019,1.019,0.984,0.995
513530,2024-03-25,0.991,1,0.985,0.99
513530,2024-03-26,0.994,0.995,0.975,0.983
513530,2024-03-27,0.979,0.988,0.973,0.977
513530,2024-03-28,0.977,0.983,0.967,0.98
513530,2024-03-29,0.978,0.983,0.972,0.982
513530,2024-04-01,0.983,0.991,0.979,0.99
513530,2024-04-02,0.993,1.01,0.993,1
513530,2024-04-03,0.998,1.004,0.995,1.004
513530,2024-04-08,0.997,1.016,0.991,1.009
513530,2024-04-09,1.013,1.017,1.002,1.004
513530,2024-04-10,1.005,1.023,1.004,1.022
513530,2024-04-11,1.02,1.024,1.01,1.022
513530,2024-04-12,1.022,1.022,1.01,1.011
513530,2024-04-15,1.01,1.022,1.002,1.018
513530,2024-04-16,1.017,1.019,1.002,1.005
513530,2024-04-17,1.002,1.01,0.998,1.006
513530,2024-04-18,1.006,1.023,1.005,1.019
513530,2024-04-19,1.013,1.028,1.011,1.027
513530,2024-04-22,1.032,1.049,1.027,1.028
513530,2024-04-23,1.03,1.033,1.02,1.02
513530,2024-04-24,1.023,1.039,1.023,1.039
513530,2024-04-25,1.038,1.059,1.038,1.052
513530,2024-04-26,1.055,1.077,1.055,1.077
513530,2024-04-29,1.079,1.093,1.071,1.08
513530,2024-04-30,1.081,1.116,1.081,1.099
513530,2024-05-06,1.106,1.127,1.106,1.127
513530,2024-05-07,1.127,1.151,1.119,1.151
513530,2024-05-08,1.151,1.16,1.139,1.14
513530,2024-05-09,1.138,1.18,1.137,1.171
513530,2024-05-10,1.195,1.222,1.195,1.218
513530,2024-05-13,1.22,1.286,1.219,1.272
513530,2024-05-14,1.29,1.342,1.224,1.227
513530,2024-05-15,1.234,1.247,1.215,1.223
513530,2024-05-16,1.234,1.238,1.224,1.23
513530,2024-05-17,1.233,1.246,1.23,1.243
513530,2024-05-20,1.248,1.261,1.247,1.257
513530,2024-05-21,1.257,1.257,1.236,1.24
513530,2024-05-22,1.239,1.248,1.238,1.239
513530,2024-05-23,1.233,1.235,1.215,1.235
513530,2024-05-24,1.23,1.237,1.218,1.222
513530,2024-05-27,1.226,1.262,1.225,1.255
513530,2024-05-28,1.259,1.278,1.257,1.274
513530,2024-05-29,1.282,1.283,1.253,1.262
513530,2024-05-30,1.257,1.259,1.225,1.229
513530,2024-05-31,1.236,1.248,1.229,1.233
513530,2024-06-03,1.233,1.255,1.233,1.243
513530,2024-06-04,1.236,1.24,1.222,1.237
513530,2024-06-05,1.232,1.245,1.22,1.22
513530,2024-06-06,1.23,1.243,1.226,1.231
513530,2024-06-07,1.236,1.24,1.227,1.234
513530,2024-06-11,1.238,1.238,1.182,1.194
513530,2024-06-12,1.184,1.197,1.174,1.193
513530,2024-06-13,1.197,1.201,1.185,1.188
513530,2024-06-14,1.181,1.208,1.181,1.202
513530,2024-06-17,1.202,1.202,1.182,1.182
513530,2024-06-18,1.186,1.207,1.184,1.205
513530,2024-06-19,1.208,1.24,1.208,1.239
513530,2024-06-20,1.241,1.275,1.241,1.256
513530,2024-06-21,1.251,1.253,1.226,1.231
513530,2024-06-24,1.23,1.231,1.214,1.218
513530,2024-06-25,1.228,1.245,1.223,1.225
513530,2024-06-26,1.225,1.232,1.218,1.226
513530,2024-06-27,1.227,1.232,1.198,1.198
513530,2024-06-28,1.198,1.231,1.193,1.217
513530,2024-07-01,1.219,1.243,1.219,1.24
513530,2024-07-02,1.24,1.266,1.235,1.25
513530,2024-07-03,1.25,1.266,1.249,1.256
513530,2024-07-04,1.266,1.27,1.256,1.269
513530,2024-07-05,1.273,1.278,1.241,1.242
513530,2024-07-08,1.241,1.241,1.218,1.22
513530,2024-07-09,1.22,1.227,1.207,1.223
513530,2024-07-10,1.218,1.223,1.191,1.194
513530,2024-07-11,1.194,1.21,1.193,1.205
513530,2024-07-12,1.211,1.22,1.203,1.211
513530,2024-07-15,1.214,1.219,1.2,1.202
513530,2024-07-16,1.199,1.199,1.182,1.185
513530,2024-07-17,1.185,1.188,1.155,1.16
513530,2024-07-18,1.165,1.178,1.156,1.178
513530,2024-07-19,1.181,1.182,1.132,1.133
513530,2024-07-22,1.136,1.142,1.114,1.14
513530,2024-07-23,1.146,1.158,1.142,1.142
513530,2024-07-24,1.142,1.148,1.134,1.143
513530,2024-07-25,1.146,1.146,1.112,1.115
513530,2024-07-26,1.115,1.135,1.109,1.115
513530,2024-07-29,1.116,1.138,1.116,1.136
513530,2024-07-30,1.133,1.133,1.11,1.117
513530,2024-07-31,1.115,1.138,1.112,1.136
513530,2024-08-01,1.139,1.15,1.134,1.143
513530,2024-08-02,1.13,1.13,1.116,1.124
513530,2024-08-05,1.115,1.115,1.065,1.072
513530,2024-08-06,1.096,1.096,1.068,1.072
513530,2024-08-07,1.072,1.101,1.072,1.091
513530,2024-08-08,1.102,1.103,1.077,1.087
513530,2024-08-09,1.094,1.103,1.089,1.09
513530,2024-08-12,1.093,1.101,1.089,1.097
513530,2024-08-13,1.1,1.115,1.1,1.106
513530,2024-08-14,1.11,1.11,1.098,1.099
513530,2024-08-15,1.095,1.123,1.093,1.116
513530,2024-08-16,1.126,1.139,1.123,1.132
513530,2024-08-19,1.132,1.142,1.131,1.133
513530,2024-08-20,1.136,1.138,1.118,1.121
513530,2024-08-21,1.118,1.118,1.108,1.118
513530,2024-08-22,1.121,1.131,1.111,1.13
513530,2024-08-23,1.123,1.128,1.119,1.127
513530,2024-08-26,1.132,1.14,1.127,1.138
513530,2024-08-27,1.136,1.161,1.13,1.16
513530,2024-08-28,1.161,1.162,1.141,1.148
513530,2024-08-29,1.147,1.147,1.123,1.13
513530,2024-08-30,1.131,1.15,1.131,1.142
513530,2024-09-02,1.131,1.141,1.121,1.127
513530,2024-09-03,1.127,1.137,1.116,1.116
513530,2024-09-04,1.108,1.116,1.094,1.096
513530,2024-09-05,1.097,1.103,1.085,1.086
513530,2024-09-06,1.087,1.094,1.083,1.084
513530,2024-09-09,1.082,1.084,1.053,1.057
513530,2024-09-10,1.06,1.066,1.054,1.061
513530,2024-09-11,1.054,1.057,1.029,1.038
513530,2024-09-12,1.042,1.056,1.036,1.052
513530,2024-09-13,1.055,1.074,1.055,1.062
513530,2024-09-18,1.074,1.086,1.074,1.085
513530,2024-09-19,1.087,1.102,1.08,1.101
513530,2024-09-20,1.105,1.12,1.096,1.111
513530,2024-09-23,1.113,1.135,1.113,1.128
513530,2024-09-24,1.139,1.178,1.139,1.176
513530,2024-09-25,1.202,1.228,1.182,1.184
513530,2024-09-26,1.198,1.211,1.182,1.21
513530,2024-09-27,1.252,1.28,1.217,1.225
513530,2024-09-30,1.241,1.31,1.24,1.277
513530,2024-10-08,1.413,1.418,1.26,1.301
513530,2024-10-09,1.29,1.29,1.197,1.223
513530,2024-10-10,1.24,1.308,1.24,1.274
513530,2024-10-11,1.291,1.291,1.235,1.243
513530,2024-10-14,1.27,1.318,1.27,1.302
513530,2024-10-15,1.301,1.308,1.259,1.26
513530,2024-10-16,1.256,1.297,1.256,1.287
513530,2024-10-17,1.296,1.311,1.267,1.268
513530,2024-10-18,1.268,1.304,1.261,1.29
513530,2024-10-21,1.3,1.305,1.286,1.291
513530,2024-10-22,1.29,1.306,1.289,1.295
513530,2024-10-23,1.301,1.317,1.296,1.307
513530,2024-10-24,1.299,1.308,1.295,1.304
513530,2024-10-25,1.307,1.315,1.298,1.299
513530,2024-10-28,1.302,1.306,1.294,1.303
513530,2024-10-29,1.311,1.313,1.283,1.283
513530,2024-10-30,1.281,1.292,1.26,1.264
513530,2024-10-31,1.267,1.281,1.261,1.267
513530,2024-11-01,1.275,1.296,1.268,1.285
513530,2024-11-04,1.294,1.296,1.275,1.289
513530,2024-11-05,1.287,1.32,1.285,1.314
513530,2024-11-06,1.31,1.327,1.301,1.303
513530,2024-11-07,1.304,1.343,1.3,1.339
513530,2024-11-08,1.356,1.361,1.319,1.322
513530,2024-11-11,1.306,1.313,1.291,1.3
513530,2024-11-12,1.301,1.316,1.26,1.265
513530,2024-11-13,1.263,1.277,1.258,1.266
513530,2024-11-14,1.27,1.274,1.243,1.244
513530,2024-11-15,1.248,1.26,1.246,1.255
513530,2024-11-18,1.262,1.286,1.256,1.272
513530,2024-11-19,1.279,1.283,1.265,1.274
513530,2024-11-20,1.273,1.282,1.272,1.276
513530,2024-11-21,1.273,1.282,1.273,1.275
513530,2024-11-22,1.272,1.281,1.228,1.23
513530,2024-11-25,1.238,1.248,1.233,1.242
513530,2024-11-26,1.235,1.239,1.224,1.227
513530,2024-11-27,1.226,1.23,1.213,1.23
513530,2024-11-28,1.231,1.233,1.213,1.214
513530,2024-11-29,1.219,1.228,1.212,1.215
513530,2024-12-02,1.222,1.238,1.221,1.231
513530,2024-12-03,1.232,1.26,1.232,1.257
513530,2024-12-04,1.256,1.272,1.25,1.266
513530,2024-12-05,1.257,1.265,1.254,1.257
513530,2024-12-06,1.264,1.281,1.264,1.276
513530,2024-12-09,1.277,1.292,1.271,1.286
513530,2024-12-10,1.34,1.348,1.292,1.294
513530,2024-12-11,1.296,1.311,1.289,1.291
513530,2024-12-12,1.292,1.309,1.289,1.306
513530,2024-12-13,1.299,1.299,1.275,1.278
513530,2024-12-16,1.278,1.295,1.278,1.293
513530,2024-12-17,1.288,1.29,1.276,1.278
513530,2024-12-18,1.284,1.292,1.283,1.287
513530,2024-12-19,1.273,1.285,1.271,1.283
513530,2024-12-20,1.279,1.281,1.26,1.262
513530,2024-12-23,1.268,1.285,1.263,1.28
513530,2024-12-24,1.282,1.327,1.282,1.325
513530,2024-12-25,1.328,1.365,1.31,1.331
513530,2024-12-26,1.336,1.366,1.323,1.331
513530,2024-12-27,1.326,1.326,1.308,1.311
513530,2024-12-30,1.314,1.337,1.314,1.324
513530,2024-12-31,1.325,1.34,1.317,1.318
513530,2025-01-02,1.318,1.323,1.288,1.292
513530,2025-01-03,1.298,1.312,1.295,1.301
513530,2025-01-06,1.301,1.312,1.296,1.298
513530,2025-01-07,1.295,1.295,1.271,1.276
513530,2025-01-08,1.275,1.287,1.264,1.272
513530,2025-01-09,1.274,1.274,1.255,1.261
513530,2025-01-10,1.26,1.27,1.248,1.251
513530,2025-01-13,1.247,1.259,1.24,1.258
513530,2025-01-14,1.26,1.274,1.258,1.272
513530,2025-01-15,1.271,1.282,1.267,1.27
513530,2025-01-16,1.285,1.287,1.27,1.276
513530,2025-01-17,1.275,1.277,1.268,1.277
513530,2025-01-20,1.28,1.285,1.267,1.267
513530,2025-01-21,1.272,1.274,1.262,1.265
513530,2025-01-22,1.266,1.266,1.254,1.255
513530,2025-01-23,1.269,1.274,1.262,1.265
513530,2025-01-24,1.266,1.275,1.263,1.275
513530,2025-01-27,1.277,1.293,1.277,1.285
513530,2025-02-05,1.283,1.29,1.277,1.284
513530,2025-02-06,1.284,1.295,1.283,1.288
513530,2025-02-07,1.287,1.292,1.278,1.285
513530,2025-02-10,1.295,1.299,1.288,1.29
513530,2025-02-11,1.292,1.3,1.292,1.296
513530,2025-02-12,1.299,1.323,1.299,1.321
513530,2025-02-13,1.322,1.327,1.3,1.315
513530,2025-02-14,1.314,1.315,1.3,1.305
513530,2025-02-17,1.311,1.323,1.305,1.322
513530,2025-02-18,1.322,1.337,1.319,1.324
513530,2025-02-19,1.323,1.328,1.318,1.321
513530,2025-02-20,1.319,1.321,1.307,1.315
513530,2025-02-21,1.318,1.328,1.318,1.326
513530,2025-02-24,1.325,1.331,1.307,1.323
513530,2025-02-25,1.303,1.316,1.302,1.304
513530,2025-02-26,1.307,1.325,1.304,1.32
513530,2025-02-27,1.321,1.322,1.311,1.322
513530,2025-02-28,1.321,1.322,1.303,1.306
513530,2025-03-03,1.31,1.327,1.309,1.319
513530,2025-03-04,1.317,1.317,1.295,1.312
513530,2025-03-05,1.313,1.329,1.312,1.328
513530,2025-03-06,1.332,1.336,1.323,1.328
513530,2025-03-07,1.327,1.338,1.325,1.332
513530,2025-03-10,1.332,1.34,1.325,1.336
513530,2025-03-11,1.329,1.339,1.323,1.338
513530,2025-03-12,1.339,1.343,1.335,1.338
513530,2025-03-13,1.339,1.347,1.329,1.335
513530,2025-03-14,1.338,1.359,1.338,1.356
513530,2025-03-17,1.356,1.369,1.347,1.369
513530,2025-03-18,1.377,1.377,1.364,1.375
513530,2025-03-19,1.375,1.38,1.371,1.376
513530,2025-03-20,1.375,1.38,1.369,1.37
513530,2025-03-21,1.37,1.375,1.345,1.354
513530,2025-03-24,1.36,1.367,1.351,1.36
513530,2025-03-25,1.357,1.361,1.343,1.345
513530,2025-03-26,1.346,1.354,1.339,1.342
513530,2025-03-27,1.34,1.355,1.34,1.348
513530,2025-03-28,1.348,1.352,1.327,1.334
513530,2025-03-31,1.333,1.348,1.322,1.337
513530,2025-04-01,1.34,1.355,1.339,1.354
513530,2025-04-02,1.35,1.364,1.348,1.36
513530,2025-04-03,1.35,1.357,1.34,1.353
513530,2025-04-07,1.26,1.278,1.204,1.207
513530,2025-04-08,1.215,1.23,1.211,1.22
513530,2025-04-09,1.214,1.234,1.186,1.226
513530,2025-04-10,1.244,1.284,1.244,1.261
513530,2025-04-11,1.263,1.28,1.249,1.273
513530,2025-04-14,1.284,1.306,1.284,1.305
513530,2025-04-15,1.306,1.314,1.304,1.308
513530,2025-04-16,1.306,1.313,1.292,1.298
513530,2025-04-17,1.298,1.31,1.295,1.303
513530,2025-04-18,1.307,1.307,1.296,1.303
513530,2025-04-21,1.314,1.314,1.3,1.308
513530,2025-04-22,1.304,1.311,1.3,1.309
513530,2025-04-23,1.317,1.323,1.313,1.317
513530,2025-04-24,1.317,1.322,1.31,1.312
513530,2025-04-25,1.312,1.326,1.312,1.32
513530,2025-04-28,1.321,1.331,1.314,1.33
513530,2025-04-29,1.331,1.333,1.322,1.326
513530,2025-04-30,1.323,1.329,1.311,1.319
513530,2025-05-06,1.322,1.326,1.311,1.324
513530,2025-05-07,1.35,1.352,1.332,1.342
513530,2025-05-08,1.345,1.345,1.335,1.335
513530,2025-05-09,1.338,1.352,1.336,1.349
513530,2025-05-12,1.349,1.364,1.349,1.356
513530,2025-05-13,1.37,1.379,1.36,1.375
513530,2025-05-14,1.38,1.411,1.377,1.409
513530,2025-05-15,1.412,1.418,1.401,1.404
513530,2025-05-16,1.401,1.403,1.39,1.399
513530,2025-05-19,1.394,1.413,1.394,1.407
513530,2025-05-20,1.412,1.433,1.411,1.43
513530,2025-05-21,1.432,1.448,1.426,1.442
513530,2025-05-22,1.443,1.448,1.437,1.442
513530,2025-05-23,1.44,1.449,1.435,1.436
513530,2025-05-26,1.434,1.451,1.432,1.44
513530,2025-05-27,1.443,1.446,1.432,1.434
513530,2025-05-28,1.435,1.448,1.435,1.441
513530,2025-05-29,1.444,1.45,1.44,1.444
513530,2025-05-30,1.44,1.448,1.437,1.44
513530,2025-06-03,1.436,1.454,1.435,1.449
513530,2025-06-04,1.449,1.452,1.445,1.448
513530,2025-06-05,1.453,1.454,1.439,1.445
513530,2025-06-06,1.444,1.454,1.442,1.446
513530,2025-06-09,1.446,1.453,1.446,1.453
513530,2025-06-10,1.454,1.486,1.454,1.479
513530,2025-06-11,1.482,1.503,1.481,1.496
513530,2025-06-12,1.499,1.504,1.493,1.5
513530,2025-06-13,1.502,1.52,1.499,1.512
513530,2025-06-16,1.528,1.528,1.508,1.522
513530,2025-06-17,1.523,1.529,1.512,1.513
513530,2025-06-18,1.517,1.528,1.505,1.514
513530,2025-06-19,1.516,1.516,1.478,1.479
513530,2025-06-20,1.487,1.508,1.48,1.498
513530,2025-06-23,1.505,1.517,1.49,1.514
513530,2025-06-24,1.51,1.526,1.507,1.525
513530,2025-06-25,1.529,1.529,1.515,1.524
513530,2025-06-26,1.527,1.527,1.515,1.517
513530,2025-06-27,1.517,1.525,1.497,1.502
513530,2025-06-30,1.502,1.504,1.49,1.498
513530,2025-07-01,1.502,1.505,1.499,1.503
513530,2025-07-02,1.506,1.528,1.506,1.525
513530,2025-07-03,1.524,1.534,1.515,1.524
513530,2025-07-04,1.521,1.527,1.515,1.518
513530,2025-07-07,1.523,1.523,1.514,1.521
513530,2025-07-08,1.524,1.527,1.513,1.514
513530,2025-07-09,1.514,1.523,1.507,1.521
513530,2025-07-10,1.52,1.548,1.52,1.546
513530,2025-07-11,1.55,1.577,1.548,1.569
513530,2025-07-14,1.568,1.583,1.565,1.569
513530,2025-07-15,1.573,1.578,1.554,1.563
513530,2025-07-16,1.565,1.574,1.561,1.567
513530,2025-07-17,1.566,1.568,1.556,1.557
513530,2025-07-18,1.562,1.566,1.556,1.563
513530,2025-07-21,1.567,1.59,1.567,1.589
513530,2025-07-22,1.591,1.619,1.584,1.613
513530,2025-07-23,1.615,1.63,1.613,1.623
513530,2025-07-24,1.621,1.634,1.618,1.63
513530,2025-07-25,1.63,1.644,1.624,1.634
513530,2025-07-28,1.639,1.643,1.626,1.629
513530,2025-07-29,1.629,1.632,1.615,1.623
513530,2025-07-30,1.622,1.641,1.621,1.628
513530,2025-07-31,1.63,1.63,1.595,1.598
513530,2025-08-01,1.599,1.607,1.587,1.594
513530,2025-08-04,1.592,1.593,1.572,1.588
513530,2025-08-05,1.591,1.606,1.585,1.605
513530,2025-08-06,1.606,1.621,1.601,1.608
513530,2025-08-07,1.612,1.623,1.6,1.623
513530,2025-08-08,1.622,1.627,1.616,1.622
513530,2025-08-11,1.625,1.626,1.611,1.616
513530,2025-08-12,1.618,1.637,1.618,1.636
513530,2025-08-13,1.638,1.648,1.633,1.643
513530,2025-08-14,1.644,1.653,1.63,1.635
513530,2025-08-15,1.635,1.637,1.625,1.636
513530,2025-08-18,1.637,1.639,1.629,1.632
513530,2025-08-19,1.631,1.634,1.623,1.625
513530,2025-08-20,1.624,1.626,1.606,1.625
513530,2025-08-21,1.625,1.635,1.622,1.624
513530,2025-08-22,1.629,1.633,1.614,1.618
513530,2025-08-25,1.62,1.632,1.62,1.628
513530,2025-08-26,1.624,1.625,1.61,1.613
513530,2025-08-27,1.614,1.615,1.586,1.587
513530,2025-08-28,1.588,1.605,1.588,1.602
513530,2025-08-29,1.603,1.61,1.581,1.586
513530,2025-09-01,1.587,1.588,1.57,1.573
513530,2025-09-02,1.574,1.583,1.57,1.577
513530,2025-09-03,1.58,1.585,1.566,1.568
513530,2025-09-04,1.572,1.575,1.55,1.56
513530,2025-09-05,1.563,1.584,1.556,1.583
513530,2025-09-08,1.582,1.595,1.576,1.594
513530,2025-09-09,1.595,1.605,1.59,1.597
513530,2025-09-10,1.601,1.625,1.6,1.623
513530,2025-09-11,1.621,1.63,1.614,1.629
513530,2025-09-12,1.633,1.636,1.62,1.622
513530,2025-09-15,1.623,1.628,1.617,1.62
513530,2025-09-16,1.626,1.632,1.609,1.612
513530,2025-09-17,1.612,1.62,1.608,1.615
513530,2025-09-18,1.619,1.619,1.581,1.586
513530,2025-09-19,1.586,1.599,1.586,1.592
513530,2025-09-22,1.593,1.593,1.563,1.567
513530,2025-09-23,1.567,1.575,1.557,1.561
513530,2025-09-24,1.564,1.574,1.558,1.565
513530,2025-09-25,1.565,1.567,1.544,1.545
513530,2025-09-26,1.543,1.559,1.538,1.558
513530,2025-09-29,1.558,1.567,1.549,1.564
513530,2025-09-30,1.561,1.569,1.552,1.559
513530,2025-10-09,1.552,1.562,1.542,1.561
513530,2025-10-10,1.56,1.579,1.552,1.567
513530,2025-10-13,1.564,1.564,1.538,1.556
513530,2025-10-14,1.563,1.593,1.56,1.574
513530,2025-10-15,1.582,1.599,1.578,1.596
513530,2025-10-16,1.6,1.621,1.593,1.618
513530,2025-10-17,1.621,1.635,1.598,1.599
513530,2025-10-20,1.616,1.62,1.599,1.614
513530,2025-10-21,1.615,1.624,1.614,1.618
513530,2025-10-22,1.612,1.614,1.602,1.612
513530,2025-10-23,1.611,1.634,1.61,1.632
513530,2025-10-24,1.631,1.637,1.627,1.632
513530,2025-10-27,1.636,1.648,1.629,1.648
513530,2025-10-28,1.65,1.65,1.635,1.64
513530,2025-10-29,1.641,1.653,1.64,1.652
513530,2025-10-30,1.653,1.659,1.636,1.647
513530,2025-10-31,1.647,1.654,1.636,1.638
513530,2025-11-03,1.639,1.67,1.638,1.668
513530,2025-11-04,1.67,1.689,1.665,1.667
513530,2025-11-05,1.667,1.672,1.649,1.667
513530,2025-11-06,1.669,1.696,1.669,1.695
513530,2025-11-07,1.702,1.706,1.696,1.704
513530,2025-11-10,1.712,1.726,1.706,1.724
513530,2025-11-11,1.728,1.736,1.71,1.716
513530,2025-11-12,1.721,1.747,1.721,1.745
513530,2025-11-13,1.751,1.755,1.724,1.736
513530,2025-11-14,1.736,1.736,1.714,1.717
513530,2025-11-17,1.718,1.718,1.696,1.7
513530,2025-11-18,1.7,1.704,1.667,1.672
513530,2025-11-19,1.672,1.687,1.671,1.677
513530,2025-11-20,1.679,1.686,1.67,1.672
513530,2025-11-21,1.667,1.669,1.64,1.641
513530,2025-11-24,1.646,1.648,1.629,1.636
513530,2025-11-25,1.64,1.655,1.639,1.649
513530,2025-11-26,1.651,1.658,1.646,1.647
513530,2025-11-27,1.645,1.654,1.637,1.643
513530,2025-11-28,1.644,1.65,1.633,1.634
513530,2025-12-01,1.635,1.644,1.634,1.643
513530,2025-12-02,1.645,1.662,1.645,1.656
513530,2025-12-03,1.657,1.665,1.643,1.647
513530,2025-12-04,1.648,1.658,1.648,1.656
513530,2025-12-05,1.656,1.661,1.647,1.659
513530,2025-12-08,1.66,1.662,1.643,1.645
513530,2025-12-09,1.645,1.645,1.617,1.62
513530,2025-12-10,1.621,1.622,1.587,1.593
513530,2025-12-11,1.601,1.613,1.591,1.592
513530,2025-12-12,1.597,1.608,1.594,1.605
513530,2025-12-15,1.602,1.614,1.595,1.609
513530,2025-12-16,1.61,1.619,1.574,1.579
513530,2025-12-17,1.58,1.583,1.571,1.581
513530,2025-12-18,1.582,1.586,1.573,1.584
513530,2025-12-19,1.59,1.594,1.579,1.582
513530,2025-12-22,1.585,1.586,1.573,1.576
513530,2025-12-23,1.58,1.594,1.576,1.583
513530,2025-12-24,1.585,1.586,1.574,1.58
513530,2025-12-25,1.579,1.58,1.576,1.579
513530,2025-12-26,1.579,1.585,1.577,1.584
513530,2025-12-29,1.584,1.584,1.562,1.565
513530,2025-12-30,1.565,1.572,1.561,1.569
513530,2025-12-31,1.57,1.57,1.553,1.558
513530,2026-01-05,1.562,1.564,1.548,1.551
513530,2026-01-06,1.554,1.56,1.549,1.56
513530,2026-01-07,1.56,1.565,1.552,1.555
513530,2026-01-08,1.555,1.556,1.544,1.545
513530,2026-01-09,1.548,1.553,1.545,1.549
513530,2026-01-12,1.55,1.553,1.537,1.545
513530,2026-01-13,1.547,1.565,1.547,1.557
513530,2026-01-14,1.559,1.564,1.55,1.556
513530,2026-01-15,1.555,1.569,1.554,1.559
513530,2026-01-16,1.561,1.565,1.539,1.545
513530,2026-01-19,1.545,1.55,1.535,1.54
513530,2026-01-20,1.537,1.545,1.53,1.543
513530,2026-01-21,1.544,1.55,1.541,1.543
513530,2026-01-22,1.545,1.568,1.545,1.565
513530,2026-01-23,1.568,1.573,1.554,1.556
513530,2026-01-26,1.557,1.573,1.552,1.568
513530,2026-01-27,1.572,1.585,1.57,1.584
513530,2026-01-28,1.585,1.621,1.585,1.62
513530,2026-01-29,1.619,1.643,1.615,1.639
513530,2026-01-30,1.639,1.646,1.61,1.619
513530,2026-02-02,1.616,1.616,1.572,1.58
513530,2026-02-03,1.59,1.608,1.587,1.604
513530,2026-02-04,1.605,1.632,1.604,1.629
513530,2026-02-05,1.627,1.633,1.61,1.631
513530,2026-02-06,1.622,1.635,1.611,1.63
513530,2026-02-09,1.635,1.65,1.635,1.644
513530,2026-02-10,1.647,1.652,1.641,1.648
513530,2026-02-11,1.649,1.655,1.642,1.653
513530,2026-02-12,1.657,1.663,1.65,1.656
513530,2026-02-13,1.652,1.652,1.636,1.641
513530,2026-02-24,1.658,1.676,1.657,1.671
513530,2026-02-25,1.677,1.685,1.665,1.673
513530,2026-02-26,1.677,1.677,1.654,1.66
513530,2026-02-27,1.651,1.661,1.641,1.66
513530,2026-03-02,1.661,1.674,1.642,1.666
513530,2026-03-03,1.662,1.691,1.659,1.671
513530,2026-03-04,1.671,1.671,1.63,1.636
513530,2026-03-05,1.645,1.671,1.645,1.656
513530,2026-03-06,1.65,1.67,1.645,1.669
513530,2026-03-09,1.669,1.675,1.649,1.652
513530,2026-03-10,1.655,1.665,1.649,1.655
513530,2026-03-11,1.651,1.672,1.647,1.671
513530,2026-03-12,1.671,1.675,1.658,1.67
513530,2026-03-13,1.669,1.669,1.645,1.647
513530,2026-03-16,1.649,1.658,1.641,1.653
513530,2026-03-17,1.655,1.667,1.654,1.655
513530,2026-03-18,1.657,1.664,1.647,1.659
513530,2026-03-19,1.659,1.662,1.652,1.654
513530,2026-03-20,1.654,1.66,1.647,1.654
513530,2026-03-23,1.65,1.65,1.603,1.606
513530,2026-03-24,1.618,1.636,1.614,1.634
513530,2026-03-25,1.638,1.643,1.627,1.639
513530,2026-03-26,1.645,1.654,1.639,1.64
513530,2026-03-27,1.638,1.652,1.633,1.647
513530,2026-03-30,1.642,1.645,1.631,1.644
513530,2026-03-31,1.643,1.647,1.622,1.625
513530,2026-04-01,1.635,1.646,1.633,1.641
513530,2026-04-02,1.639,1.646,1.632,1.638
513530,2026-04-03,1.64,1.646,1.636,1.638
513530,2026-04-07,1.638,1.647,1.636,1.64
513530,2026-04-08,1.652,1.652,1.636,1.648
513530,2026-04-09,1.646,1.652,1.64,1.651
513530,2026-04-10,1.656,1.664,1.655,1.661
513530,2026-04-13,1.651,1.663,1.651,1.662
513530,2026-04-14,1.667,1.668,1.661,1.668
513530,2026-04-15,1.671,1.671,1.657,1.658
513530,2026-04-16,1.659,1.661,1.655,1.66
513530,2026-04-17,1.66,1.66,1.647,1.651
513530,2026-04-20,1.658,1.658,1.646,1.654
513530,2026-04-21,1.654,1.672,1.653,1.672
513530,2026-04-22,1.67,1.671,1.656,1.657
513530,2026-04-23,1.658,1.665,1.654,1.663
513530,2026-04-24,1.661,1.665,1.655,1.664
513530,2026-04-27,1.665,1.666,1.655,1.658
513530,2026-04-28,1.657,1.659,1.648,1.659
513530,2026-04-29,1.661,1.678,1.66,1.676
513530,2026-04-30,1.676,1.676,1.66,1.661
513530,2026-05-06,1.66,1.667,1.651,1.666
513530,2026-05-07,1.667,1.67,1.658,1.663
513530,2026-05-08,1.659,1.66,1.649,1.654
513530,2026-05-11,1.654,1.658,1.652,1.658
513530,2026-05-12,1.658,1.665,1.657,1.664
513530,2026-05-13,1.664,1.666,1.659,1.662
513530,2026-05-14,1.663,1.666,1.655,1.658
513530,2026-05-15,1.658,1.66,1.65,1.653
513530,2026-05-18,1.658,1.658,1.643,1.645
513530,2026-05-19,1.647,1.654,1.645,1.651
513530,2026-05-20,1.651,1.653,1.643,1.646
513530,2026-05-21,1.649,1.651,1.638,1.639
513530,2026-05-22,1.641,1.642,1.624,1.633
513530,2026-05-25,1.632,1.634,1.626,1.628
513530,2026-05-26,1.627,1.631,1.619,1.628
513530,2026-05-27,1.626,1.626,1.61,1.616
513530,2026-05-28,1.615,1.615,1.584,1.587
513530,2026-05-29,1.587,1.609,1.586,1.607
513630,2023-12-08,0.967,0.972,0.965,0.968
513630,2023-12-11,0.966,0.971,0.952,0.967
513630,2023-12-12,0.967,0.98,0.964,0.98
513630,2023-12-13,0.98,0.98,0.967,0.969
513630,2023-12-14,0.974,0.979,0.972,0.972
513630,2023-12-15,0.979,0.992,0.974,0.985
513630,2023-12-18,0.984,0.988,0.979,0.984
513630,2023-12-19,0.983,0.985,0.98,0.98
513630,2023-12-20,0.983,0.987,0.981,0.985
513630,2023-12-21,0.985,0.99,0.979,0.989
513630,2023-12-22,0.987,0.993,0.983,0.988
513630,2023-12-25,0.985,0.99,0.984,0.988
513630,2023-12-26,0.992,0.992,0.984,0.985
513630,2023-12-27,0.986,1.002,0.986,0.995
513630,2023-12-28,0.996,1.009,0.996,1.007
513630,2023-12-29,1.007,1.009,1.002,1.006
513630,2024-01-02,1.006,1.012,1.003,1.006
513630,2024-01-03,1.003,1.011,1.003,1.009
513630,2024-01-04,1.009,1.013,1.009,1.011
513630,2024-01-05,1.011,1.029,1.009,1.017
513630,2024-01-08,1.017,1.024,0.996,0.998
513630,2024-01-09,0.998,1.006,0.997,1.003
513630,2024-01-10,1.003,1.004,0.993,0.994
513630,2024-01-11,0.995,1.003,0.991,1
513630,2024-01-12,0.998,1.006,0.996,1
513630,2024-01-15,1.002,1.013,0.999,1.007
513630,2024-01-16,1.006,1.015,0.999,1
513630,2024-01-17,0.998,0.999,0.97,0.972
513630,2024-01-18,0.971,0.978,0.965,0.976
513630,2024-01-19,0.977,0.978,0.963,0.963
513630,2024-01-22,0.963,0.966,0.933,0.937
513630,2024-01-23,0.94,0.965,0.937,0.958
513630,2024-01-24,0.962,0.978,0.961,0.976
513630,2024-01-25,0.983,1.018,0.979,1.016
513630,2024-01-26,1.016,1.029,1.012,1.021
513630,2024-01-29,1.021,1.036,1.021,1.021
513630,2024-01-30,1.021,1.021,1.001,1.002
513630,2024-01-31,0.999,1.01,0.995,0.997
513630,2024-02-01,0.997,1.006,0.993,0.995
513630,2024-02-02,0.997,1.017,0.994,1.001
513630,2024-02-05,0.999,1.006,0.99,1
513630,2024-02-06,0.999,1.022,0.999,1.017
513630,2024-02-07,1.023,1.033,1.017,1.028
513630,2024-02-08,1.098,1.098,1.004,1.013
513630,2024-02-19,1.019,1.044,1.016,1.037
513630,2024-02-20,1.034,1.044,1.032,1.04
513630,2024-02-21,1.039,1.066,1.038,1.049
513630,2024-02-22,1.047,1.08,1.041,1.068
513630,2024-02-23,1.071,1.083,1.069,1.072
513630,2024-02-26,1.067,1.07,1.054,1.054
513630,2024-02-27,1.053,1.062,1.049,1.057
513630,2024-02-28,1.058,1.07,1.056,1.059
513630,2024-02-29,1.054,1.059,1.048,1.051
513630,2024-03-01,1.051,1.052,1.036,1.04
513630,2024-03-04,1.041,1.044,1.034,1.039
513630,2024-03-05,1.034,1.039,1.025,1.033
513630,2024-03-06,1.034,1.04,1.026,1.037
513630,2024-03-07,1.038,1.055,1.037,1.042
513630,2024-03-08,1.042,1.057,1.042,1.055
513630,2024-03-11,1.055,1.062,1.042,1.044
513630,2024-03-12,1.046,1.057,1.039,1.056
513630,2024-03-13,1.056,1.057,1.046,1.053
513630,2024-03-14,1.053,1.061,1.05,1.053
513630,2024-03-15,1.051,1.053,1.039,1.044
513630,2024-03-18,1.045,1.052,1.043,1.048
513630,2024-03-19,1.045,1.052,1.038,1.041
513630,2024-03-20,1.04,1.045,1.039,1.042
513630,2024-03-21,1.045,1.062,1.045,1.06
513630,2024-03-22,1.056,1.058,1.046,1.047
513630,2024-03-25,1.044,1.054,1.044,1.048
513630,2024-03-26,1.049,1.05,1.032,1.041
513630,2024-03-27,1.04,1.04,1.025,1.028
513630,2024-03-28,1.026,1.029,1.012,1.024
513630,2024-03-29,1.024,1.03,1.022,1.029
513630,2024-04-01,1.029,1.036,1.026,1.035
513630,2024-04-02,1.035,1.048,1.034,1.04
513630,2024-04-03,1.039,1.041,1.033,1.035
513630,2024-04-08,1.029,1.042,1.019,1.033
513630,2024-04-09,1.033,1.043,1.033,1.037
513630,2024-04-10,1.038,1.044,1.036,1.042
513630,2024-04-11,1.033,1.045,1.032,1.043
513630,2024-04-12,1.042,1.042,1.024,1.025
513630,2024-04-15,1.021,1.038,1.019,1.031
513630,2024-04-16,1.029,1.036,1.025,1.028
513630,2024-04-17,1.029,1.032,1.023,1.03
513630,2024-04-18,1.029,1.043,1.026,1.035
513630,2024-04-19,1.033,1.035,1.025,1.034
513630,2024-04-22,1.039,1.05,1.036,1.036
513630,2024-04-23,1.038,1.045,1.032,1.036
513630,2024-04-24,1.041,1.058,1.04,1.055
513630,2024-04-25,1.056,1.068,1.053,1.063
513630,2024-04-26,1.067,1.074,1.064,1.072
513630,2024-04-29,1.071,1.096,1.063,1.093
513630,2024-04-30,1.092,1.097,1.081,1.083
513630,2024-05-06,1.096,1.097,1.088,1.093
513630,2024-05-07,1.09,1.1,1.089,1.091
513630,2024-05-08,1.091,1.102,1.088,1.089
513630,2024-05-09,1.089,1.104,1.089,1.099
513630,2024-05-10,1.11,1.159,1.109,1.158
513630,2024-05-13,1.158,1.172,1.154,1.167
513630,2024-05-14,1.166,1.175,1.155,1.158
513630,2024-05-15,1.154,1.158,1.145,1.149
513630,2024-05-16,1.151,1.184,1.151,1.176
513630,2024-05-17,1.18,1.196,1.176,1.189
513630,2024-05-20,1.193,1.202,1.192,1.196
513630,2024-05-21,1.192,1.196,1.177,1.179
513630,2024-05-22,1.179,1.19,1.179,1.183
513630,2024-05-23,1.18,1.181,1.16,1.17
513630,2024-05-24,1.164,1.173,1.155,1.155
513630,2024-05-27,1.161,1.183,1.16,1.18
513630,2024-05-28,1.182,1.203,1.176,1.177
513630,2024-05-29,1.177,1.179,1.158,1.163
513630,2024-05-30,1.158,1.166,1.14,1.143
513630,2024-05-31,1.151,1.161,1.146,1.15
513630,2024-06-03,1.15,1.165,1.149,1.157
513630,2024-06-04,1.156,1.161,1.145,1.16
513630,2024-06-05,1.165,1.168,1.145,1.146
513630,2024-06-06,1.152,1.164,1.148,1.149
513630,2024-06-07,1.153,1.161,1.149,1.154
513630,2024-06-11,1.149,1.152,1.122,1.133
513630,2024-06-12,1.134,1.134,1.115,1.128
513630,2024-06-13,1.131,1.137,1.127,1.13
513630,2024-06-14,1.129,1.144,1.128,1.136
513630,2024-06-17,1.137,1.137,1.121,1.124
513630,2024-06-18,1.128,1.136,1.121,1.135
513630,2024-06-19,1.137,1.165,1.136,1.161
513630,2024-06-20,1.163,1.177,1.162,1.162
513630,2024-06-21,1.16,1.162,1.146,1.15
513630,2024-06-24,1.146,1.147,1.134,1.138
513630,2024-06-25,1.144,1.158,1.143,1.145
513630,2024-06-26,1.144,1.159,1.134,1.157
513630,2024-06-27,1.154,1.156,1.134,1.135
513630,2024-06-28,1.135,1.163,1.135,1.159
513630,2024-07-01,1.159,1.18,1.156,1.176
513630,2024-07-02,1.177,1.185,1.169,1.173
513630,2024-07-03,1.176,1.187,1.174,1.182
513630,2024-07-04,1.187,1.193,1.182,1.187
513630,2024-07-05,1.183,1.192,1.169,1.176
513630,2024-07-08,1.174,1.177,1.164,1.167
513630,2024-07-09,1.167,1.172,1.157,1.168
513630,2024-07-10,1.17,1.17,1.149,1.152
513630,2024-07-11,1.155,1.168,1.155,1.168
513630,2024-07-12,1.17,1.187,1.17,1.183
513630,2024-07-15,1.185,1.19,1.176,1.177
513630,2024-07-16,1.176,1.179,1.165,1.17
513630,2024-07-17,1.17,1.171,1.154,1.157
513630,2024-07-18,1.156,1.165,1.153,1.16
513630,2024-07-19,1.158,1.158,1.131,1.133
513630,2024-07-22,1.133,1.141,1.12,1.138
513630,2024-07-23,1.139,1.16,1.138,1.145
513630,2024-07-24,1.146,1.155,1.142,1.151
513630,2024-07-25,1.152,1.153,1.127,1.131
513630,2024-07-26,1.136,1.14,1.118,1.123
513630,2024-07-29,1.126,1.144,1.124,1.143
513630,2024-07-30,1.138,1.138,1.124,1.126
513630,2024-07-31,1.128,1.139,1.121,1.136
513630,2024-08-01,1.134,1.148,1.128,1.144
513630,2024-08-02,1.14,1.14,1.124,1.13
513630,2024-08-05,1.125,1.125,1.09,1.103
513630,2024-08-06,1.103,1.112,1.095,1.099
513630,2024-08-07,1.098,1.12,1.097,1.11
513630,2024-08-08,1.111,1.123,1.106,1.122
513630,2024-08-09,1.123,1.133,1.121,1.122
513630,2024-08-12,1.122,1.124,1.115,1.119
513630,2024-08-13,1.12,1.127,1.119,1.126
513630,2024-08-14,1.128,1.128,1.12,1.121
513630,2024-08-15,1.12,1.138,1.115,1.127
513630,2024-08-16,1.129,1.141,1.129,1.133
513630,2024-08-19,1.135,1.148,1.133,1.146
513630,2024-08-20,1.15,1.153,1.131,1.133
513630,2024-08-21,1.128,1.131,1.121,1.126
513630,2024-08-22,1.128,1.129,1.122,1.128
513630,2024-08-23,1.127,1.132,1.125,1.13
513630,2024-08-26,1.134,1.147,1.131,1.145
513630,2024-08-27,1.145,1.156,1.143,1.152
513630,2024-08-28,1.149,1.157,1.145,1.148
513630,2024-08-29,1.143,1.152,1.138,1.14
513630,2024-08-30,1.144,1.155,1.141,1.15
513630,2024-09-02,1.147,1.147,1.126,1.129
513630,2024-09-03,1.132,1.133,1.117,1.123
513630,2024-09-04,1.117,1.117,1.102,1.105
513630,2024-09-05,1.107,1.112,1.105,1.107
513630,2024-09-06,1.111,1.114,1.104,1.104
513630,2024-09-09,1.103,1.108,1.084,1.088
513630,2024-09-10,1.088,1.096,1.085,1.095
513630,2024-09-11,1.091,1.091,1.067,1.071
513630,2024-09-12,1.075,1.088,1.069,1.087
513630,2024-09-13,1.088,1.101,1.086,1.093
513630,2024-09-18,1.106,1.116,1.104,1.115
513630,2024-09-19,1.122,1.122,1.122,1.122
513630,2024-09-20,1.124,1.138,1.116,1.122
513630,2024-09-23,1.122,1.14,1.122,1.134
513630,2024-09-24,1.146,1.17,1.146,1.169
513630,2024-09-25,1.187,1.222,1.174,1.175
513630,2024-09-26,1.175,1.207,1.169,1.199
513630,2024-09-27,1.217,1.233,1.195,1.217
513630,2024-09-30,1.246,1.268,1.217,1.25
513630,2024-10-08,1.376,1.376,1.246,1.277
513630,2024-10-09,1.254,1.276,1.185,1.196
513630,2024-10-10,1.213,1.279,1.213,1.253
513630,2024-10-11,1.265,1.266,1.22,1.232
513630,2024-10-14,1.254,1.28,1.239,1.273
513630,2024-10-15,1.262,1.275,1.232,1.234
513630,2024-10-16,1.221,1.26,1.22,1.253
513630,2024-10-17,1.26,1.273,1.236,1.236
513630,2024-10-18,1.243,1.273,1.235,1.262
513630,2024-10-21,1.27,1.27,1.25,1.255
513630,2024-10-22,1.255,1.265,1.246,1.253
513630,2024-10-23,1.257,1.274,1.253,1.26
513630,2024-10-24,1.259,1.261,1.249,1.255
513630,2024-10-25,1.261,1.262,1.249,1.249
513630,2024-10-28,1.247,1.26,1.243,1.253
513630,2024-10-29,1.258,1.261,1.243,1.244
513630,2024-10-30,1.248,1.249,1.223,1.226
513630,2024-10-31,1.227,1.238,1.217,1.219
513630,2024-11-01,1.223,1.245,1.221,1.231
513630,2024-11-04,1.235,1.244,1.223,1.233
513630,2024-11-05,1.231,1.256,1.23,1.25
513630,2024-11-06,1.25,1.26,1.24,1.243
513630,2024-11-07,1.244,1.277,1.244,1.273
513630,2024-11-08,1.283,1.29,1.257,1.26
513630,2024-11-11,1.251,1.251,1.236,1.241
513630,2024-11-12,1.243,1.256,1.215,1.219
513630,2024-11-13,1.219,1.228,1.213,1.218
513630,2024-11-14,1.219,1.224,1.207,1.208
513630,2024-11-15,1.208,1.224,1.208,1.217
513630,2024-11-18,1.222,1.245,1.222,1.227
513630,2024-11-19,1.233,1.238,1.23,1.235
513630,2024-11-20,1.232,1.243,1.23,1.237
513630,2024-11-21,1.236,1.24,1.234,1.234
513630,2024-11-22,1.234,1.238,1.199,1.2
513630,2024-11-25,1.204,1.21,1.198,1.203
513630,2024-11-26,1.2,1.205,1.194,1.197
513630,2024-11-27,1.201,1.208,1.194,1.207
513630,2024-11-28,1.208,1.21,1.2,1.204
513630,2024-11-29,1.204,1.213,1.2,1.201
513630,2024-12-02,1.206,1.221,1.204,1.212
513630,2024-12-03,1.213,1.243,1.213,1.242
513630,2024-12-04,1.245,1.245,1.228,1.238
513630,2024-12-05,1.237,1.239,1.232,1.234
513630,2024-12-06,1.237,1.254,1.237,1.25
513630,2024-12-09,1.251,1.26,1.24,1.247
513630,2024-12-10,1.288,1.292,1.257,1.259
513630,2024-12-11,1.264,1.27,1.257,1.261
513630,2024-12-12,1.26,1.279,1.257,1.278
513630,2024-12-13,1.276,1.276,1.252,1.256
513630,2024-12-16,1.254,1.268,1.251,1.257
513630,2024-12-17,1.255,1.258,1.243,1.243
513630,2024-12-18,1.247,1.263,1.247,1.261
513630,2024-12-19,1.254,1.258,1.245,1.249
513630,2024-12-20,1.249,1.249,1.244,1.249
513630,2024-12-23,1.25,1.265,1.25,1.26
513630,2024-12-24,1.261,1.291,1.261,1.279
513630,2024-12-25,1.279,1.293,1.274,1.286
513630,2024-12-26,1.287,1.288,1.277,1.283
513630,2024-12-27,1.281,1.285,1.273,1.283
513630,2024-12-30,1.283,1.295,1.28,1.289
513630,2024-12-31,1.288,1.348,1.285,1.288
513630,2025-01-02,1.298,1.3,1.255,1.256
513630,2025-01-03,1.262,1.27,1.256,1.263
513630,2025-01-06,1.268,1.272,1.26,1.265
513630,2025-01-07,1.262,1.264,1.248,1.254
513630,2025-01-08,1.257,1.293,1.24,1.25
513630,2025-01-09,1.252,1.257,1.247,1.254
513630,2025-01-10,1.251,1.256,1.24,1.24
513630,2025-01-13,1.238,1.241,1.218,1.229
513630,2025-01-14,1.229,1.243,1.229,1.242
513630,2025-01-15,1.241,1.249,1.239,1.242
513630,2025-01-16,1.255,1.259,1.249,1.257
513630,2025-01-17,1.256,1.263,1.25,1.256
513630,2025-01-20,1.264,1.271,1.258,1.266
513630,2025-01-21,1.265,1.268,1.256,1.261
513630,2025-01-22,1.256,1.261,1.24,1.242
513630,2025-01-23,1.248,1.264,1.246,1.246
513630,2025-01-24,1.253,1.259,1.249,1.257
513630,2025-01-27,1.257,1.271,1.257,1.265
513630,2025-02-05,1.271,1.271,1.251,1.251
513630,2025-02-06,1.252,1.262,1.252,1.258
513630,2025-02-07,1.262,1.264,1.253,1.255
513630,2025-02-10,1.258,1.27,1.258,1.265
513630,2025-02-11,1.27,1.284,1.263,1.271
513630,2025-02-12,1.274,1.289,1.268,1.288
513630,2025-02-13,1.289,1.293,1.278,1.292
513630,2025-02-14,1.283,1.286,1.273,1.279
513630,2025-02-17,1.282,1.29,1.276,1.289
513630,2025-02-18,1.293,1.305,1.286,1.293
513630,2025-02-19,1.291,1.3,1.289,1.293
513630,2025-02-20,1.292,1.295,1.285,1.288
513630,2025-02-21,1.291,1.293,1.285,1.29
513630,2025-02-24,1.285,1.305,1.285,1.301
513630,2025-02-25,1.289,1.294,1.284,1.285
513630,2025-02-26,1.29,1.309,1.29,1.305
513630,2025-02-27,1.308,1.31,1.3,1.308
513630,2025-02-28,1.309,1.309,1.287,1.288
513630,2025-03-03,1.291,1.305,1.287,1.295
513630,2025-03-04,1.292,1.293,1.282,1.291
513630,2025-03-05,1.294,1.317,1.293,1.316
513630,2025-03-06,1.323,1.327,1.313,1.322
513630,2025-03-07,1.323,1.33,1.32,1.322
513630,2025-03-10,1.325,1.327,1.311,1.318
513630,2025-03-11,1.312,1.327,1.305,1.327
513630,2025-03-12,1.326,1.333,1.319,1.323
513630,2025-03-13,1.328,1.332,1.315,1.319
513630,2025-03-14,1.321,1.34,1.321,1.331
513630,2025-03-17,1.334,1.354,1.332,1.347
513630,2025-03-18,1.354,1.365,1.35,1.359
513630,2025-03-19,1.362,1.366,1.359,1.364
513630,2025-03-20,1.366,1.366,1.35,1.351
513630,2025-03-21,1.35,1.352,1.329,1.335
513630,2025-03-24,1.334,1.34,1.327,1.335
513630,2025-03-25,1.338,1.338,1.326,1.329
513630,2025-03-26,1.331,1.336,1.324,1.327
513630,2025-03-27,1.333,1.34,1.328,1.33
513630,2025-03-28,1.331,1.333,1.313,1.319
513630,2025-03-31,1.316,1.325,1.311,1.319
513630,2025-04-01,1.32,1.333,1.32,1.332
513630,2025-04-02,1.33,1.339,1.325,1.339
513630,2025-04-03,1.336,1.346,1.328,1.343
513630,2025-04-07,1.262,1.283,1.23,1.245
513630,2025-04-08,1.25,1.274,1.232,1.239
513630,2025-04-09,1.219,1.25,1.209,1.243
513630,2025-04-10,1.259,1.288,1.255,1.271
513630,2025-04-11,1.27,1.276,1.255,1.27
513630,2025-04-14,1.28,1.294,1.277,1.29
513630,2025-04-15,1.291,1.306,1.291,1.306
513630,2025-04-16,1.299,1.311,1.292,1.296
513630,2025-04-17,1.3,1.305,1.297,1.299
513630,2025-04-18,1.3,1.304,1.294,1.303
513630,2025-04-21,1.302,1.305,1.293,1.302
513630,2025-04-22,1.3,1.317,1.295,1.312
513630,2025-04-23,1.32,1.33,1.32,1.328
513630,2025-04-24,1.327,1.328,1.315,1.316
513630,2025-04-25,1.321,1.335,1.321,1.326
513630,2025-04-28,1.326,1.337,1.32,1.331
513630,2025-04-29,1.333,1.339,1.325,1.326
513630,2025-04-30,1.327,1.33,1.312,1.321
513630,2025-05-06,1.329,1.337,1.324,1.334
513630,2025-05-07,1.35,1.355,1.335,1.34
513630,2025-05-08,1.338,1.346,1.335,1.344
513630,2025-05-09,1.344,1.358,1.344,1.354
513630,2025-05-12,1.361,1.371,1.358,1.366
513630,2025-05-13,1.368,1.37,1.354,1.358
513630,2025-05-14,1.361,1.375,1.356,1.375
513630,2025-05-15,1.374,1.381,1.371,1.373
513630,2025-05-16,1.374,1.374,1.361,1.365
513630,2025-05-19,1.364,1.373,1.362,1.372
513630,2025-05-20,1.373,1.386,1.373,1.385
513630,2025-05-21,1.388,1.392,1.379,1.383
513630,2025-05-22,1.384,1.386,1.378,1.38
513630,2025-05-23,1.379,1.383,1.369,1.371
513630,2025-05-26,1.372,1.382,1.368,1.37
513630,2025-05-27,1.37,1.379,1.369,1.373
513630,2025-05-28,1.378,1.38,1.375,1.376
513630,2025-05-29,1.38,1.382,1.37,1.373
513630,2025-05-30,1.37,1.376,1.369,1.374
513630,2025-06-03,1.374,1.398,1.374,1.398
513630,2025-06-04,1.399,1.399,1.39,1.397
513630,2025-06-05,1.398,1.405,1.395,1.399
513630,2025-06-06,1.398,1.405,1.394,1.399
513630,2025-06-09,1.4,1.407,1.397,1.406
513630,2025-06-10,1.409,1.423,1.407,1.416
513630,2025-06-11,1.421,1.428,1.417,1.428
513630,2025-06-12,1.425,1.438,1.424,1.428
513630,2025-06-13,1.428,1.44,1.426,1.437
513630,2025-06-16,1.441,1.446,1.434,1.445
513630,2025-06-17,1.448,1.451,1.44,1.442
513630,2025-06-18,1.442,1.446,1.43,1.432
513630,2025-06-19,1.436,1.436,1.406,1.407
513630,2025-06-20,1.408,1.43,1.407,1.42
513630,2025-06-23,1.422,1.442,1.418,1.441
513630,2025-06-24,1.442,1.46,1.442,1.46
513630,2025-06-25,1.461,1.475,1.46,1.47
513630,2025-06-26,1.473,1.473,1.459,1.464
513630,2025-06-27,1.468,1.471,1.447,1.456
513630,2025-06-30,1.457,1.458,1.444,1.455
513630,2025-07-01,1.454,1.461,1.45,1.46
513630,2025-07-02,1.462,1.477,1.461,1.477
513630,2025-07-03,1.476,1.481,1.467,1.476
513630,2025-07-04,1.475,1.481,1.466,1.475
513630,2025-07-07,1.475,1.482,1.471,1.48
513630,2025-07-08,1.482,1.49,1.481,1.485
513630,2025-07-09,1.486,1.486,1.47,1.479
513630,2025-07-10,1.481,1.489,1.476,1.487
513630,2025-07-11,1.487,1.507,1.487,1.489
513630,2025-07-14,1.486,1.503,1.485,1.498
513630,2025-07-15,1.503,1.507,1.487,1.494
513630,2025-07-16,1.498,1.501,1.493,1.5
513630,2025-07-17,1.501,1.504,1.493,1.498
513630,2025-07-18,1.5,1.505,1.499,1.505
513630,2025-07-21,1.509,1.52,1.509,1.52
513630,2025-07-22,1.521,1.532,1.515,1.529
513630,2025-07-23,1.533,1.538,1.529,1.531
513630,2025-07-24,1.533,1.54,1.53,1.532
513630,2025-07-25,1.531,1.541,1.528,1.532
513630,2025-07-28,1.53,1.544,1.527,1.54
513630,2025-07-29,1.54,1.544,1.527,1.54
513630,2025-07-30,1.54,1.55,1.533,1.542
513630,2025-07-31,1.541,1.543,1.513,1.516
513630,2025-08-01,1.518,1.52,1.502,1.508
513630,2025-08-04,1.506,1.509,1.489,1.508
513630,2025-08-05,1.511,1.528,1.506,1.526
513630,2025-08-06,1.525,1.532,1.52,1.522
513630,2025-08-07,1.521,1.538,1.52,1.538
513630,2025-08-08,1.538,1.54,1.529,1.535
513630,2025-08-11,1.535,1.544,1.528,1.531
513630,2025-08-12,1.53,1.538,1.53,1.533
513630,2025-08-13,1.537,1.551,1.535,1.549
513630,2025-08-14,1.553,1.56,1.544,1.545
513630,2025-08-15,1.546,1.549,1.539,1.542
513630,2025-08-18,1.542,1.547,1.532,1.534
513630,2025-08-19,1.534,1.536,1.524,1.527
513630,2025-08-20,1.526,1.528,1.517,1.527
513630,2025-08-21,1.525,1.537,1.524,1.532
513630,2025-08-22,1.535,1.54,1.523,1.527
513630,2025-08-25,1.526,1.545,1.526,1.543
513630,2025-08-26,1.542,1.542,1.528,1.528
513630,2025-08-27,1.529,1.531,1.508,1.509
513630,2025-08-28,1.51,1.522,1.51,1.518
513630,2025-08-29,1.52,1.531,1.515,1.518
513630,2025-09-01,1.517,1.527,1.516,1.521
513630,2025-09-02,1.521,1.53,1.515,1.522
513630,2025-09-03,1.527,1.533,1.515,1.517
513630,2025-09-04,1.52,1.523,1.508,1.511
513630,2025-09-05,1.513,1.535,1.511,1.533
513630,2025-09-08,1.533,1.547,1.53,1.544
513630,2025-09-09,1.546,1.558,1.54,1.552
513630,2025-09-10,1.554,1.578,1.554,1.573
513630,2025-09-11,1.573,1.591,1.565,1.587
513630,2025-09-12,1.589,1.595,1.578,1.578
513630,2025-09-15,1.577,1.584,1.573,1.575
513630,2025-09-16,1.583,1.589,1.573,1.575
513630,2025-09-17,1.575,1.581,1.571,1.574
513630,2025-09-18,1.573,1.574,1.544,1.548
513630,2025-09-19,1.55,1.555,1.543,1.548
513630,2025-09-22,1.548,1.551,1.525,1.533
513630,2025-09-23,1.533,1.535,1.523,1.527
513630,2025-09-24,1.527,1.537,1.524,1.535
513630,2025-09-25,1.537,1.538,1.512,1.513
513630,2025-09-26,1.513,1.534,1.505,1.533
513630,2025-09-29,1.533,1.541,1.525,1.541
513630,2025-09-30,1.541,1.547,1.527,1.532
513630,2025-10-09,1.536,1.571,1.536,1.571
513630,2025-10-10,1.566,1.581,1.561,1.572
513630,2025-10-13,1.537,1.57,1.535,1.565
513630,2025-10-14,1.572,1.59,1.563,1.566
513630,2025-10-15,1.573,1.586,1.569,1.583
513630,2025-10-16,1.585,1.591,1.579,1.583
513630,2025-10-17,1.585,1.594,1.572,1.575
513630,2025-10-20,1.587,1.596,1.579,1.594
513630,2025-10-21,1.599,1.606,1.593,1.604
513630,2025-10-22,1.604,1.604,1.589,1.596
513630,2025-10-23,1.596,1.61,1.591,1.608
513630,2025-10-24,1.612,1.617,1.608,1.613
513630,2025-10-27,1.618,1.626,1.612,1.618
513630,2025-10-28,1.62,1.623,1.612,1.613
513630,2025-10-29,1.617,1.639,1.609,1.627
513630,2025-10-30,1.628,1.63,1.605,1.607
513630,2025-10-31,1.61,1.612,1.597,1.599
513630,2025-11-03,1.599,1.616,1.595,1.615
513630,2025-11-04,1.617,1.631,1.614,1.62
513630,2025-11-05,1.624,1.628,1.604,1.624
513630,2025-11-06,1.628,1.65,1.627,1.646
513630,2025-11-07,1.649,1.663,1.645,1.652
513630,2025-11-10,1.661,1.675,1.654,1.671
513630,2025-11-11,1.677,1.682,1.665,1.675
513630,2025-11-12,1.681,1.715,1.681,1.713
513630,2025-11-13,1.718,1.718,1.69,1.699
513630,2025-11-14,1.69,1.701,1.683,1.686
513630,2025-11-17,1.685,1.694,1.676,1.677
513630,2025-11-18,1.675,1.678,1.647,1.649
513630,2025-11-19,1.65,1.671,1.646,1.661
513630,2025-11-20,1.661,1.675,1.658,1.662
513630,2025-11-21,1.646,1.657,1.636,1.641
513630,2025-11-24,1.65,1.654,1.635,1.649
513630,2025-11-25,1.654,1.659,1.649,1.65
513630,2025-11-26,1.66,1.66,1.649,1.65
513630,2025-11-27,1.648,1.653,1.641,1.641
513630,2025-11-28,1.642,1.643,1.629,1.633
513630,2025-12-01,1.635,1.65,1.635,1.645
513630,2025-12-02,1.649,1.673,1.648,1.671
513630,2025-12-03,1.672,1.673,1.65,1.656
513630,2025-12-04,1.659,1.663,1.652,1.657
513630,2025-12-05,1.657,1.659,1.65,1.658
513630,2025-12-08,1.661,1.663,1.64,1.645
513630,2025-12-09,1.642,1.642,1.612,1.614
513630,2025-12-10,1.615,1.615,1.601,1.609
513630,2025-12-11,1.618,1.623,1.609,1.611
513630,2025-12-12,1.618,1.629,1.618,1.625
513630,2025-12-15,1.625,1.625,1.615,1.617
513630,2025-12-16,1.618,1.619,1.586,1.594
513630,2025-12-17,1.585,1.598,1.585,1.595
513630,2025-12-18,1.594,1.605,1.592,1.598
513630,2025-12-19,1.603,1.616,1.601,1.615
513630,2025-12-22,1.621,1.621,1.603,1.607
513630,2025-12-23,1.612,1.621,1.609,1.611
513630,2025-12-24,1.614,1.615,1.608,1.61
513630,2025-12-25,1.61,1.611,1.605,1.608
513630,2025-12-26,1.608,1.619,1.608,1.617
513630,2025-12-29,1.617,1.621,1.6,1.6
513630,2025-12-30,1.599,1.61,1.59,1.61
513630,2025-12-31,1.605,1.606,1.591,1.595
513630,2026-01-05,1.6,1.607,1.585,1.587
513630,2026-01-06,1.592,1.61,1.592,1.603
513630,2026-01-07,1.605,1.606,1.593,1.596
513630,2026-01-08,1.597,1.599,1.587,1.593
513630,2026-01-09,1.595,1.605,1.594,1.602
513630,2026-01-12,1.604,1.608,1.599,1.604
513630,2026-01-13,1.608,1.624,1.608,1.614
513630,2026-01-14,1.618,1.623,1.603,1.611
513630,2026-01-15,1.613,1.634,1.612,1.628
513630,2026-01-16,1.633,1.639,1.62,1.624
513630,2026-01-19,1.621,1.631,1.611,1.616
513630,2026-01-20,1.61,1.629,1.604,1.621
513630,2026-01-21,1.619,1.629,1.615,1.618
513630,2026-01-22,1.624,1.641,1.624,1.641
513630,2026-01-23,1.643,1.649,1.626,1.63
513630,2026-01-26,1.635,1.661,1.631,1.656
513630,2026-01-27,1.659,1.663,1.65,1.659
513630,2026-01-28,1.664,1.704,1.66,1.701
513630,2026-01-29,1.7,1.716,1.691,1.714
513630,2026-01-30,1.713,1.713,1.675,1.675
513630,2026-02-02,1.671,1.671,1.636,1.638
513630,2026-02-03,1.649,1.674,1.649,1.665
513630,2026-02-04,1.671,1.688,1.663,1.685
513630,2026-02-05,1.686,1.707,1.679,1.704
513630,2026-02-06,1.699,1.706,1.683,1.699
513630,2026-02-09,1.704,1.715,1.692,1.699
513630,2026-02-10,1.7,1.703,1.694,1.702
513630,2026-02-11,1.704,1.715,1.698,1.715
513630,2026-02-12,1.715,1.718,1.706,1.708
513630,2026-02-13,1.706,1.706,1.693,1.694
513630,2026-02-24,1.699,1.734,1.699,1.732
513630,2026-02-25,1.73,1.739,1.713,1.719
513630,2026-02-26,1.719,1.722,1.699,1.705
513630,2026-02-27,1.701,1.709,1.693,1.708
513630,2026-03-02,1.708,1.723,1.694,1.712
513630,2026-03-03,1.715,1.725,1.703,1.709
513630,2026-03-04,1.709,1.709,1.667,1.67
513630,2026-03-05,1.683,1.711,1.68,1.695
513630,2026-03-06,1.694,1.702,1.682,1.701
513630,2026-03-09,1.688,1.69,1.663,1.671
513630,2026-03-10,1.673,1.685,1.673,1.676
513630,2026-03-11,1.674,1.689,1.666,1.688
513630,2026-03-12,1.688,1.692,1.674,1.683
513630,2026-03-13,1.683,1.694,1.675,1.679
513630,2026-03-16,1.677,1.683,1.669,1.677
513630,2026-03-17,1.68,1.693,1.678,1.68
513630,2026-03-18,1.686,1.694,1.673,1.693
513630,2026-03-19,1.684,1.686,1.669,1.673
513630,2026-03-20,1.671,1.681,1.664,1.665
513630,2026-03-23,1.649,1.651,1.608,1.609
513630,2026-03-24,1.623,1.647,1.623,1.646
513630,2026-03-25,1.655,1.662,1.642,1.654
513630,2026-03-26,1.658,1.664,1.642,1.645
513630,2026-03-27,1.642,1.653,1.631,1.649
513630,2026-03-30,1.634,1.642,1.626,1.639
513630,2026-03-31,1.641,1.647,1.625,1.628
513630,2026-04-01,1.638,1.656,1.638,1.646
513630,2026-04-02,1.647,1.65,1.637,1.641
513630,2026-04-03,1.644,1.65,1.636,1.637
513630,2026-04-07,1.636,1.653,1.636,1.637
513630,2026-04-08,1.668,1.67,1.65,1.658
513630,2026-04-09,1.655,1.666,1.649,1.663
513630,2026-04-10,1.665,1.68,1.665,1.671
513630,2026-04-13,1.664,1.667,1.652,1.658
513630,2026-04-14,1.662,1.669,1.661,1.666
513630,2026-04-15,1.671,1.69,1.662,1.663
513630,2026-04-16,1.663,1.669,1.661,1.664
513630,2026-04-17,1.663,1.663,1.648,1.65
513630,2026-04-20,1.65,1.659,1.647,1.659
513630,2026-04-21,1.658,1.693,1.658,1.688
513630,2026-04-22,1.684,1.686,1.673,1.679
513630,2026-04-23,1.681,1.69,1.673,1.687
513630,2026-04-24,1.685,1.686,1.676,1.685
513630,2026-04-27,1.686,1.687,1.671,1.677
513630,2026-04-28,1.675,1.683,1.672,1.683
513630,2026-04-29,1.684,1.697,1.684,1.696
513630,2026-04-30,1.693,1.695,1.678,1.682
513630,2026-05-06,1.685,1.698,1.681,1.697
513630,2026-05-07,1.699,1.708,1.698,1.705
513630,2026-05-08,1.703,1.703,1.688,1.699
513630,2026-05-11,1.7,1.713,1.694,1.707
513630,2026-05-12,1.71,1.716,1.702,1.707
513630,2026-05-13,1.707,1.708,1.696,1.699
513630,2026-05-14,1.699,1.703,1.689,1.691
513630,2026-05-15,1.689,1.691,1.678,1.684
513630,2026-05-18,1.682,1.686,1.66,1.665
513630,2026-05-19,1.665,1.683,1.661,1.682
513630,2026-05-20,1.682,1.683,1.671,1.673
513630,2026-05-21,1.674,1.677,1.656,1.657
513630,2026-05-22,1.66,1.663,1.647,1.65
513630,2026-05-25,1.649,1.65,1.633,1.636
513630,2026-05-26,1.64,1.644,1.631,1.637
513630,2026-05-27,1.635,1.635,1.62,1.624
513630,2026-05-28,1.621,1.623,1.598,1.605
513630,2026-05-29,1.61,1.638,1.598,1.632
513820,2026-05-28,1.235,1.239,1.221,1.226
513910,2026-05-20,1.613,1.615,1.606,1.606
513910,2026-05-21,1.606,1.612,1.596,1.597
513910,2026-05-22,1.605,1.605,1.584,1.595
513910,2026-05-25,1.586,1.596,1.581,1.581
513910,2026-05-26,1.58,1.596,1.574,1.589
513910,2026-05-27,1.588,1.588,1.565,1.569
513910,2026-05-28,1.567,1.567,1.537,1.547
513910,2026-05-29,1.544,1.567,1.542,1.562
513920,2026-05-20,1.667,1.673,1.657,1.665
513920,2026-05-21,1.67,1.68,1.658,1.66
513920,2026-05-22,1.661,1.67,1.647,1.663
513920,2026-05-25,1.662,1.662,1.643,1.643
513920,2026-05-26,1.647,1.666,1.637,1.655
513920,2026-05-27,1.653,1.654,1.623,1.628
513920,2026-05-28,1.624,1.624,1.586,1.595
513920,2026-05-29,1.595,1.618,1.59,1.615
513950,2023-04-28,0.93992667916319,0.93992667916319,0.93992667916319,0.93992667916319
513950,2023-05-04,0.95651362056019,0.95651362056019,0.95651362056019,0.95651362056019
513950,2023-05-05,0.96388559451441,0.96388559451441,0.96388559451441,0.96388559451441
513950,2023-05-08,0.99153049684274,0.99153049684274,0.99153049684274,0.99153049684274
513950,2023-05-09,0.97955103916713,0.97955103916713,0.97955103916713,0.97955103916713
513950,2023-05-10,0.96757158149152,0.96757158149152,0.96757158149152,0.96757158149152
513950,2023-05-11,0.96296409777013,0.96296409777013,0.96296409777013,0.96296409777013
513950,2023-05-12,0.94545565962885,0.94545565962885,0.94545565962885,0.94545565962885
513950,2023-05-15,0.96296409777013,0.96296409777013,0.96296409777013,0.96296409777013
513950,2023-05-16,0.95651362056019,0.95651362056019,0.95651362056019,0.95651362056019
513950,2023-05-17,0.95651362056019,0.95651362056019,0.95651362056019,0.95651362056019
513950,2023-05-18,0.96757158149152,0.96757158149152,0.96757158149152,0.96757158149152
513950,2023-05-19,0.96388559451441,0.96388559451441,0.96388559451441,0.96388559451441
513950,2023-05-22,0.96480709125868,0.96480709125868,0.96480709125868,0.96480709125868
513950,2023-05-23,0.95282763358307,0.95282763358307,0.95282763358307,0.95282763358307
513950,2023-05-24,0.93808368567463,0.93808368567463,0.93808368567463,0.93808368567463
513950,2023-05-25,0.92518273125475,0.92518273125475,0.92518273125475,0.92518273125475
513950,2023-05-26,0.92333973776619,0.92333973776619,0.92333973776619,0.92333973776619
513950,2023-05-29,0.92886871823186,0.92886871823186,0.92886871823186,0.92886871823186
513950,2023-05-30,0.92610422799902,0.92610422799902,0.92610422799902,0.92610422799902
513950,2023-05-31,0.90951728660203,0.90951728660203,0.90951728660203,0.90951728660203
513950,2023-06-01,0.91596776381197,0.91596776381197,0.91596776381197,0.91596776381197
513950,2023-06-02,0.93163320846469,0.93163320846469,0.93163320846469,0.93163320846469
513950,2023-06-05,0.93347620195324,0.93347620195324,0.93347620195324,0.93347620195324
513950,2023-06-06,0.93439769869752,0.93439769869752,0.93439769869752,0.93439769869752
513950,2023-06-07,0.94176967265174,0.94176967265174,0.94176967265174,0.94176967265174
513950,2023-06-08,0.9519061368388,0.9519061368388,0.9519061368388,0.9519061368388
513950,2023-06-09,0.95651362056019,0.95651362056019,0.95651362056019,0.95651362056019
513950,2023-06-12,0.95006314335024,0.95006314335024,0.95006314335024,0.95006314335024
513950,2023-06-13,0.95282763358307,0.95282763358307,0.95282763358307,0.95282763358307
513950,2023-06-14,0.94545565962885,0.94545565962885,0.94545565962885,0.94545565962885
513950,2023-06-15,0.94637715637313,0.94637715637313,0.94637715637313,0.94637715637313
513950,2023-06-16,0.95374913032735,0.95374913032735,0.95374913032735,0.95374913032735
513950,2023-06-19,0.94914164660596,0.94914164660596,0.94914164660596,0.94914164660596
513950,2023-06-20,0.94545565962885,0.94545565962885,0.94545565962885,0.94545565962885
513950,2023-06-21,0.94176967265174,0.94176967265174,0.94176967265174,0.94176967265174
513950,2023-06-26,0.92518273125475,0.92518273125475,0.92518273125475,0.92518273125475
513950,2023-06-27,0.93900518241891,0.93900518241891,0.93900518241891,0.93900518241891
513950,2023-06-28,0.94084817590747,0.94084817590747,0.94084817590747,0.94084817590747
513950,2023-06-29,0.93900518241891,0.93900518241891,0.93900518241891,0.93900518241891
513950,2023-06-30,0.94729865311741,0.94729865311741,0.94729865311741,0.94729865311741
513950,2023-07-03,0.9601996075373,0.9601996075373,0.9601996075373,0.9601996075373
513950,2023-07-04,0.95282763358307,0.95282763358307,0.95282763358307,0.95282763358307
513950,2023-07-05,0.94545565962885,0.94545565962885,0.94545565962885,0.94545565962885
513950,2023-07-06,0.93439769869752,0.93439769869752,0.93439769869752,0.93439769869752
513950,2023-07-07,0.92426123451047,0.92426123451047,0.92426123451047,0.92426123451047
513950,2023-07-10,0.92057524753336,0.92057524753336,0.92057524753336,0.92057524753336
513950,2023-07-11,0.92241824102191,0.92241824102191,0.92241824102191,0.92241824102191
513950,2023-07-12,0.92149674427764,0.92149674427764,0.92149674427764,0.92149674427764
513950,2023-07-13,0.93624069218608,0.93624069218608,0.93624069218608,0.93624069218608
513950,2023-07-14,0.93347620195324,0.93347620195324,0.93347620195324,0.93347620195324
513950,2023-07-17,0.92426123451047,0.92426123451047,0.92426123451047,0.92426123451047
513950,2023-07-18,0.92426123451047,0.92426123451047,0.92426123451047,0.92426123451047
513950,2023-07-19,0.93071171172041,0.93071171172041,0.93071171172041,0.93071171172041
513950,2023-07-20,0.92886871823186,0.92886871823186,0.92886871823186,0.92886871823186
513950,2023-07-21,0.92979021497613,0.92979021497613,0.92979021497613,0.92979021497613
513950,2023-07-24,0.92057524753336,0.92057524753336,0.92057524753336,0.92057524753336
513950,2023-07-25,0.9436126661403,0.9436126661403,0.9436126661403,0.9436126661403
513950,2023-07-26,0.94084817590747,0.94084817590747,0.94084817590747,0.94084817590747
513950,2023-07-27,0.9436126661403,0.9436126661403,0.9436126661403,0.9436126661403
513950,2023-07-28,0.96112110428157,0.96112110428157,0.96112110428157,0.96112110428157
513950,2023-07-31,0.96849307823579,0.96849307823579,0.96849307823579,0.96849307823579
513950,2023-08-01,0.9601996075373,0.9601996075373,0.9601996075373,0.9601996075373
513950,2023-08-02,0.94545565962885,0.94545565962885,0.94545565962885,0.94545565962885
513950,2023-08-03,0.95098464009452,0.95098464009452,0.95098464009452,0.95098464009452
513950,2023-08-04,0.94729865311741,0.94729865311741,0.94729865311741,0.94729865311741
513950,2023-08-07,0.94269116939602,0.94269116939602,0.94269116939602,0.94269116939602
513950,2023-08-08,0.93992667916319,0.93992667916319,0.93992667916319,0.93992667916319
513950,2023-08-09,0.93808368567463,0.93808368567463,0.93808368567463,0.93808368567463
513950,2023-08-10,0.94084817590747,0.94084817590747,0.94084817590747,0.94084817590747
513950,2023-08-11,0.93255470520897,0.93255470520897,0.93255470520897,0.93255470520897
513950,2023-08-14,0.91688926055625,0.91688926055625,0.91688926055625,0.91688926055625
513950,2023-08-15,0.91965375078908,0.91965375078908,0.91965375078908,0.91965375078908
513950,2023-08-16,0.90767429311347,0.90767429311347,0.90767429311347,0.90767429311347
513950,2023-08-17,0.90583129962492,0.90583129962492,0.90583129962492,0.90583129962492
513950,2023-08-18,0.89385184194931,0.89385184194931,0.89385184194931,0.89385184194931
513950,2023-08-21,0.87450041031948,0.87450041031948,0.87450041031948,0.87450041031948
513950,2023-08-22,0.8818723842737,0.8818723842737,0.8818723842737,0.8818723842737
513950,2023-08-23,0.87818639729659,0.87818639729659,0.87818639729659,0.87818639729659
513950,2023-08-24,0.88740136473936,0.88740136473936,0.88740136473936,0.88740136473936
513950,2023-08-25,0.88924435822792,0.88924435822792,0.88924435822792,0.88924435822792
513950,2023-08-28,0.89477333869358,0.89477333869358,0.89477333869358,0.89477333869358
513950,2023-08-29,0.90767429311347,0.90767429311347,0.90767429311347,0.90767429311347
513950,2023-08-30,0.86594552210487,0.86594552210487,0.86594552210487,0.86594552210487
513950,2023-08-31,0.86140702356134,0.86140702356134,0.86140702356134,0.86140702356134
513950,2023-09-01,0.86322242297875,0.86322242297875,0.86322242297875,0.86322242297875
513950,2023-09-04,0.87683791860933,0.87683791860933,0.87683791860933,0.87683791860933
513950,2023-09-05,0.86957632093969,0.86957632093969,0.86957632093969,0.86957632093969
513950,2023-09-06,0.8704840206484,0.8704840206484,0.8704840206484,0.8704840206484
513950,2023-09-07,0.86866862123099,0.86866862123099,0.86866862123099,0.86866862123099
513950,2023-09-08,0.86503782239616,0.86503782239616,0.86503782239616,0.86503782239616
513950,2023-09-11,0.86140702356134,0.86140702356134,0.86140702356134,0.86140702356134
513950,2023-09-12,0.85686852501782,0.85686852501782,0.85686852501782,0.85686852501782
513950,2023-09-13,0.85686852501782,0.85686852501782,0.85686852501782,0.85686852501782
513950,2023-09-14,0.86413012268746,0.86413012268746,0.86413012268746,0.86413012268746
513950,2023-09-15,0.86866862123099,0.86866862123099,0.86866862123099,0.86866862123099
513950,2023-09-18,0.86594552210487,0.86594552210487,0.86594552210487,0.86594552210487
513950,2023-09-19,0.8713917203571,0.8713917203571,0.8713917203571,0.8713917203571
513950,2023-09-20,0.87320711977451,0.87320711977451,0.87320711977451,0.87320711977451
513950,2023-09-21,0.86503782239616,0.86503782239616,0.86503782239616,0.86503782239616
513950,2023-09-22,0.87593021890063,0.87593021890063,0.87593021890063,0.87593021890063
513950,2023-09-25,0.8704840206484,0.8704840206484,0.8704840206484,0.8704840206484
513950,2023-09-26,0.86503782239616,0.86503782239616,0.86503782239616,0.86503782239616
513950,2023-09-27,0.86413012268746,0.86413012268746,0.86413012268746,0.86413012268746
513950,2023-09-28,0.86322242297875,0.86322242297875,0.86322242297875,0.86322242297875
513950,2023-10-09,0.85505312560041,0.85505312560041,0.85505312560041,0.85505312560041
513950,2023-10-10,0.853237726183,0.853237726183,0.853237726183,0.853237726183
513950,2023-10-11,0.86140702356134,0.86140702356134,0.86140702356134,0.86140702356134
513950,2023-10-12,0.88137641715286,0.88137641715286,0.88137641715286,0.88137641715286
513950,2023-10-13,0.86866862123099,0.86866862123099,0.86866862123099,0.86866862123099
513950,2023-10-16,0.86413012268746,0.86413012268746,0.86413012268746,0.86413012268746
513950,2023-10-17,0.87229942006581,0.87229942006581,0.87229942006581,0.87229942006581
513950,2023-10-18,0.86685322181358,0.86685322181358,0.86685322181358,0.86685322181358
513950,2023-10-19,0.85142232676558,0.85142232676558,0.85142232676558,0.85142232676558
513950,2023-10-20,0.84506842880465,0.84506842880465,0.84506842880465,0.84506842880465
513950,2023-10-23,0.83599143171759,0.83599143171759,0.83599143171759,0.83599143171759
513950,2023-10-24,0.83871453084371,0.83871453084371,0.83871453084371,0.83871453084371
513950,2023-10-25,0.84325302938724,0.84325302938724,0.84325302938724,0.84325302938724
513950,2023-10-26,0.84234532967853,0.84234532967853,0.84234532967853,0.84234532967853
513950,2023-10-27,0.85596082530911,0.85596082530911,0.85596082530911,0.85596082530911
513950,2023-10-30,0.84597612851335,0.84597612851335,0.84597612851335,0.84597612851335
513950,2023-10-31,0.84234532967853,0.84234532967853,0.84234532967853,0.84234532967853
513950,2023-11-01,0.84506842880465,0.84506842880465,0.84506842880465,0.84506842880465
513950,2023-11-02,0.84960692734817,0.84960692734817,0.84960692734817,0.84960692734817
513950,2023-11-03,0.86049932385264,0.86049932385264,0.86049932385264,0.86049932385264
513950,2023-11-06,0.86140702356134,0.86140702356134,0.86140702356134,0.86140702356134
513950,2023-11-07,0.84960692734817,0.84960692734817,0.84960692734817,0.84960692734817
513950,2023-11-08,0.84143762996983,0.84143762996983,0.84143762996983,0.84143762996983
513950,2023-11-09,0.84506842880465,0.84506842880465,0.84506842880465,0.84506842880465
513950,2023-11-10,0.84052993026112,0.84052993026112,0.84052993026112,0.84052993026112
513950,2023-11-13,0.84416072909594,0.84416072909594,0.84416072909594,0.84416072909594
513950,2023-11-14,0.85505312560041,0.85505312560041,0.85505312560041,0.85505312560041
513950,2023-11-15,0.86776092152228,0.86776092152228,0.86776092152228,0.86776092152228
513950,2023-11-16,0.86685322181358,0.86685322181358,0.86685322181358,0.86685322181358
513950,2023-11-17,0.85686852501782,0.85686852501782,0.85686852501782,0.85686852501782
513950,2023-11-20,0.86231472327005,0.86231472327005,0.86231472327005,0.86231472327005
513950,2023-11-21,0.86322242297875,0.86322242297875,0.86322242297875,0.86322242297875
513950,2023-11-22,0.86140702356134,0.86140702356134,0.86140702356134,0.86140702356134
513950,2023-11-23,0.86685322181358,0.86685322181358,0.86685322181358,0.86685322181358
513950,2023-11-24,0.86231472327005,0.86231472327005,0.86231472327005,0.86231472327005
513950,2023-11-27,0.85868392443523,0.85868392443523,0.85868392443523,0.85868392443523
513950,2023-11-28,0.86049932385264,0.86049932385264,0.86049932385264,0.86049932385264
513950,2023-11-29,0.84302195845043,0.84302195845043,0.84302195845043,0.84302195845043
513950,2023-11-30,0.84854997129273,0.84854997129273,0.84854997129273,0.84854997129273
513950,2023-12-01,0.84947130676644,0.84947130676644,0.84947130676644,0.84947130676644
513950,2023-12-04,0.84578596487158,0.84578596487158,0.84578596487158,0.84578596487158
513950,2023-12-05,0.83196593276583,0.83196593276583,0.83196593276583,0.83196593276583
513950,2023-12-06,0.84302195845043,0.84302195845043,0.84302195845043,0.84302195845043
513950,2023-12-07,0.8356512746607,0.8356512746607,0.8356512746607,0.8356512746607
513950,2023-12-08,0.83657261013441,0.83657261013441,0.83657261013441,0.83657261013441
513950,2023-12-11,0.83288726823955,0.83288726823955,0.83288726823955,0.83288726823955
513950,2023-12-12,0.841179287503,0.841179287503,0.841179287503,0.841179287503
513950,2023-12-13,0.83104459729212,0.83104459729212,0.83104459729212,0.83104459729212
513950,2023-12-14,0.83380860371327,0.83380860371327,0.83380860371327,0.83380860371327
513950,2023-12-15,0.84394329392415,0.84394329392415,0.84394329392415,0.84394329392415
513950,2023-12-18,0.841179287503,0.841179287503,0.841179287503,0.841179287503
513950,2023-12-19,0.84025795202928,0.84025795202928,0.84025795202928,0.84025795202928
513950,2023-12-20,0.83657261013441,0.83657261013441,0.83657261013441,0.83657261013441
513950,2023-12-21,0.84210062297671,0.84210062297671,0.84210062297671,0.84210062297671
513950,2023-12-22,0.84394329392415,0.84394329392415,0.84394329392415,0.84394329392415
513950,2023-12-25,0.84394329392415,0.84394329392415,0.84394329392415,0.84394329392415
513950,2023-12-26,0.841179287503,0.841179287503,0.841179287503,0.841179287503
513950,2023-12-27,0.85407798413502,0.85407798413502,0.85407798413502,0.85407798413502
513950,2023-12-28,0.86329133887219,0.86329133887219,0.86329133887219,0.86329133887219
513950,2023-12-29,0.86513400981962,0.86513400981962,0.86513400981962,0.86513400981962
513950,2024-01-02,0.85868466150361,0.85868466150361,0.85868466150361,0.85868466150361
513950,2024-01-03,0.86237000339847,0.86237000339847,0.86237000339847,0.86237000339847
513950,2024-01-04,0.86605534529334,0.86605534529334,0.86605534529334,0.86605534529334
513950,2024-01-05,0.86329133887219,0.86329133887219,0.86329133887219,0.86329133887219
513950,2024-01-08,0.85131397771388,0.85131397771388,0.85131397771388,0.85131397771388
513950,2024-01-09,0.85776332602989,0.85776332602989,0.85776332602989,0.85776332602989
513950,2024-01-10,0.84854997129273,0.84854997129273,0.84854997129273,0.84854997129273
513950,2024-01-11,0.85315664866131,0.85315664866131,0.85315664866131,0.85315664866131
513950,2024-01-12,0.85592065508246,0.85592065508246,0.85592065508246,0.85592065508246
513950,2024-01-15,0.85776332602989,0.85776332602989,0.85776332602989,0.85776332602989
513950,2024-01-16,0.85223531318759,0.85223531318759,0.85223531318759,0.85223531318759
513950,2024-01-17,0.82551658444982,0.82551658444982,0.82551658444982,0.82551658444982
513950,2024-01-18,0.82735925539725,0.82735925539725,0.82735925539725,0.82735925539725
513950,2024-01-19,0.81998857160752,0.81998857160752,0.81998857160752,0.81998857160752
513950,2024-01-22,0.79971919118576,0.79971919118576,0.79971919118576,0.79971919118576
513950,2024-01-23,0.8190672361338,0.8190672361338,0.8190672361338,0.8190672361338
513950,2024-01-24,0.83657261013441,0.83657261013441,0.83657261013441,0.83657261013441
513950,2024-01-25,0.8697406871882,0.8697406871882,0.8697406871882,0.8697406871882
513950,2024-01-26,0.86605534529334,0.86605534529334,0.86605534529334,0.86605534529334
513950,2024-01-29,0.87158335813563,0.87158335813563,0.87158335813563,0.87158335813563
513950,2024-01-30,0.85223531318759,0.85223531318759,0.85223531318759,0.85223531318759
513950,2024-01-31,0.84762863581901,0.84762863581901,0.84762863581901,0.84762863581901
513950,2024-02-01,0.84394329392415,0.84394329392415,0.84394329392415,0.84394329392415
513950,2024-02-02,0.84578596487158,0.84578596487158,0.84578596487158,0.84578596487158
513950,2024-02-05,0.84210062297671,0.84210062297671,0.84210062297671,0.84210062297671
513950,2024-02-06,0.86329133887219,0.86329133887219,0.86329133887219,0.86329133887219
513950,2024-02-07,0.86237000339847,0.86237000339847,0.86237000339847,0.86237000339847
513950,2024-02-08,0.86052733245104,0.86052733245104,0.86052733245104,0.86052733245104
513950,2024-02-19,0.87342602908307,0.87342602908307,0.87342602908307,0.87342602908307
513950,2024-02-20,0.88448205476766,0.88448205476766,0.88448205476766,0.88448205476766
513950,2024-02-21,0.89922342234712,0.89922342234712,0.89922342234712,0.89922342234712
513950,2024-02-22,0.91212211897915,0.91212211897915,0.91212211897915,0.91212211897915
513950,2024-02-23,0.91672879634773,0.91672879634773,0.91672879634773,0.91672879634773
513950,2024-02-26,0.90475143518942,0.90475143518942,0.90475143518942,0.90475143518942
513950,2024-02-27,0.90659410613685,0.90659410613685,0.90659410613685,0.90659410613685
513950,2024-02-28,0.90198085375384,0.90198085375384,0.90198085375384,0.90198085375384
513950,2024-02-29,0.90290691212525,0.90290691212525,0.90290691212525,0.90290691212525
513950,2024-03-01,0.89642450352537,0.89642450352537,0.89642450352537,0.89642450352537
513950,2024-03-04,0.89457238678255,0.89457238678255,0.89457238678255,0.89457238678255
513950,2024-03-05,0.88808997818268,0.88808997818268,0.88808997818268,0.88808997818268
513950,2024-03-06,0.8899420949255,0.8899420949255,0.8899420949255,0.8899420949255
513950,2024-03-07,0.89179421166832,0.89179421166832,0.89179421166832,0.89179421166832
513950,2024-03-08,0.90383297049666,0.90383297049666,0.90383297049666,0.90383297049666
513950,2024-03-11,0.8992026786396,0.8992026786396,0.8992026786396,0.8992026786396
513950,2024-03-12,0.90661114561089,0.90661114561089,0.90661114561089,0.90661114561089
513950,2024-03-13,0.90938932072512,0.90938932072512,0.90938932072512,0.90938932072512
513950,2024-03-14,0.90475902886807,0.90475902886807,0.90475902886807,0.90475902886807
513950,2024-03-15,0.8992026786396,0.8992026786396,0.8992026786396,0.8992026786396
513950,2024-03-18,0.90475902886807,0.90475902886807,0.90475902886807,0.90475902886807
513950,2024-03-19,0.89364632841114,0.89364632841114,0.89364632841114,0.89364632841114
513950,2024-03-20,0.89642450352537,0.89642450352537,0.89642450352537,0.89642450352537
513950,2024-03-21,0.9075372039823,0.9075372039823,0.9075372039823,0.9075372039823
513950,2024-03-22,0.89735056189678,0.89735056189678,0.89735056189678,0.89735056189678
513950,2024-03-25,0.89086815329691,0.89086815329691,0.89086815329691,0.89086815329691
513950,2024-03-26,0.88253362795422,0.88253362795422,0.88253362795422,0.88253362795422
513950,2024-03-27,0.8723469858687,0.8723469858687,0.8723469858687,0.8723469858687
513950,2024-03-28,0.86864275238306,0.86864275238306,0.86864275238306,0.86864275238306
513950,2024-03-29,0.87142092749729,0.87142092749729,0.87142092749729,0.87142092749729
513950,2024-04-01,0.88068151121139,0.88068151121139,0.88068151121139,0.88068151121139
513950,2024-04-02,0.88253362795422,0.88253362795422,0.88253362795422,0.88253362795422
513950,2024-04-03,0.87975545283998,0.87975545283998,0.87975545283998,0.87975545283998
513950,2024-04-08,0.87605121935434,0.87605121935434,0.87605121935434,0.87605121935434
513950,2024-04-09,0.88160756958281,0.88160756958281,0.88160756958281,0.88160756958281
513950,2024-04-10,0.88808997818268,0.88808997818268,0.88808997818268,0.88808997818268
513950,2024-04-11,0.89179421166832,0.89179421166832,0.89179421166832,0.89179421166832
513950,2024-04-12,0.87697727772575,0.87697727772575,0.87697727772575,0.87697727772575
513950,2024-04-15,0.87975545283998,0.87975545283998,0.87975545283998,0.87975545283998
513950,2024-04-16,0.87142092749729,0.87142092749729,0.87142092749729,0.87142092749729
513950,2024-04-17,0.87697727772575,0.87697727772575,0.87697727772575,0.87697727772575
513950,2024-04-18,0.88623786143986,0.88623786143986,0.88623786143986,0.88623786143986
513950,2024-04-19,0.88438574469704,0.88438574469704,0.88438574469704,0.88438574469704
513950,2024-04-22,0.88901603655409,0.88901603655409,0.88901603655409,0.88901603655409
513950,2024-04-23,0.88623786143986,0.88623786143986,0.88623786143986,0.88623786143986
513950,2024-04-24,0.89549844515396,0.89549844515396,0.89549844515396,0.89549844515396
513950,2024-04-25,0.90475902886807,0.90475902886807,0.90475902886807,0.90475902886807
513950,2024-04-26,0.91772384606781,0.91772384606781,0.91772384606781,0.91772384606781
513950,2024-04-29,0.92328019629628,0.92328019629628,0.92328019629628,0.92328019629628
513950,2024-04-30,0.92050202118205,0.92050202118205,0.92050202118205,0.92050202118205
513950,2024-05-06,0.92883654652474,0.92883654652474,0.92883654652474,0.92883654652474
513950,2024-05-07,0.93068866326756,0.93068866326756,0.93068866326756,0.93068866326756
513950,2024-05-08,0.92605837141051,0.92605837141051,0.92605837141051,0.92605837141051
513950,2024-05-09,0.9343928967532,0.9343928967532,0.9343928967532,0.9343928967532
513950,2024-05-10,0.97884369858091,0.97884369858091,0.97884369858091,0.97884369858091
513950,2024-05-13,0.98995639903783,0.98995639903783,0.98995639903783,0.98995639903783
513950,2024-05-14,0.97976975695232,0.97976975695232,0.97976975695232,0.97976975695232
513950,2024-05-15,0.97328734835245,0.97328734835245,0.97328734835245,0.97328734835245
513950,2024-05-16,0.99366063252348,0.99366063252348,0.99366063252348,0.99366063252348
513950,2024-05-17,0.99921698275194,0.99921698275194,0.99921698275194,0.99921698275194
513950,2024-05-20,1.0066254497232,1.0066254497232,1.0066254497232,1.0066254497232
513950,2024-05-21,0.9955127492663,0.9955127492663,0.9955127492663,0.9955127492663
513950,2024-05-22,0.99643880763771,0.99643880763771,0.99643880763771,0.99643880763771
513950,2024-05-23,0.98440004880937,0.98440004880937,0.98440004880937,0.98440004880937
513950,2024-05-24,0.97236128998103,0.97236128998103,0.97236128998103,0.97236128998103
513950,2024-05-27,0.98995639903783,0.98995639903783,0.98995639903783,0.98995639903783
513950,2024-05-28,0.98810428229501,0.98810428229501,0.98810428229501,0.98810428229501
513950,2024-05-29,0.97884369858091,0.97884369858091,0.97884369858091,0.97884369858091
513950,2024-05-30,0.96124858952411,0.96124858952411,0.96124858952411,0.96124858952411
513950,2024-05-31,0.96680493975257,0.96680493975257,0.96680493975257,0.96680493975257
513950,2024-06-03,0.97143523160962,0.97143523160962,0.97143523160962,0.97143523160962
513950,2024-06-04,0.97421340672386,0.97421340672386,0.97421340672386,0.97421340672386
513950,2024-06-05,0.96495282300975,0.96495282300975,0.96495282300975,0.96495282300975
513950,2024-06-06,0.96773099812398,0.96773099812398,0.96773099812398,0.96773099812398
513950,2024-06-07,0.97606552346668,0.97606552346668,0.97606552346668,0.97606552346668
513950,2024-06-11,0.95384012255282,0.95384012255282,0.95384012255282,0.95384012255282
513950,2024-06-12,0.94828377232436,0.94828377232436,0.94828377232436,0.94828377232436
513950,2024-06-13,0.95106194743859,0.95106194743859,0.95106194743859,0.95106194743859
513950,2024-06-14,0.95661829766706,0.95661829766706,0.95661829766706,0.95661829766706
513950,2024-06-17,0.94365348046731,0.94365348046731,0.94365348046731,0.94365348046731
513950,2024-06-18,0.95291406418141,0.95291406418141,0.95291406418141,0.95291406418141
513950,2024-06-19,0.97050917323821,0.97050917323821,0.97050917323821,0.97050917323821
513950,2024-06-20,0.97143523160962,0.97143523160962,0.97143523160962,0.97143523160962
513950,2024-06-21,0.96124858952411,0.96124858952411,0.96124858952411,0.96124858952411
513950,2024-06-24,0.95384012255282,0.95384012255282,0.95384012255282,0.95384012255282
513950,2024-06-25,0.9603225311527,0.9603225311527,0.9603225311527,0.9603225311527
513950,2024-06-26,0.96778781723549,0.96778781723549,0.96778781723549,0.96778781723549
513950,2024-06-27,0.95195298288226,0.95195298288226,0.95195298288226,0.95195298288226
513950,2024-06-28,0.97058219976841,0.97058219976841,0.97058219976841,0.97058219976841
513950,2024-07-01,0.97617096483425,0.97617096483425,0.97617096483425,0.97617096483425
513950,2024-07-02,0.98082826905579,0.98082826905579,0.98082826905579,0.98082826905579
513950,2024-07-03,0.98455411243302,0.98455411243302,0.98455411243302,0.98455411243302
513950,2024-07-04,0.98921141665456,0.98921141665456,0.98921141665456,0.98921141665456
513950,2024-07-05,0.98082826905579,0.98082826905579,0.98082826905579,0.98082826905579
513950,2024-07-08,0.9696507389241,0.9696507389241,0.9696507389241,0.9696507389241
513950,2024-07-09,0.97244512145702,0.97244512145702,0.97244512145702,0.97244512145702
513950,2024-07-10,0.9575417479481,0.9575417479481,0.9575417479481,0.9575417479481
513950,2024-07-11,0.96685635639118,0.96685635639118,0.96685635639118,0.96685635639118
513950,2024-07-12,0.98548557327733,0.98548557327733,0.98548557327733,0.98548557327733
513950,2024-07-15,0.97989680821148,0.97989680821148,0.97989680821148,0.97989680821148
513950,2024-07-16,0.97337658230133,0.97337658230133,0.97337658230133,0.97337658230133
513950,2024-07-17,0.96219905216964,0.96219905216964,0.96219905216964,0.96219905216964
513950,2024-07-18,0.97337658230133,0.97337658230133,0.97337658230133,0.97337658230133
513950,2024-07-19,0.95102152203795,0.95102152203795,0.95102152203795,0.95102152203795
513950,2024-07-22,0.95847320879241,0.95847320879241,0.95847320879241,0.95847320879241
513950,2024-07-23,0.95940466963672,0.95940466963672,0.95940466963672,0.95940466963672
513950,2024-07-24,0.96126759132533,0.96126759132533,0.96126759132533,0.96126759132533
513950,2024-07-25,0.9445012961278,0.9445012961278,0.9445012961278,0.9445012961278
513950,2024-07-26,0.93984399190626,0.93984399190626,0.93984399190626,0.93984399190626
513950,2024-07-29,0.95195298288226,0.95195298288226,0.95195298288226,0.95195298288226
513950,2024-07-30,0.93984399190626,0.93984399190626,0.93984399190626,0.93984399190626
513950,2024-07-31,0.94915860034934,0.94915860034934,0.94915860034934,0.94915860034934
513950,2024-08-01,0.94729567866072,0.94729567866072,0.94729567866072,0.94729567866072
513950,2024-08-02,0.94263837443918,0.94263837443918,0.94263837443918,0.94263837443918
513950,2024-08-05,0.92214623586442,0.92214623586442,0.92214623586442,0.92214623586442
513950,2024-08-06,0.92587207924165,0.92587207924165,0.92587207924165,0.92587207924165
513950,2024-08-07,0.93798107021765,0.93798107021765,0.93798107021765,0.93798107021765
513950,2024-08-08,0.94077545275057,0.94077545275057,0.94077545275057,0.94077545275057
513950,2024-08-09,0.94543275697211,0.94543275697211,0.94543275697211,0.94543275697211
513950,2024-08-12,0.94543275697211,0.94543275697211,0.94543275697211,0.94543275697211
513950,2024-08-13,0.94915860034934,0.94915860034934,0.94915860034934,0.94915860034934
513950,2024-08-14,0.94822713950503,0.94822713950503,0.94822713950503,0.94822713950503
513950,2024-08-15,0.95474736541518,0.95474736541518,0.95474736541518,0.95474736541518
513950,2024-08-16,0.9585524140066,0.9585524140066,0.9585524140066,0.9585524140066
513950,2024-08-19,0.97172192705478,0.97172192705478,0.97172192705478,0.97172192705478
513950,2024-08-20,0.96325581152381,0.96325581152381,0.96325581152381,0.96325581152381
513950,2024-08-21,0.95949309351004,0.95949309351004,0.95949309351004,0.95949309351004
513950,2024-08-22,0.96137445251692,0.96137445251692,0.96137445251692,0.96137445251692
513950,2024-08-23,0.96607785003413,0.96607785003413,0.96607785003413,0.96607785003413
513950,2024-08-26,0.97078124755134,0.97078124755134,0.97078124755134,0.97078124755134
513950,2024-08-27,0.98018804258575,0.98018804258575,0.98018804258575,0.98018804258575
513950,2024-08-28,0.97548464506854,0.97548464506854,0.97548464506854,0.97548464506854
513950,2024-08-29,0.97172192705478,0.97172192705478,0.97172192705478,0.97172192705478
513950,2024-08-30,0.97642532457198,0.97642532457198,0.97642532457198,0.97642532457198
513950,2024-09-02,0.96325581152381,0.96325581152381,0.96325581152381,0.96325581152381
513950,2024-09-03,0.95667105499972,0.95667105499972,0.95667105499972,0.95667105499972
513950,2024-09-04,0.94820493946875,0.94820493946875,0.94820493946875,0.94820493946875
513950,2024-09-05,0.94632358046186,0.94632358046186,0.94632358046186,0.94632358046186
513950,2024-09-06,0.94350154195154,0.94350154195154,0.94350154195154,0.94350154195154
513950,2024-09-09,0.92750999039304,0.92750999039304,0.92750999039304,0.92750999039304
513950,2024-09-10,0.92750999039304,0.92750999039304,0.92750999039304,0.92750999039304
513950,2024-09-11,0.91339979784142,0.91339979784142,0.91339979784142,0.91339979784142
513950,2024-09-12,0.92186591337239,0.92186591337239,0.92186591337239,0.92186591337239
513950,2024-09-13,0.92750999039304,0.92750999039304,0.92750999039304,0.92750999039304
513950,2024-09-18,0.93409474691713,0.93409474691713,0.93409474691713,0.93409474691713
513950,2024-09-19,0.94632358046186,0.94632358046186,0.94632358046186,0.94632358046186
513950,2024-09-20,0.94914561897219,0.94914561897219,0.94914561897219,0.94914561897219
513950,2024-09-23,0.96043377301348,0.96043377301348,0.96043377301348,0.96043377301348
513950,2024-09-24,0.98959483762016,0.98959483762016,0.98959483762016,0.98959483762016
513950,2024-09-25,0.99900163265457,0.99900163265457,0.99900163265457,0.99900163265457
513950,2024-09-26,1.0196965817303,1.0196965817303,1.0196965817303,1.0196965817303
513950,2024-09-27,1.0309847357716,1.0309847357716,1.0309847357716,1.0309847357716
513950,2024-09-30,1.0836627879643,1.0836627879643,1.0836627879643,1.0836627879643
513950,2024-10-08,1.136340840157,1.136340840157,1.136340840157,1.136340840157
513950,2024-10-09,1.0714339544195,1.0714339544195,1.0714339544195,1.0714339544195
513950,2024-10-10,1.1052984165434,1.1052984165434,1.1052984165434,1.1052984165434
513950,2024-10-11,1.0911882239918,1.0911882239918,1.0911882239918,1.0911882239918
513950,2024-10-14,1.1165865705847,1.1165865705847,1.1165865705847,1.1165865705847
513950,2024-10-15,1.0799000699505,1.0799000699505,1.0799000699505,1.0799000699505
513950,2024-10-16,1.0940102625021,1.0940102625021,1.0940102625021,1.0940102625021
513950,2024-10-17,1.0827221084608,1.0827221084608,1.0827221084608,1.0827221084608
513950,2024-10-18,1.1034170575365,1.1034170575365,1.1034170575365,1.1034170575365
513950,2024-10-21,1.0987136600193,1.0987136600193,1.0987136600193,1.0987136600193
513950,2024-10-22,1.1062390960469,1.1062390960469,1.1062390960469,1.1062390960469
513950,2024-10-23,1.1109424935641,1.1109424935641,1.1109424935641,1.1109424935641
513950,2024-10-24,1.1052984165434,1.1052984165434,1.1052984165434,1.1052984165434
513950,2024-10-25,1.1005950190262,1.1005950190262,1.1005950190262,1.1005950190262
513950,2024-10-28,1.1147052115778,1.1147052115778,1.1147052115778,1.1147052115778
513950,2024-10-29,1.0996543395228,1.0996543395228,1.0996543395228,1.0996543395228
513950,2024-10-30,1.0855441469712,1.0855441469712,1.0855441469712,1.0855441469712
513950,2024-10-31,1.0846034674677,1.0846034674677,1.0846034674677,1.0846034674677
513950,2024-11-01,1.0911882239918,1.0911882239918,1.0911882239918,1.0911882239918
513950,2024-11-04,1.0949509420056,1.0949509420056,1.0949509420056,1.0949509420056
513950,2024-11-05,1.1118831730675,1.1118831730675,1.1118831730675,1.1118831730675
513950,2024-11-06,1.1024103654364,1.1024103654364,1.1024103654364,1.1024103654364
513950,2024-11-07,1.1373027379951,1.1373027379951,1.1373027379951,1.1373027379951
513950,2024-11-08,1.12127110736,1.12127110736,1.12127110736,1.12127110736
513950,2024-11-11,1.1061825138211,1.1061825138211,1.1061825138211,1.1061825138211
513950,2024-11-12,1.0788344380318,1.0788344380318,1.0788344380318,1.0788344380318
513950,2024-11-13,1.0769483638395,1.0769483638395,1.0769483638395,1.0769483638395
513950,2024-11-14,1.0628028073967,1.0628028073967,1.0628028073967,1.0628028073967
513950,2024-11-15,1.0675179928777,1.0675179928777,1.0675179928777,1.0675179928777
513950,2024-11-18,1.0835496235127,1.0835496235127,1.0835496235127,1.0835496235127
513950,2024-11-19,1.0873217718975,1.0873217718975,1.0873217718975,1.0873217718975
513950,2024-11-20,1.0873217718975,1.0873217718975,1.0873217718975,1.0873217718975
513950,2024-11-21,1.0892078460898,1.0892078460898,1.0892078460898,1.0892078460898
513950,2024-11-22,1.0580876219158,1.0580876219158,1.0580876219158,1.0580876219158
513950,2024-11-25,1.0609167332044,1.0609167332044,1.0609167332044,1.0609167332044
513950,2024-11-26,1.0514863622426,1.0514863622426,1.0514863622426,1.0514863622426
513950,2024-11-27,1.059030659012,1.059030659012,1.059030659012,1.059030659012
513950,2024-11-28,1.0543154735311,1.0543154735311,1.0543154735311,1.0543154735311
513950,2024-11-29,1.0571445848197,1.0571445848197,1.0571445848197,1.0571445848197
513950,2024-12-02,1.0703471041662,1.0703471041662,1.0703471041662,1.0703471041662
513950,2024-12-03,1.0844926606089,1.0844926606089,1.0844926606089,1.0844926606089
513950,2024-12-04,1.0844926606089,1.0844926606089,1.0844926606089,1.0844926606089
513950,2024-12-05,1.0826065864166,1.0826065864166,1.0826065864166,1.0826065864166
513950,2024-12-06,1.0967521428593,1.0967521428593,1.0967521428593,1.0967521428593
513950,2024-12-09,1.0976951799555,1.0976951799555,1.0976951799555,1.0976951799555
513950,2024-12-10,1.1118407363982,1.1118407363982,1.1118407363982,1.1118407363982
513950,2024-12-11,1.1090116251096,1.1090116251096,1.1090116251096,1.1090116251096
513950,2024-12-12,1.1250432557447,1.1250432557447,1.1250432557447,1.1250432557447
513950,2024-12-13,1.1042964396287,1.1042964396287,1.1042964396287,1.1042964396287
513950,2024-12-16,1.1042964396287,1.1042964396287,1.1042964396287,1.1042964396287
513950,2024-12-17,1.0929799944746,1.0929799944746,1.0929799944746,1.0929799944746
513950,2024-12-18,1.1042964396287,1.1042964396287,1.1042964396287,1.1042964396287
513950,2024-12-19,1.0948660686669,1.0948660686669,1.0948660686669,1.0948660686669
513950,2024-12-20,1.0882648089936,1.0882648089936,1.0882648089936,1.0882648089936
513950,2024-12-23,1.0986382170516,1.0986382170516,1.0986382170516,1.0986382170516
513950,2024-12-24,1.1184419960715,1.1184419960715,1.1184419960715,1.1184419960715
513950,2024-12-25,1.1221905094412,1.1221905094412,1.1221905094412,1.1221905094412
513950,2024-12-26,1.1231359100389,1.1231359100389,1.1231359100389,1.1231359100389
513950,2024-12-27,1.1184089070505,1.1184089070505,1.1184089070505,1.1184089070505
513950,2024-12-30,1.1250267112343,1.1250267112343,1.1250267112343,1.1250267112343
513950,2024-12-31,1.1382623196017,1.1382623196017,1.1382623196017,1.1382623196017
513950,2025-01-02,1.1089549010738,1.1089549010738,1.1089549010738,1.1089549010738
513950,2025-01-03,1.1051732986831,1.1051732986831,1.1051732986831,1.1051732986831
513950,2025-01-06,1.1042278980854,1.1042278980854,1.1042278980854,1.1042278980854
513950,2025-01-07,1.0928830909133,1.0928830909133,1.0928830909133,1.0928830909133
513950,2025-01-08,1.0872106873272,1.0872106873272,1.0872106873272,1.0872106873272
513950,2025-01-09,1.0891014885226,1.0891014885226,1.0891014885226,1.0891014885226
513950,2025-01-10,1.0834290849365,1.0834290849365,1.0834290849365,1.0834290849365
513950,2025-01-13,1.0777566813505,1.0777566813505,1.0777566813505,1.0777566813505
513950,2025-01-14,1.0928830909133,1.0928830909133,1.0928830909133,1.0928830909133
513950,2025-01-15,1.0957192927063,1.0957192927063,1.0957192927063,1.0957192927063
513950,2025-01-16,1.1051732986831,1.1051732986831,1.1051732986831,1.1051732986831
513950,2025-01-17,1.1108457022691,1.1108457022691,1.1108457022691,1.1108457022691
513950,2025-01-20,1.1165181058552,1.1165181058552,1.1165181058552,1.1165181058552
513950,2025-01-21,1.1127365034645,1.1127365034645,1.1127365034645,1.1127365034645
513950,2025-01-22,1.1004462956947,1.1004462956947,1.1004462956947,1.1004462956947
513950,2025-01-23,1.1080095004761,1.1080095004761,1.1080095004761,1.1080095004761
513950,2025-01-24,1.1146273046598,1.1146273046598,1.1146273046598,1.1146273046598
513950,2025-01-27,1.1202997082459,1.1202997082459,1.1202997082459,1.1202997082459
513950,2025-02-05,1.1127365034645,1.1127365034645,1.1127365034645,1.1127365034645
513950,2025-02-06,1.1136819040622,1.1136819040622,1.1136819040622,1.1136819040622
513950,2025-02-07,1.1146273046598,1.1146273046598,1.1146273046598,1.1146273046598
513950,2025-02-10,1.1174635064529,1.1174635064529,1.1174635064529,1.1174635064529
513950,2025-02-11,1.1202997082459,1.1202997082459,1.1202997082459,1.1202997082459
513950,2025-02-12,1.134480717211,1.134480717211,1.134480717211,1.134480717211
513950,2025-02-13,1.1373169190041,1.1373169190041,1.1373169190041,1.1373169190041
513950,2025-02-14,1.125972111832,1.125972111832,1.125972111832,1.125972111832
513950,2025-02-17,1.1448801237855,1.1448801237855,1.1448801237855,1.1448801237855
513950,2025-02-18,1.1410985213948,1.1410985213948,1.1410985213948,1.1410985213948
513950,2025-02-19,1.1458255243831,1.1458255243831,1.1458255243831,1.1458255243831
513950,2025-02-20,1.1410985213948,1.1410985213948,1.1410985213948,1.1410985213948
513950,2025-02-21,1.1420439219924,1.1420439219924,1.1420439219924,1.1420439219924
513950,2025-02-24,1.1524433285669,1.1524433285669,1.1524433285669,1.1524433285669
513950,2025-02-25,1.1382623196017,1.1382623196017,1.1382623196017,1.1382623196017
513950,2025-02-26,1.1628427351413,1.1628427351413,1.1628427351413,1.1628427351413
513950,2025-02-27,1.1685151387274,1.1685151387274,1.1685151387274,1.1685151387274
513950,2025-02-28,1.1410985213948,1.1410985213948,1.1410985213948,1.1410985213948
513950,2025-03-03,1.1458255243831,1.1458255243831,1.1458255243831,1.1458255243831
513950,2025-03-04,1.1467709249808,1.1467709249808,1.1467709249808,1.1467709249808
513950,2025-03-05,1.1666807255183,1.1666807255183,1.1666807255183,1.1666807255183
513950,2025-03-06,1.1723764817047,1.1723764817047,1.1723764817047,1.1723764817047
513950,2025-03-07,1.1752243597979,1.1752243597979,1.1752243597979,1.1752243597979
513950,2025-03-10,1.1733257744024,1.1733257744024,1.1733257744024,1.1733257744024
513950,2025-03-11,1.181869408682,1.181869408682,1.181869408682,1.181869408682
513950,2025-03-12,1.1847172867753,1.1847172867753,1.1847172867753,1.1847172867753
513950,2025-03-13,1.1828187013798,1.1828187013798,1.1828187013798,1.1828187013798
513950,2025-03-14,1.1913623356594,1.1913623356594,1.1913623356594,1.1913623356594
513950,2025-03-17,1.1989566772413,1.1989566772413,1.1989566772413,1.1989566772413
513950,2025-03-18,1.2103481896141,1.2103481896141,1.2103481896141,1.2103481896141
513950,2025-03-19,1.217942531196,1.217942531196,1.217942531196,1.217942531196
513950,2025-03-20,1.2075003115209,1.2075003115209,1.2075003115209,1.2075003115209
513950,2025-03-21,1.1932609210549,1.1932609210549,1.1932609210549,1.1932609210549
513950,2025-03-24,1.1904130429617,1.1904130429617,1.1904130429617,1.1904130429617
513950,2025-03-25,1.1866158721707,1.1866158721707,1.1866158721707,1.1866158721707
513950,2025-03-26,1.1866158721707,1.1866158721707,1.1866158721707,1.1866158721707
513950,2025-03-27,1.1970580918458,1.1970580918458,1.1970580918458,1.1970580918458
513950,2025-03-28,1.181869408682,1.181869408682,1.181869408682,1.181869408682
513950,2025-03-31,1.1733257744024,1.1733257744024,1.1733257744024,1.1733257744024
513950,2025-04-01,1.1885144575662,1.1885144575662,1.1885144575662,1.1885144575662
513950,2025-04-02,1.1942102137526,1.1942102137526,1.1942102137526,1.1942102137526
513950,2025-04-03,1.1866158721707,1.1866158721707,1.1866158721707,1.1866158721707
513950,2025-04-07,1.0831429681174,1.0831429681174,1.0831429681174,1.0831429681174
513950,2025-04-08,1.0859908462106,1.0859908462106,1.0859908462106,1.0859908462106
513950,2025-04-09,1.0897880170016,1.0897880170016,1.0897880170016,1.0897880170016
513950,2025-04-10,1.1154189198405,1.1154189198405,1.1154189198405,1.1154189198405
513950,2025-04-11,1.117317505236,1.117317505236,1.117317505236,1.117317505236
513950,2025-04-14,1.1410498226794,1.1410498226794,1.1410498226794,1.1410498226794
513950,2025-04-15,1.1429484080748,1.1429484080748,1.1429484080748,1.1429484080748
513950,2025-04-16,1.1405638184147,1.1405638184147,1.1405638184147,1.1405638184147
513950,2025-04-17,1.1396093717047,1.1396093717047,1.1396093717047,1.1396093717047
513950,2025-04-18,1.1377004782847,1.1377004782847,1.1377004782847,1.1377004782847
513950,2025-04-21,1.1396093717047,1.1396093717047,1.1396093717047,1.1396093717047
513950,2025-04-22,1.1481993920944,1.1481993920944,1.1481993920944,1.1481993920944
513950,2025-04-23,1.1577438591941,1.1577438591941,1.1577438591941,1.1577438591941
513950,2025-04-24,1.1520171789343,1.1520171789343,1.1520171789343,1.1520171789343
513950,2025-04-25,1.1586983059041,1.1586983059041,1.1586983059041,1.1586983059041
513950,2025-04-28,1.1672883262938,1.1672883262938,1.1672883262938,1.1672883262938
513950,2025-04-29,1.1586983059041,1.1586983059041,1.1586983059041,1.1586983059041
513950,2025-04-30,1.1586983059041,1.1586983059041,1.1586983059041,1.1586983059041
513950,2025-05-06,1.1644249861639,1.1644249861639,1.1644249861639,1.1644249861639
513950,2025-05-07,1.1758783466836,1.1758783466836,1.1758783466836,1.1758783466836
513950,2025-05-08,1.1758783466836,1.1758783466836,1.1758783466836,1.1758783466836
513950,2025-05-09,1.1863772604932,1.1863772604932,1.1863772604932,1.1863772604932
513950,2025-05-12,1.1987850677228,1.1987850677228,1.1987850677228,1.1987850677228
513950,2025-05-13,1.2054661946926,1.2054661946926,1.2054661946926,1.2054661946926
513950,2025-05-14,1.2197828953422,1.2197828953422,1.2197828953422,1.2197828953422
513950,2025-05-15,1.2159651085023,1.2159651085023,1.2159651085023,1.2159651085023
513950,2025-05-16,1.2073750881126,1.2073750881126,1.2073750881126,1.2073750881126
513950,2025-05-19,1.2159651085023,1.2159651085023,1.2159651085023,1.2159651085023
513950,2025-05-20,1.227418469022,1.227418469022,1.227418469022,1.227418469022
513950,2025-05-21,1.224555128892,1.224555128892,1.224555128892,1.224555128892
513950,2025-05-22,1.227418469022,1.227418469022,1.227418469022,1.227418469022
513950,2025-05-23,1.2188284486322,1.2188284486322,1.2188284486322,1.2188284486322
513950,2025-05-26,1.2197828953422,1.2197828953422,1.2197828953422,1.2197828953422
513950,2025-05-27,1.2236006821821,1.2236006821821,1.2236006821821,1.2236006821821
513950,2025-05-28,1.2283729157319,1.2283729157319,1.2283729157319,1.2283729157319
513950,2025-05-29,1.2302818091519,1.2302818091519,1.2302818091519,1.2302818091519
513950,2025-05-30,1.226464022312,1.226464022312,1.226464022312,1.226464022312
513950,2025-06-03,1.2388718295416,1.2388718295416,1.2388718295416,1.2388718295416
513950,2025-06-04,1.2398262762516,1.2398262762516,1.2398262762516,1.2398262762516
513950,2025-06-05,1.2398262762516,1.2398262762516,1.2398262762516,1.2398262762516
513950,2025-06-06,1.2465074032214,1.2465074032214,1.2465074032214,1.2465074032214
513950,2025-06-09,1.2493707433513,1.2493707433513,1.2493707433513,1.2493707433513
513950,2025-06-10,1.2655963374208,1.2655963374208,1.2655963374208,1.2655963374208
513950,2025-06-11,1.2799130380703,1.2799130380703,1.2799130380703,1.2799130380703
513950,2025-06-12,1.2808674847803,1.2808674847803,1.2808674847803,1.2808674847803
513950,2025-06-13,1.2894550051081,1.2894550051081,1.2894550051081,1.2894550051081
513950,2025-06-16,1.2961859410036,1.2961859410036,1.2961859410036,1.2961859410036
513950,2025-06-17,1.2913781296497,1.2913781296497,1.2913781296497,1.2913781296497
513950,2025-06-18,1.2894550051081,1.2894550051081,1.2894550051081,1.2894550051081
513950,2025-06-19,1.2673390728803,1.2673390728803,1.2673390728803,1.2673390728803
513950,2025-06-20,1.2817625069419,1.2817625069419,1.2817625069419,1.2817625069419
513950,2025-06-23,1.294262816462,1.294262816462,1.294262816462,1.294262816462
513950,2025-06-24,1.3096478127944,1.3096478127944,1.3096478127944,1.3096478127944
513950,2025-06-25,1.3163787486898,1.3163787486898,1.3163787486898,1.3163787486898
513950,2025-06-26,1.3115709373359,1.3115709373359,1.3115709373359,1.3115709373359
513950,2025-06-27,1.3009937523574,1.3009937523574,1.3009937523574,1.3009937523574
513950,2025-06-30,1.2981090655451,1.2981090655451,1.2981090655451,1.2981090655451
513950,2025-07-01,1.3009937523574,1.3009937523574,1.3009937523574,1.3009937523574
513950,2025-07-02,1.324071246856,1.324071246856,1.324071246856,1.324071246856
513950,2025-07-03,1.3183018732314,1.3183018732314,1.3183018732314,1.3183018732314
513950,2025-07-04,1.3173403109606,1.3173403109606,1.3173403109606,1.3173403109606
513950,2025-07-07,1.3298406204806,1.3298406204806,1.3298406204806,1.3298406204806
513950,2025-07-08,1.3308021827514,1.3308021827514,1.3308021827514,1.3308021827514
513950,2025-07-09,1.3269559336683,1.3269559336683,1.3269559336683,1.3269559336683
513950,2025-07-10,1.3394562431884,1.3394562431884,1.3394562431884,1.3394562431884
513950,2025-07-11,1.3423409300007,1.3423409300007,1.3423409300007,1.3423409300007
513950,2025-07-14,1.3481103036254,1.3481103036254,1.3481103036254,1.3481103036254
513950,2025-07-15,1.3433024922715,1.3433024922715,1.3433024922715,1.3433024922715
513950,2025-07-16,1.3490718658961,1.3490718658961,1.3490718658961,1.3490718658961
513950,2025-07-17,1.3433024922715,1.3433024922715,1.3433024922715,1.3433024922715
513950,2025-07-18,1.3481103036254,1.3481103036254,1.3481103036254,1.3481103036254
513950,2025-07-21,1.362533737687,1.362533737687,1.362533737687,1.362533737687
513950,2025-07-22,1.375034047207,1.375034047207,1.375034047207,1.375034047207
513950,2025-07-23,1.3827265453732,1.3827265453732,1.3827265453732,1.3827265453732
513950,2025-07-24,1.3913806058102,1.3913806058102,1.3913806058102,1.3913806058102
513950,2025-07-25,1.3942652926225,1.3942652926225,1.3942652926225,1.3942652926225
513950,2025-07-28,1.3894574812686,1.3894574812686,1.3894574812686,1.3894574812686
513950,2025-07-29,1.3875343567271,1.3875343567271,1.3875343567271,1.3875343567271
513950,2025-07-30,1.3875343567271,1.3875343567271,1.3875343567271,1.3875343567271
513950,2025-07-31,1.3634952999577,1.3634952999577,1.3634952999577,1.3634952999577
513950,2025-08-01,1.3567643640623,1.3567643640623,1.3567643640623,1.3567643640623
513950,2025-08-04,1.3548412395208,1.3548412395208,1.3548412395208,1.3548412395208
513950,2025-08-05,1.375034047207,1.375034047207,1.375034047207,1.375034047207
513950,2025-08-06,1.3759956094778,1.3759956094778,1.3759956094778,1.3759956094778
513950,2025-08-07,1.3913806058102,1.3913806058102,1.3913806058102,1.3913806058102
513950,2025-08-08,1.383688107644,1.383688107644,1.383688107644,1.383688107644
513950,2025-08-11,1.3808034208317,1.3808034208317,1.3808034208317,1.3808034208317
513950,2025-08-12,1.3904190435394,1.3904190435394,1.3904190435394,1.3904190435394
513950,2025-08-13,1.3952268548933,1.3952268548933,1.3952268548933,1.3952268548933
513950,2025-08-14,1.3894012730357,1.3894012730357,1.3894012730357,1.3894012730357
513950,2025-08-15,1.3855175517973,1.3855175517973,1.3855175517973,1.3855175517973
513950,2025-08-18,1.3777501093205,1.3777501093205,1.3777501093205,1.3777501093205
513950,2025-08-19,1.3699826668437,1.3699826668437,1.3699826668437,1.3699826668437
513950,2025-08-20,1.3680408062245,1.3680408062245,1.3680408062245,1.3680408062245
513950,2025-08-21,1.3719245274629,1.3719245274629,1.3719245274629,1.3719245274629
513950,2025-08-22,1.3641570849861,1.3641570849861,1.3641570849861,1.3641570849861
513950,2025-08-25,1.3738663880821,1.3738663880821,1.3738663880821,1.3738663880821
513950,2025-08-26,1.3641570849861,1.3641570849861,1.3641570849861,1.3641570849861
513950,2025-08-27,1.3457094091038,1.3457094091038,1.3457094091038,1.3457094091038
513950,2025-08-28,1.3457094091038,1.3457094091038,1.3457094091038,1.3457094091038
513950,2025-08-29,1.3466803394134,1.3466803394134,1.3466803394134,1.3466803394134
513950,2025-09-01,1.342796618175,1.342796618175,1.342796618175,1.342796618175
513950,2025-09-02,1.3437675484846,1.3437675484846,1.3437675484846,1.3437675484846
513950,2025-09-03,1.3369710363174,1.3369710363174,1.3369710363174,1.3369710363174
513950,2025-09-04,1.3301745241502,1.3301745241502,1.3301745241502,1.3301745241502
513950,2025-09-05,1.3457094091038,1.3457094091038,1.3457094091038,1.3457094091038
513950,2025-09-08,1.3495931303422,1.3495931303422,1.3495931303422,1.3495931303422
513950,2025-09-09,1.3486222000326,1.3486222000326,1.3486222000326,1.3486222000326
513950,2025-09-10,1.3593024334381,1.3593024334381,1.3593024334381,1.3593024334381
513950,2025-09-11,1.3631861546765,1.3631861546765,1.3631861546765,1.3631861546765
513950,2025-09-12,1.3554187121997,1.3554187121997,1.3554187121997,1.3554187121997
513950,2025-09-15,1.3583315031285,1.3583315031285,1.3583315031285,1.3583315031285
513950,2025-09-16,1.3593024334381,1.3593024334381,1.3593024334381,1.3593024334381
513950,2025-09-17,1.3631861546765,1.3631861546765,1.3631861546765,1.3631861546765
513950,2025-09-18,1.3437675484846,1.3437675484846,1.3437675484846,1.3437675484846
513950,2025-09-19,1.3505640606518,1.3505640606518,1.3505640606518,1.3505640606518
513950,2025-09-22,1.333087315079,1.333087315079,1.333087315079,1.333087315079
513950,2025-09-23,1.328232663531,1.328232663531,1.328232663531,1.328232663531
513950,2025-09-24,1.333087315079,1.333087315079,1.333087315079,1.333087315079
513950,2025-09-25,1.3156105695062,1.3156105695062,1.3156105695062,1.3156105695062
513950,2025-09-26,1.3224070816734,1.3224070816734,1.3224070816734,1.3224070816734
513950,2025-09-29,1.3194942907446,1.3194942907446,1.3194942907446,1.3194942907446
513950,2025-09-30,1.3146396391966,1.3146396391966,1.3146396391966,1.3146396391966
513950,2025-10-09,1.3437675484846,1.3437675484846,1.3437675484846,1.3437675484846
513950,2025-10-10,1.3437675484846,1.3437675484846,1.3437675484846,1.3437675484846
513950,2025-10-13,1.337941966627,1.337941966627,1.337941966627,1.337941966627
513950,2025-10-14,1.3389128969366,1.3389128969366,1.3389128969366,1.3389128969366
513950,2025-10-15,1.3583315031285,1.3583315031285,1.3583315031285,1.3583315031285
513950,2025-10-16,1.3758082487013,1.3758082487013,1.3758082487013,1.3758082487013
513950,2025-10-17,1.3593024334381,1.3593024334381,1.3593024334381,1.3593024334381
513950,2025-10-20,1.3767791790109,1.3767791790109,1.3767791790109,1.3767791790109
513950,2025-10-21,1.3796919699397,1.3796919699397,1.3796919699397,1.3796919699397
513950,2025-10-22,1.3748373183917,1.3748373183917,1.3748373183917,1.3748373183917
513950,2025-10-23,1.3861104942644,1.3861104942644,1.3861104942644,1.3861104942644
513950,2025-10-24,1.389051322753,1.389051322753,1.389051322753,1.389051322753
513950,2025-10-27,1.3939527035672,1.3939527035672,1.3939527035672,1.3939527035672
513950,2025-10-28,1.3802288372874,1.3802288372874,1.3802288372874,1.3802288372874
513950,2025-10-29,1.3880710465901,1.3880710465901,1.3880710465901,1.3880710465901
513950,2025-10-30,1.3831696657759,1.3831696657759,1.3831696657759,1.3831696657759
513950,2025-10-31,1.3743471803103,1.3743471803103,1.3743471803103,1.3743471803103
513950,2025-11-03,1.3910118750787,1.3910118750787,1.3910118750787,1.3910118750787
513950,2025-11-04,1.3968935320558,1.3968935320558,1.3968935320558,1.3968935320558
513950,2025-11-05,1.4027751890328,1.4027751890328,1.4027751890328,1.4027751890328
513950,2025-11-06,1.4174793314755,1.4174793314755,1.4174793314755,1.4174793314755
513950,2025-11-07,1.4243412646154,1.4243412646154,1.4243412646154,1.4243412646154
513950,2025-11-10,1.4410059593838,1.4410059593838,1.4410059593838,1.4410059593838
513950,2025-11-11,1.4410059593838,1.4410059593838,1.4410059593838,1.4410059593838
513950,2025-11-12,1.4596312064779,1.4596312064779,1.4596312064779,1.4596312064779
513950,2025-11-13,1.4576706541522,1.4576706541522,1.4576706541522,1.4576706541522
513950,2025-11-14,1.440025683221,1.440025683221,1.440025683221,1.440025683221
513950,2025-11-17,1.4380651308953,1.4380651308953,1.4380651308953,1.4380651308953
513950,2025-11-18,1.4135582268241,1.4135582268241,1.4135582268241,1.4135582268241
513950,2025-11-19,1.4223807122898,1.4223807122898,1.4223807122898,1.4223807122898
513950,2025-11-20,1.4164990553127,1.4164990553127,1.4164990553127,1.4164990553127
513950,2025-11-21,1.4008146367071,1.4008146367071,1.4008146367071,1.4008146367071
513950,2025-11-24,1.3998343605443,1.3998343605443,1.3998343605443,1.3998343605443
513950,2025-11-25,1.4096371221728,1.4096371221728,1.4096371221728,1.4096371221728
513950,2025-11-26,1.4115976744984,1.4115976744984,1.4115976744984,1.4115976744984
513950,2025-11-27,1.4135582268241,1.4135582268241,1.4135582268241,1.4135582268241
513950,2025-11-28,1.40179491287,1.40179491287,1.40179491287,1.40179491287
513950,2025-12-01,1.4057160175214,1.4057160175214,1.4057160175214,1.4057160175214
513950,2025-12-02,1.4263018169411,1.4263018169411,1.4263018169411,1.4263018169411
513950,2025-12-03,1.4194398838012,1.4194398838012,1.4194398838012,1.4194398838012
513950,2025-12-04,1.4194398838012,1.4194398838012,1.4194398838012,1.4194398838012
513950,2025-12-05,1.4184596076384,1.4184596076384,1.4184596076384,1.4184596076384
513950,2025-12-08,1.4047357413585,1.4047357413585,1.4047357413585,1.4047357413585
513950,2025-12-09,1.3861104942644,1.3861104942644,1.3861104942644,1.3861104942644
513950,2025-12-10,1.3841499419388,1.3841499419388,1.3841499419388,1.3841499419388
513950,2025-12-11,1.3782682849617,1.3782682849617,1.3782682849617,1.3782682849617
513950,2025-12-12,1.3851302181016,1.3851302181016,1.3851302181016,1.3851302181016
513950,2025-12-15,1.3880710465901,1.3880710465901,1.3880710465901,1.3880710465901
513950,2025-12-16,1.3715334233626,1.3715334233626,1.3715334233626,1.3715334233626
513950,2025-12-17,1.3735139770425,1.3735139770425,1.3735139770425,1.3735139770425
513950,2025-12-18,1.3764848075625,1.3764848075625,1.3764848075625,1.3764848075625
513950,2025-12-19,1.3774750844024,1.3774750844024,1.3774750844024,1.3774750844024
513950,2025-12-22,1.3735139770425,1.3735139770425,1.3735139770425,1.3735139770425
513950,2025-12-23,1.3814361917623,1.3814361917623,1.3814361917623,1.3814361917623
513950,2025-12-24,1.3794556380824,1.3794556380824,1.3794556380824,1.3794556380824
513950,2025-12-25,1.3774750844024,1.3774750844024,1.3774750844024,1.3774750844024
513950,2025-12-26,1.3784653612424,1.3784653612424,1.3784653612424,1.3784653612424
513950,2025-12-29,1.3646014854828,1.3646014854828,1.3646014854828,1.3646014854828
513950,2025-12-30,1.3626209318028,1.3626209318028,1.3626209318028,1.3626209318028
513950,2025-12-31,1.3517278865631,1.3517278865631,1.3517278865631,1.3517278865631
513950,2026-01-05,1.3537084402431,1.3537084402431,1.3537084402431,1.3537084402431
513950,2026-01-06,1.3675723160027,1.3675723160027,1.3675723160027,1.3675723160027
513950,2026-01-07,1.3695528696826,1.3695528696826,1.3695528696826,1.3695528696826
513950,2026-01-08,1.3655917623228,1.3655917623228,1.3655917623228,1.3655917623228
513950,2026-01-09,1.3725237002026,1.3725237002026,1.3725237002026,1.3725237002026
513950,2026-01-12,1.3735139770425,1.3735139770425,1.3735139770425,1.3735139770425
513950,2026-01-13,1.3814361917623,1.3814361917623,1.3814361917623,1.3814361917623
513950,2026-01-14,1.3774750844024,1.3774750844024,1.3774750844024,1.3774750844024
513950,2026-01-15,1.3804459149223,1.3804459149223,1.3804459149223,1.3804459149223
513950,2026-01-16,1.3735139770425,1.3735139770425,1.3735139770425,1.3735139770425
513950,2026-01-19,1.3725237002026,1.3725237002026,1.3725237002026,1.3725237002026
513950,2026-01-20,1.3794556380824,1.3794556380824,1.3794556380824,1.3794556380824
513950,2026-01-21,1.3794556380824,1.3794556380824,1.3794556380824,1.3794556380824
513950,2026-01-22,1.4002514517218,1.4002514517218,1.4002514517218,1.4002514517218
513950,2026-01-23,1.3883681296421,1.3883681296421,1.3883681296421,1.3883681296421
513950,2026-01-26,1.3992611748818,1.3992611748818,1.3992611748818,1.3992611748818
513950,2026-01-27,1.4002514517218,1.4002514517218,1.4002514517218,1.4002514517218
513950,2026-01-28,1.4259986495611,1.4259986495611,1.4259986495611,1.4259986495611
513950,2026-01-29,1.4428333558406,1.4428333558406,1.4428333558406,1.4428333558406
513950,2026-01-30,1.4250083727211,1.4250083727211,1.4250083727211,1.4250083727211
513950,2026-02-02,1.3863875759622,1.3863875759622,1.3863875759622,1.3863875759622
513950,2026-02-03,1.4061931127616,1.4061931127616,1.4061931127616,1.4061931127616
513950,2026-02-04,1.4349111411209,1.4349111411209,1.4349111411209,1.4349111411209
513950,2026-02-05,1.4329305874409,1.4329305874409,1.4329305874409,1.4329305874409
513950,2026-02-06,1.4398625253207,1.4398625253207,1.4398625253207,1.4398625253207
513950,2026-02-09,1.4487750168805,1.4487750168805,1.4487750168805,1.4487750168805
513950,2026-02-10,1.4507555705604,1.4507555705604,1.4507555705604,1.4507555705604
513950,2026-02-11,1.4626388926401,1.4626388926401,1.4626388926401,1.4626388926401
513950,2026-02-12,1.4666,1.4666,1.4666,1.4666
513950,2026-02-13,1.447,1.447,1.447,1.447
513950,2026-02-24,1.46,1.46,1.46,1.46
513950,2026-02-25,1.453,1.453,1.453,1.453
513950,2026-02-26,1.443,1.443,1.443,1.443
513950,2026-02-27,1.451,1.451,1.451,1.451
513950,2026-03-02,1.453,1.453,1.453,1.453
513950,2026-03-03,1.45,1.45,1.45,1.45
513950,2026-03-04,1.422,1.422,1.422,1.422
513950,2026-03-05,1.434,1.434,1.434,1.434
513950,2026-03-06,1.447,1.447,1.447,1.447
513950,2026-03-09,1.425,1.425,1.425,1.425
513950,2026-03-10,1.428,1.428,1.428,1.428
513950,2026-03-11,1.435,1.435,1.435,1.435
513950,2026-03-12,1.431,1.431,1.431,1.431
513950,2026-03-13,1.422,1.422,1.422,1.422
513950,2026-03-16,1.418,1.418,1.418,1.418
513950,2026-03-17,1.417,1.417,1.417,1.417
513950,2026-03-18,1.419,1.419,1.419,1.419
513950,2026-03-19,1.401,1.401,1.401,1.401
513950,2026-03-20,1.394,1.394,1.394,1.394
513950,2026-03-23,1.356,1.356,1.356,1.356
513950,2026-03-24,1.381,1.381,1.381,1.381
513950,2026-03-25,1.386,1.386,1.386,1.386
513950,2026-03-26,1.374,1.374,1.374,1.374
513950,2026-03-27,1.377,1.377,1.377,1.377
513950,2026-03-30,1.363,1.363,1.363,1.363
513950,2026-03-31,1.348,1.348,1.348,1.348
513950,2026-04-01,1.359,1.359,1.359,1.359
513950,2026-04-02,1.357,1.357,1.357,1.357
513950,2026-04-03,1.355,1.355,1.355,1.355
513950,2026-04-07,1.355,1.355,1.355,1.355
513950,2026-04-08,1.374,1.374,1.374,1.374
513950,2026-04-09,1.372,1.372,1.372,1.372
513950,2026-04-10,1.377,1.377,1.377,1.377
513950,2026-04-13,1.368,1.368,1.368,1.368
513950,2026-04-14,1.374,1.374,1.374,1.374
513950,2026-04-15,1.368,1.368,1.368,1.368
513950,2026-04-16,1.37,1.37,1.37,1.37
513950,2026-04-17,1.367,1.367,1.367,1.367
513950,2026-04-20,1.372,1.372,1.372,1.372
513950,2026-04-21,1.392,1.392,1.392,1.392
513950,2026-05-20,1.37,1.37,1.361,1.362
513950,2026-05-21,1.36,1.367,1.357,1.358
513950,2026-05-22,1.358,1.362,1.345,1.348
513950,2026-05-25,1.345,1.345,1.337,1.338
513950,2026-05-26,1.338,1.343,1.33,1.338
513950,2026-05-27,1.336,1.336,1.324,1.331
513950,2026-05-28,1.327,1.328,1.308,1.313
513950,2026-05-29,1.314,1.334,1.309,1.331
515080,2026-05-20,1.583,1.587,1.58,1.582
515080,2026-05-21,1.58,1.586,1.558,1.561
515080,2026-05-22,1.561,1.562,1.547,1.556
515080,2026-05-25,1.562,1.575,1.56,1.563
515080,2026-05-26,1.564,1.565,1.554,1.565
515080,2026-05-27,1.565,1.565,1.544,1.552
515080,2026-05-28,1.551,1.56,1.546,1.549
515080,2026-05-29,1.549,1.574,1.547,1.572
515100,2020-07-03,0.508,0.528,0.506,0.523
515100,2020-07-06,0.538,0.597,0.538,0.596
515100,2020-07-07,0.602,0.646,0.583,0.584
515100,2020-07-08,0.578,0.603,0.577,0.597
515100,2020-07-09,0.596,0.613,0.593,0.611
515100,2020-07-10,0.608,0.608,0.586,0.589
515100,2020-07-13,0.587,0.611,0.583,0.607
515100,2020-07-14,0.606,0.611,0.578,0.592
515100,2020-07-15,0.597,0.603,0.571,0.575
515100,2020-07-16,0.589,0.604,0.569,0.571
515100,2020-07-17,0.596,0.596,0.566,0.574
515100,2020-07-20,0.575,0.618,0.575,0.616
515100,2020-07-21,0.619,0.624,0.607,0.614
515100,2020-07-22,0.614,0.632,0.61,0.617
515100,2020-07-23,0.616,0.616,0.587,0.608
515100,2020-07-24,0.607,0.608,0.573,0.577
515100,2020-07-27,0.578,0.586,0.57,0.577
515100,2020-07-28,0.577,0.586,0.576,0.582
515100,2020-07-29,0.581,0.599,0.573,0.598
515100,2020-07-30,0.597,0.604,0.594,0.596
515100,2020-07-31,0.598,0.61,0.59,0.603
515100,2020-08-03,0.603,0.624,0.603,0.624
515100,2020-08-04,0.623,0.633,0.614,0.626
515100,2020-08-05,0.621,0.621,0.608,0.615
515100,2020-08-06,0.615,0.622,0.607,0.618
515100,2020-08-07,0.612,0.616,0.599,0.608
515100,2020-08-10,0.608,0.628,0.608,0.625
515100,2020-08-11,0.626,0.637,0.618,0.619
515100,2020-08-12,0.619,0.622,0.606,0.621
515100,2020-08-13,0.621,0.635,0.621,0.63
515100,2020-08-14,0.626,0.635,0.62,0.634
515100,2020-08-17,0.634,0.666,0.634,0.66
515100,2020-08-18,0.66,0.666,0.658,0.664
515100,2020-08-19,0.668,0.675,0.66,0.665
515100,2020-08-20,0.663,0.664,0.648,0.649
515100,2020-08-21,0.649,0.664,0.649,0.664
515100,2020-08-24,0.664,0.67,0.659,0.664
515100,2020-08-25,0.666,0.668,0.654,0.655
515100,2020-08-26,0.655,0.662,0.646,0.649
515100,2020-08-27,0.649,0.651,0.644,0.649
515100,2020-08-28,0.645,0.664,0.645,0.663
515100,2020-08-31,0.663,0.673,0.66,0.661
515100,2020-09-01,0.661,0.666,0.655,0.664
515100,2020-09-02,0.667,0.667,0.654,0.658
515100,2020-09-03,0.658,0.667,0.654,0.656
515100,2020-09-04,0.643,0.678,0.641,0.649
515100,2020-09-07,0.649,0.654,0.633,0.637
515100,2020-09-08,0.636,0.65,0.636,0.649
515100,2020-09-09,0.646,0.648,0.636,0.637
515100,2020-09-10,0.642,0.647,0.627,0.628
515100,2020-09-11,0.628,0.629,0.62,0.628
515100,2020-09-14,0.63,0.63,0.624,0.628
515100,2020-09-15,0.628,0.629,0.622,0.628
515100,2020-09-16,0.626,0.634,0.624,0.63
515100,2020-09-17,0.628,0.632,0.622,0.628
515100,2020-09-18,0.629,0.652,0.629,0.651
515100,2020-09-21,0.652,0.653,0.643,0.644
515100,2020-09-22,0.642,0.642,0.625,0.626
515100,2020-09-23,0.627,0.632,0.624,0.626
515100,2020-09-24,0.626,0.626,0.606,0.606
515100,2020-09-25,0.607,0.611,0.602,0.606
515100,2020-09-28,0.606,0.613,0.606,0.609
515100,2020-09-29,0.613,0.617,0.61,0.612
515100,2020-09-30,0.612,0.612,0.6,0.603
515100,2020-10-09,0.604,0.624,0.604,0.623
515100,2020-10-12,0.623,0.642,0.623,0.641
515100,2020-10-13,0.638,0.639,0.633,0.639
515100,2020-10-14,0.639,0.639,0.631,0.632
515100,2020-10-15,0.633,0.642,0.63,0.636
515100,2020-10-16,0.637,0.678,0.636,0.646
515100,2020-10-19,0.645,0.659,0.58,0.639
515100,2020-10-20,0.635,0.637,0.631,0.637
515100,2020-10-21,0.637,0.639,0.632,0.639
515100,2020-10-22,0.636,0.639,0.634,0.638
515100,2020-10-23,0.639,0.645,0.638,0.639
515100,2020-10-26,0.64,0.64,0.628,0.632
515100,2020-10-27,0.629,0.629,0.623,0.626
515100,2020-10-28,0.625,0.625,0.618,0.625
515100,2020-10-29,0.624,0.627,0.615,0.624
515100,2020-10-30,0.623,0.625,0.611,0.612
515100,2020-11-02,0.611,0.615,0.608,0.609
515100,2020-11-03,0.615,0.626,0.615,0.625
515100,2020-11-04,0.625,0.629,0.621,0.626
515100,2020-11-05,0.631,0.639,0.63,0.638
515100,2020-11-06,0.639,0.648,0.636,0.643
515100,2020-11-09,0.652,0.662,0.652,0.66
515100,2020-11-10,0.666,0.671,0.655,0.658
515100,2020-11-11,0.658,0.675,0.657,0.668
515100,2020-11-12,0.667,0.667,0.659,0.659
515100,2020-11-13,0.654,0.654,0.645,0.651
515100,2020-11-16,0.65,0.671,0.65,0.67
515100,2020-11-17,0.669,0.677,0.669,0.672
515100,2020-11-18,0.673,0.684,0.673,0.677
515100,2020-11-19,0.677,0.682,0.672,0.676
515100,2020-11-20,0.673,0.683,0.671,0.683
515100,2020-11-23,0.685,0.708,0.685,0.702
515100,2020-11-24,0.702,0.702,0.695,0.699
515100,2020-11-25,0.698,0.709,0.69,0.69
515100,2020-11-26,0.692,0.692,0.686,0.692
515100,2020-11-27,0.696,0.703,0.688,0.703
515100,2020-11-30,0.703,0.726,0.697,0.697
515100,2020-12-01,0.697,0.714,0.693,0.711
515100,2020-12-02,0.712,0.721,0.704,0.714
515100,2020-12-03,0.713,0.713,0.701,0.704
515100,2020-12-04,0.703,0.703,0.689,0.696
515100,2020-12-07,0.697,0.697,0.682,0.683
515100,2020-12-08,0.684,0.685,0.677,0.678
515100,2020-12-09,0.683,0.685,0.672,0.672
515100,2020-12-10,0.672,0.675,0.672,0.674
515100,2020-12-11,0.675,0.681,0.657,0.665
515100,2020-12-14,0.657,0.659,0.651,0.659
515100,2020-12-15,0.667,0.667,0.645,0.652
515100,2020-12-16,0.652,0.655,0.646,0.647
515100,2020-12-17,0.648,0.668,0.646,0.667
515100,2020-12-18,0.666,0.682,0.666,0.674
515100,2020-12-21,0.674,0.681,0.67,0.678
515100,2020-12-22,0.673,0.673,0.648,0.65
515100,2020-12-23,0.649,0.656,0.648,0.652
515100,2020-12-24,0.651,0.654,0.641,0.644
515100,2020-12-25,0.644,0.662,0.644,0.66
515100,2020-12-28,0.659,0.66,0.648,0.651
515100,2020-12-29,0.649,0.651,0.643,0.643
515100,2020-12-30,0.643,0.652,0.642,0.648
515100,2020-12-31,0.646,0.656,0.646,0.654
515100,2021-01-04,0.653,0.658,0.647,0.655
515100,2021-01-05,0.651,0.651,0.638,0.647
515100,2021-01-06,0.648,0.656,0.648,0.656
515100,2021-01-07,0.652,0.662,0.649,0.658
515100,2021-01-08,0.658,0.663,0.652,0.662
515100,2021-01-11,0.661,0.661,0.638,0.641
515100,2021-01-12,0.644,0.652,0.643,0.652
515100,2021-01-13,0.652,0.665,0.645,0.662
515100,2021-01-14,0.657,0.675,0.657,0.666
515100,2021-01-15,0.661,0.68,0.661,0.669
515100,2021-01-18,0.661,0.676,0.661,0.675
515100,2021-01-19,0.67,0.683,0.667,0.676
515100,2021-01-20,0.679,0.68,0.669,0.672
515100,2021-01-21,0.672,0.68,0.672,0.676
515100,2021-01-22,0.677,0.677,0.657,0.657
515100,2021-01-25,0.657,0.657,0.646,0.649
515100,2021-01-26,0.648,0.655,0.644,0.645
515100,2021-01-27,0.644,0.658,0.644,0.65
515100,2021-01-28,0.65,0.65,0.633,0.633
515100,2021-01-29,0.635,0.637,0.619,0.625
515100,2021-02-01,0.626,0.632,0.62,0.632
515100,2021-02-02,0.63,0.634,0.624,0.627
515100,2021-02-03,0.628,0.628,0.614,0.62
515100,2021-02-04,0.621,0.621,0.608,0.615
515100,2021-02-05,0.615,0.626,0.615,0.624
515100,2021-02-08,0.618,0.633,0.618,0.629
515100,2021-02-09,0.628,0.639,0.628,0.638
515100,2021-02-10,0.637,0.646,0.637,0.646
515100,2021-02-18,0.646,0.678,0.646,0.677
515100,2021-02-19,0.664,0.701,0.664,0.701
515100,2021-02-22,0.698,0.736,0.698,0.717
515100,2021-02-23,0.718,0.722,0.708,0.71
515100,2021-02-24,0.71,0.714,0.691,0.699
515100,2021-02-25,0.699,0.723,0.699,0.717
515100,2021-02-26,0.717,0.717,0.667,0.692
515100,2021-03-01,0.698,0.708,0.694,0.708
515100,2021-03-02,0.707,0.713,0.692,0.697
515100,2021-03-03,0.706,0.734,0.706,0.734
515100,2021-03-04,0.734,0.744,0.73,0.737
515100,2021-03-05,0.733,0.744,0.713,0.721
515100,2021-03-08,0.722,0.742,0.722,0.725
515100,2021-03-09,0.725,0.74,0.708,0.723
515100,2021-03-10,0.723,0.726,0.71,0.711
515100,2021-03-11,0.718,0.744,0.716,0.744
515100,2021-03-12,0.744,0.765,0.737,0.758
515100,2021-03-15,0.753,0.774,0.753,0.77
515100,2021-03-16,0.769,0.774,0.76,0.774
515100,2021-03-17,0.774,0.774,0.753,0.763
515100,2021-03-18,0.763,0.767,0.76,0.763
515100,2021-03-19,0.761,0.762,0.749,0.755
515100,2021-03-22,0.76,0.773,0.76,0.773
515100,2021-03-23,0.778,0.778,0.747,0.753
515100,2021-03-24,0.755,0.755,0.738,0.744
515100,2021-03-25,0.746,0.748,0.739,0.743
515100,2021-03-26,0.752,0.753,0.747,0.751
515100,2021-03-29,0.754,0.762,0.75,0.761
515100,2021-03-30,0.758,0.758,0.748,0.757
515100,2021-03-31,0.762,0.767,0.755,0.765
515100,2021-04-01,0.768,0.773,0.738,0.772
515100,2021-04-02,0.777,0.777,0.761,0.762
515100,2021-04-06,0.765,0.768,0.762,0.765
515100,2021-04-07,0.776,0.776,0.761,0.775
515100,2021-04-08,0.777,0.778,0.768,0.77
515100,2021-04-09,0.771,0.776,0.767,0.774
515100,2021-04-12,0.776,0.786,0.771,0.786
515100,2021-04-13,0.786,0.788,0.768,0.769
515100,2021-04-14,0.769,0.772,0.765,0.77
515100,2021-04-15,0.772,0.772,0.765,0.768
515100,2021-04-16,0.77,0.783,0.77,0.782
515100,2021-04-19,0.783,0.785,0.779,0.782
515100,2021-04-20,0.782,0.783,0.778,0.78
515100,2021-04-21,0.781,0.781,0.769,0.775
515100,2021-04-22,0.774,0.786,0.774,0.78
515100,2021-04-23,0.78,0.78,0.77,0.776
515100,2021-04-26,0.776,0.782,0.765,0.765
515100,2021-04-27,0.765,0.767,0.757,0.763
515100,2021-04-28,0.763,0.767,0.76,0.767
515100,2021-04-29,0.767,0.775,0.765,0.774
515100,2021-04-30,0.773,0.773,0.756,0.762
515100,2021-05-06,0.76,0.782,0.76,0.778
515100,2021-05-07,0.773,0.795,0.773,0.788
515100,2021-05-10,0.788,0.801,0.788,0.801
515100,2021-05-11,0.801,0.803,0.782,0.8
515100,2021-05-12,0.802,0.806,0.798,0.806
515100,2021-05-13,0.795,0.8,0.788,0.789
515100,2021-05-14,0.795,0.796,0.791,0.794
515100,2021-05-17,0.794,0.795,0.786,0.79
515100,2021-05-18,0.795,0.799,0.791,0.798
515100,2021-05-19,0.798,0.798,0.782,0.783
515100,2021-05-20,0.786,0.786,0.763,0.771
515100,2021-05-21,0.767,0.778,0.767,0.775
515100,2021-05-24,0.775,0.782,0.774,0.774
515100,2021-05-25,0.777,0.791,0.772,0.788
515100,2021-05-26,0.786,0.8,0.786,0.796
515100,2021-05-27,0.795,0.798,0.793,0.798
515100,2021-05-28,0.798,0.806,0.792,0.795
515100,2021-05-31,0.806,0.889,0.791,0.798
515100,2021-06-01,0.794,0.796,0.784,0.796
515100,2021-06-02,0.792,0.797,0.79,0.795
515100,2021-06-03,0.795,0.815,0.795,0.807
515100,2021-06-04,0.802,0.807,0.798,0.803
515100,2021-06-07,0.807,0.807,0.795,0.796
515100,2021-06-08,0.795,0.801,0.795,0.797
515100,2021-06-09,0.797,0.813,0.797,0.81
515100,2021-06-10,0.811,0.822,0.81,0.815
515100,2021-06-11,0.821,0.825,0.818,0.819
515100,2021-06-15,0.819,0.819,0.803,0.808
515100,2021-06-16,0.798,0.81,0.798,0.804
515100,2021-06-17,0.802,0.807,0.801,0.802
515100,2021-06-18,0.798,0.798,0.794,0.797
515100,2021-06-21,0.788,0.797,0.788,0.796
515100,2021-06-22,0.801,0.807,0.801,0.804
515100,2021-06-23,0.807,0.811,0.804,0.811
515100,2021-06-24,0.812,0.824,0.812,0.822
515100,2021-06-25,0.822,0.825,0.817,0.825
515100,2021-06-28,0.825,0.827,0.823,0.824
515100,2021-06-29,0.824,0.824,0.819,0.819
515100,2021-06-30,0.819,0.822,0.818,0.82
515100,2021-07-01,0.819,0.832,0.819,0.824
515100,2021-07-02,0.824,0.825,0.819,0.822
515100,2021-07-05,0.822,0.824,0.818,0.822
515100,2021-07-06,0.822,0.833,0.822,0.833
515100,2021-07-07,0.828,0.828,0.821,0.825
515100,2021-07-08,0.824,0.826,0.812,0.814
515100,2021-07-09,0.814,0.816,0.812,0.816
515100,2021-07-12,0.823,0.823,0.812,0.813
515100,2021-07-13,0.813,0.818,0.81,0.818
515100,2021-07-14,0.816,0.817,0.809,0.81
515100,2021-07-15,0.81,0.814,0.804,0.813
515100,2021-07-16,0.814,0.816,0.812,0.812
515100,2021-07-19,0.812,0.812,0.8,0.805
515100,2021-07-20,0.809,0.809,0.794,0.8
515100,2021-07-21,0.8,0.806,0.797,0.799
515100,2021-07-22,0.799,0.808,0.799,0.807
515100,2021-07-23,0.807,0.81,0.801,0.803
515100,2021-07-26,0.803,0.803,0.774,0.778
515100,2021-07-27,0.782,0.782,0.755,0.756
515100,2021-07-28,0.756,0.756,0.744,0.753
515100,2021-07-29,0.753,0.761,0.749,0.75
515100,2021-07-30,0.756,0.756,0.743,0.753
515100,2021-08-02,0.751,0.765,0.738,0.763
515100,2021-08-03,0.763,0.766,0.76,0.761
515100,2021-08-04,0.761,0.763,0.76,0.761
515100,2021-08-05,0.768,0.77,0.762,0.763
515100,2021-08-06,0.763,0.765,0.758,0.765
515100,2021-08-09,0.768,0.786,0.768,0.783
515100,2021-08-10,0.78,0.788,0.779,0.788
515100,2021-08-11,0.789,0.803,0.789,0.8
515100,2021-08-12,0.8,0.8,0.796,0.797
515100,2021-08-13,0.797,0.797,0.791,0.794
515100,2021-08-16,0.801,0.818,0.801,0.806
515100,2021-08-17,0.806,0.812,0.791,0.792
515100,2021-08-18,0.795,0.808,0.793,0.808
515100,2021-08-19,0.804,0.804,0.793,0.795
515100,2021-08-20,0.795,0.798,0.789,0.797
515100,2021-08-23,0.801,0.805,0.801,0.802
515100,2021-08-24,0.803,0.813,0.803,0.811
515100,2021-08-25,0.809,0.818,0.809,0.817
515100,2021-08-26,0.817,0.821,0.815,0.817
515100,2021-08-27,0.817,0.819,0.813,0.819
515100,2021-08-30,0.821,0.821,0.814,0.818
515100,2021-08-31,0.818,0.836,0.818,0.836
515100,2021-09-01,0.836,0.857,0.836,0.853
515100,2021-09-02,0.854,0.872,0.851,0.872
515100,2021-09-03,0.872,0.89,0.872,0.882
515100,2021-09-06,0.89,0.9,0.89,0.899
515100,2021-09-07,0.898,0.919,0.898,0.919
515100,2021-09-08,0.914,0.939,0.914,0.938
515100,2021-09-09,0.938,0.967,0.938,0.964
515100,2021-09-10,0.966,0.979,0.947,0.949
515100,2021-09-13,0.946,0.975,0.944,0.975
515100,2021-09-14,0.975,0.975,0.936,0.939
515100,2021-09-15,0.939,0.95,0.934,0.943
515100,2021-09-16,0.948,0.957,0.925,0.927
515100,2021-09-17,0.926,0.937,0.911,0.925
515100,2021-09-22,0.898,0.95,0.898,0.95
515100,2021-09-23,0.962,0.986,0.962,0.974
515100,2021-09-24,0.972,0.973,0.945,0.947
515100,2021-09-27,0.95,0.95,0.904,0.908
515100,2021-09-28,0.908,0.944,0.908,0.941
515100,2021-09-29,0.943,0.943,0.91,0.917
515100,2021-09-30,0.912,0.922,0.902,0.919
515100,2021-10-08,0.918,0.934,0.918,0.932
515100,2021-10-11,0.932,0.939,0.922,0.927
515100,2021-10-12,0.926,0.926,0.899,0.905
515100,2021-10-13,0.904,0.904,0.878,0.891
515100,2021-10-14,0.891,0.891,0.884,0.884
515100,2021-10-15,0.882,0.884,0.875,0.876
515100,2021-10-18,0.876,0.886,0.872,0.886
515100,2021-10-19,0.886,0.893,0.881,0.892
515100,2021-10-20,0.889,0.89,0.883,0.885
515100,2021-10-21,0.885,0.895,0.885,0.889
515100,2021-10-22,0.89,0.897,0.877,0.878
515100,2021-10-25,0.878,0.878,0.865,0.874
515100,2021-10-26,0.873,0.877,0.865,0.867
515100,2021-10-27,0.867,0.867,0.848,0.851
515100,2021-10-28,0.849,0.849,0.835,0.838
515100,2021-10-29,0.838,0.844,0.828,0.842
515100,2021-11-01,0.842,0.852,0.838,0.85
515100,2021-11-02,0.85,0.85,0.817,0.825
515100,2021-11-03,0.827,0.836,0.827,0.836
515100,2021-11-04,0.836,0.839,0.83,0.839
515100,2021-11-05,0.836,0.836,0.824,0.825
515100,2021-11-08,0.821,0.825,0.819,0.823
515100,2021-11-09,0.826,0.827,0.822,0.825
515100,2021-11-10,0.825,0.825,0.806,0.823
515100,2021-11-11,0.83,0.85,0.83,0.849
515100,2021-11-12,0.85,0.85,0.842,0.849
515100,2021-11-15,0.849,0.856,0.847,0.856
515100,2021-11-16,0.856,0.858,0.846,0.846
515100,2021-11-17,0.849,0.849,0.843,0.847
515100,2021-11-18,0.844,0.847,0.84,0.84
515100,2021-11-19,0.84,0.856,0.84,0.856
515100,2021-11-22,0.852,0.853,0.847,0.851
515100,2021-11-23,0.85,0.857,0.85,0.855
515100,2021-11-24,0.855,0.861,0.853,0.861
515100,2021-11-25,0.861,0.866,0.861,0.865
515100,2021-11-26,0.865,0.865,0.854,0.857
515100,2021-11-29,0.852,0.853,0.847,0.851
515100,2021-11-30,0.851,0.86,0.849,0.853
515100,2021-12-01,0.854,0.868,0.851,0.868
515100,2021-12-02,0.868,0.88,0.867,0.877
515100,2021-12-03,0.878,0.89,0.875,0.889
515100,2021-12-06,0.889,0.902,0.885,0.885
515100,2021-12-07,0.885,0.902,0.885,0.902
515100,2021-12-08,0.901,0.906,0.892,0.905
515100,2021-12-09,0.907,0.918,0.907,0.916
515100,2021-12-10,0.911,0.919,0.904,0.907
515100,2021-12-13,0.908,0.914,0.903,0.904
515100,2021-12-14,0.904,0.904,0.896,0.901
515100,2021-12-15,0.9,0.907,0.899,0.902
515100,2021-12-16,0.902,0.915,0.9,0.915
515100,2021-12-17,0.912,0.918,0.912,0.914
515100,2021-12-20,0.924,0.928,0.92,0.922
515100,2021-12-21,0.923,0.953,0.922,0.952
515100,2021-12-22,0.947,0.949,0.931,0.942
515100,2021-12-23,0.94,0.942,0.933,0.936
515100,2021-12-24,0.936,0.936,0.927,0.934
515100,2021-12-27,0.934,0.948,0.934,0.947
515100,2021-12-28,0.946,0.946,0.936,0.941
515100,2021-12-29,0.939,0.943,0.938,0.939
515100,2021-12-30,0.943,0.95,0.943,0.95
515100,2021-12-31,0.95,0.971,0.95,0.97
515100,2022-01-04,0.973,1.004,0.973,1.003
515100,2022-01-05,1.004,1.004,0.987,0.993
515100,2022-01-06,0.983,1.012,0.983,1.012
515100,2022-01-07,1.012,1.031,1.006,1.018
515100,2022-01-10,1.018,1.03,1.014,1.027
515100,2022-01-11,1.029,1.043,1.025,1.035
515100,2022-01-12,1.035,1.039,1.009,1.022
515100,2022-01-13,1.022,1.031,1.01,1.01
515100,2022-01-14,1.015,1.023,0.989,0.991
515100,2022-01-17,0.991,1.017,0.979,1.003
515100,2022-01-18,1.002,1.015,0.994,1.009
515100,2022-01-19,1.009,1.023,1.004,1.022
515100,2022-01-20,1.028,1.029,1.014,1.016
515100,2022-01-21,1.014,1.021,0.993,0.994
515100,2022-01-24,0.995,0.997,0.976,0.987
515100,2022-01-25,0.988,0.988,0.94,0.941
515100,2022-01-26,0.941,0.954,0.941,0.951
515100,2022-01-27,0.951,0.951,0.931,0.932
515100,2022-01-28,0.935,0.942,0.927,0.931
515100,2022-02-07,0.945,0.969,0.938,0.969
515100,2022-02-08,0.971,0.999,0.962,0.999
515100,2022-02-09,0.998,1.016,0.998,1.014
515100,2022-02-10,1.013,1.029,1.006,1.025
515100,2022-02-11,1.02,1.034,1.013,1.013
515100,2022-02-14,1.001,1.013,0.99,0.993
515100,2022-02-15,0.982,0.999,0.981,0.989
515100,2022-02-16,0.994,1.002,0.99,0.999
515100,2022-02-17,0.993,0.998,0.984,0.986
515100,2022-02-18,0.973,1.015,0.973,1.014
515100,2022-02-21,1.015,1.02,1.002,1.02
515100,2022-02-22,1.008,1.01,0.992,0.997
515100,2022-02-23,0.992,1.011,0.984,0.994
515100,2022-02-24,0.98,0.989,0.952,0.965
515100,2022-02-25,0.978,1.01,0.962,0.963
515100,2022-02-28,0.958,0.963,0.949,0.96
515100,2022-03-01,0.955,0.973,0.955,0.973
515100,2022-03-02,0.96,0.985,0.96,0.985
515100,2022-03-03,0.987,1.005,0.987,1.004
515100,2022-03-04,1.002,1.002,0.986,0.994
515100,2022-03-07,0.994,1.0,0.981,0.986
515100,2022-03-08,0.994,0.994,0.942,0.942
515100,2022-03-09,0.942,0.948,0.876,0.919
515100,2022-03-10,0.924,0.956,0.919,0.944
515100,2022-03-11,0.938,0.959,0.919,0.958
515100,2022-03-14,0.943,0.969,0.924,0.943
515100,2022-03-15,0.929,0.943,0.872,0.872
515100,2022-03-16,0.874,0.914,0.852,0.912
515100,2022-03-17,0.92,0.941,0.92,0.925
515100,2022-03-18,0.911,0.963,0.908,0.957
515100,2022-03-21,0.962,0.971,0.952,0.963
515100,2022-03-22,0.951,0.99,0.934,0.983
515100,2022-03-23,0.98,0.984,0.952,0.982
515100,2022-03-24,0.977,0.988,0.971,0.98
515100,2022-03-25,0.974,0.997,0.973,0.982
515100,2022-03-28,0.982,1.002,0.967,1.0
515100,2022-03-29,1.0,1.0,0.989,0.996
515100,2022-03-30,0.999,1.028,0.997,1.028
515100,2022-03-31,1.033,1.06,1.03,1.035
515100,2022-04-01,1.035,1.055,1.026,1.054
515100,2022-04-06,1.055,1.09,1.055,1.084
515100,2022-04-07,1.083,1.083,1.042,1.042
515100,2022-04-08,1.036,1.058,1.025,1.054
515100,2022-04-11,1.05,1.052,1.02,1.026
515100,2022-04-12,1.021,1.045,1.014,1.042
515100,2022-04-13,1.047,1.047,1.02,1.023
515100,2022-04-14,1.024,1.045,1.024,1.038
515100,2022-04-15,1.037,1.052,1.028,1.035
515100,2022-04-18,1.027,1.036,1.016,1.02
515100,2022-04-19,1.02,1.035,1.011,1.032
515100,2022-04-20,1.03,1.034,1.001,1.004
515100,2022-04-21,1.003,1.01,0.97,0.973
515100,2022-04-22,0.963,0.993,0.963,0.985
515100,2022-04-25,0.973,1.0,0.924,0.925
515100,2022-04-26,0.933,0.943,0.903,0.908
515100,2022-04-27,0.908,0.919,0.878,0.919
515100,2022-04-28,0.923,0.932,0.904,0.929
515100,2022-04-29,0.93,0.966,0.93,0.964
515100,2022-05-05,0.963,0.979,0.963,0.978
515100,2022-05-06,0.941,0.978,0.94,0.943
515100,2022-05-09,0.941,0.965,0.941,0.963
515100,2022-05-10,0.959,0.987,0.942,0.987
515100,2022-05-11,0.982,0.995,0.975,0.976
515100,2022-05-12,0.977,0.984,0.961,0.972
515100,2022-05-13,0.964,0.992,0.964,0.992
515100,2022-05-16,0.992,1.008,0.985,0.995
515100,2022-05-17,0.995,0.995,0.965,0.976
515100,2022-05-18,0.975,0.977,0.966,0.968
515100,2022-05-19,0.955,0.979,0.953,0.978
515100,2022-05-20,0.979,0.985,0.975,0.983
515100,2022-05-23,0.985,0.985,0.974,0.978
515100,2022-05-24,0.977,0.978,0.94,0.941
515100,2022-05-25,0.941,0.967,0.939,0.967
515100,2022-05-26,0.967,0.983,0.966,0.983
515100,2022-05-27,0.984,0.987,0.977,0.985
515100,2022-05-30,0.985,0.991,0.976,0.983
515100,2022-05-31,0.984,0.988,0.978,0.986
515100,2022-06-01,0.981,0.986,0.973,0.983
515100,2022-06-02,0.977,0.977,0.968,0.974
515100,2022-06-06,0.969,0.977,0.959,0.976
515100,2022-06-07,0.976,0.977,0.954,0.977
515100,2022-06-08,0.977,0.977,0.962,0.975
515100,2022-06-09,0.974,0.984,0.966,0.975
515100,2022-06-10,0.969,0.987,0.965,0.986
515100,2022-06-13,0.986,0.986,0.957,0.973
515100,2022-06-14,0.963,0.984,0.945,0.984
515100,2022-06-15,0.983,1.021,0.976,1.001
515100,2022-06-16,1.003,1.003,0.981,0.982
515100,2022-06-17,0.982,0.985,0.967,0.984
515100,2022-06-20,0.983,0.988,0.98,0.985
515100,2022-06-21,0.985,0.993,0.958,0.988
515100,2022-06-22,0.984,0.989,0.973,0.974
515100,2022-06-23,0.972,0.989,0.968,0.989
515100,2022-06-24,0.989,0.996,0.985,0.994
515100,2022-06-27,0.994,0.998,0.991,0.994
515100,2022-06-28,0.988,1.008,0.988,1.007
515100,2022-06-29,1.002,1.009,0.994,0.995
515100,2022-06-30,0.991,1.004,0.989,1.003
515100,2022-07-01,0.996,1.002,0.995,0.998
515100,2022-07-04,0.995,0.999,0.993,0.999
515100,2022-07-05,0.998,1.005,0.986,0.995
515100,2022-07-06,0.992,0.992,0.968,0.976
515100,2022-07-07,0.969,0.983,0.969,0.978
515100,2022-07-08,0.972,0.987,0.972,0.981
515100,2022-07-11,0.978,0.983,0.976,0.983
515100,2022-07-12,0.973,0.993,0.973,0.988
515100,2022-07-13,0.983,0.993,0.983,0.989
515100,2022-07-14,0.987,0.987,0.97,0.973
515100,2022-07-15,0.97,0.971,0.941,0.944
515100,2022-07-18,0.943,0.97,0.943,0.968
515100,2022-07-19,0.973,0.978,0.97,0.977
515100,2022-07-20,0.979,0.984,0.979,0.982
515100,2022-07-21,0.969,0.983,0.924,0.971
515100,2022-07-22,0.969,0.978,0.962,0.971
515100,2022-07-25,0.972,0.978,0.962,0.966
515100,2022-07-26,0.964,0.976,0.962,0.975
515100,2022-07-27,0.97,0.977,0.97,0.974
515100,2022-07-28,0.974,0.984,0.974,0.977
515100,2022-07-29,0.978,0.982,0.971,0.973
515100,2022-08-01,0.969,0.973,0.964,0.971
515100,2022-08-02,0.969,0.969,0.92,0.932
515100,2022-08-03,0.938,0.948,0.921,0.923
515100,2022-08-04,0.921,0.948,0.917,0.93
515100,2022-08-05,0.93,0.943,0.924,0.943
515100,2022-08-08,0.943,0.95,0.938,0.946
515100,2022-08-09,0.944,0.945,0.941,0.943
515100,2022-08-10,0.929,0.945,0.922,0.944
515100,2022-08-11,0.944,0.967,0.944,0.967
515100,2022-08-12,0.964,0.974,0.963,0.971
515100,2022-08-15,0.968,0.973,0.964,0.966
515100,2022-08-16,0.97,0.973,0.968,0.969
515100,2022-08-17,0.97,0.98,0.967,0.979
515100,2022-08-18,0.979,0.979,0.968,0.971
515100,2022-08-19,0.97,0.977,0.969,0.969
515100,2022-08-22,0.966,0.976,0.956,0.975
515100,2022-08-23,0.974,0.979,0.97,0.977
515100,2022-08-24,0.977,0.982,0.959,0.959
515100,2022-08-25,0.966,0.978,0.962,0.978
515100,2022-08-26,0.974,0.983,0.971,0.978
515100,2022-08-29,0.977,0.98,0.963,0.98
515100,2022-08-30,0.979,0.991,0.979,0.988
515100,2022-08-31,0.988,0.989,0.977,0.98
515100,2022-09-01,0.978,0.99,0.978,0.981
515100,2022-09-02,0.982,0.988,0.982,0.986
515100,2022-09-05,1.0,1.0,0.971,0.996
515100,2022-09-06,0.996,1.006,0.996,1.005
515100,2022-09-07,1.003,1.003,0.997,1.002
515100,2022-09-08,1.001,1.007,0.999,1.002
515100,2022-09-09,1.007,1.014,1.004,1.011
515100,2022-09-13,1.011,1.016,1.007,1.007
515100,2022-09-14,1.003,1.003,0.991,0.995
515100,2022-09-15,0.99,1.006,0.984,0.995
515100,2022-09-16,0.999,1.0,0.957,0.958
515100,2022-09-19,0.955,0.956,0.944,0.95
515100,2022-09-20,0.954,0.96,0.948,0.951
515100,2022-09-21,0.95,0.963,0.937,0.959
515100,2022-09-22,0.958,0.958,0.938,0.949
515100,2022-09-23,0.949,0.959,0.94,0.945
515100,2022-09-26,0.945,0.948,0.918,0.919
515100,2022-09-27,0.915,0.936,0.908,0.935
515100,2022-09-28,0.922,0.935,0.908,0.925
515100,2022-09-29,0.924,0.939,0.908,0.913
515100,2022-09-30,0.915,0.923,0.911,0.915
515100,2022-10-10,0.914,0.93,0.911,0.912
515100,2022-10-11,0.911,0.92,0.905,0.918
515100,2022-10-12,0.918,0.934,0.906,0.934
515100,2022-10-13,0.925,0.937,0.923,0.933
515100,2022-10-14,0.935,0.951,0.934,0.948
515100,2022-10-17,0.941,0.954,0.937,0.952
515100,2022-10-18,0.957,0.957,0.949,0.951
515100,2022-10-19,0.946,0.948,0.937,0.939
515100,2022-10-20,0.934,0.948,0.931,0.935
515100,2022-10-21,0.935,0.94,0.928,0.934
515100,2022-10-24,0.938,0.942,0.9,0.905
515100,2022-10-25,0.9,0.912,0.858,0.901
515100,2022-10-26,0.903,0.918,0.903,0.906
515100,2022-10-27,0.911,0.918,0.909,0.913
515100,2022-10-28,0.918,0.918,0.879,0.885
515100,2022-10-31,0.888,0.888,0.865,0.874
515100,2022-11-01,0.88,0.897,0.874,0.896
515100,2022-11-02,0.889,0.905,0.889,0.901
515100,2022-11-03,0.887,0.897,0.887,0.895
515100,2022-11-04,0.9,0.918,0.899,0.918
515100,2022-11-07,0.915,0.924,0.904,0.924
515100,2022-11-08,0.927,0.927,0.91,0.92
515100,2022-11-09,0.92,0.932,0.92,0.921
515100,2022-11-10,0.917,0.927,0.894,0.925
515100,2022-11-11,0.935,0.958,0.935,0.945
515100,2022-11-14,0.942,0.965,0.936,0.953
515100,2022-11-15,0.967,1.103,0.92,0.967
515100,2022-11-16,0.954,0.968,0.954,0.961
515100,2022-11-17,0.956,0.969,0.956,0.968
515100,2022-11-18,0.963,0.971,0.962,0.963
515100,2022-11-21,0.958,0.96,0.946,0.952
515100,2022-11-22,0.949,0.973,0.949,0.963
515100,2022-11-23,0.967,0.976,0.965,0.967
515100,2022-11-24,0.977,0.983,0.966,0.969
515100,2022-11-25,0.971,0.99,0.97,0.988
515100,2022-11-28,0.984,0.985,0.961,0.984
515100,2022-11-29,0.976,1.02,0.976,1.016
515100,2022-11-30,1.016,1.025,1.002,1.016
515100,2022-12-01,1.018,1.03,1.012,1.012
515100,2022-12-02,1.013,1.016,1.007,1.013
515100,2022-12-05,1.014,1.058,1.014,1.053
515100,2022-12-06,1.046,1.058,1.042,1.046
515100,2022-12-07,1.047,1.057,1.037,1.048
515100,2022-12-08,1.045,1.052,1.042,1.047
515100,2022-12-09,1.05,1.052,1.036,1.046
515100,2022-12-12,1.043,1.043,1.017,1.018
515100,2022-12-13,1.018,1.033,1.018,1.029
515100,2022-12-14,1.042,1.042,1.019,1.023
515100,2022-12-15,1.018,1.028,1.008,1.01
515100,2022-12-16,1.01,1.03,1.006,1.023
515100,2022-12-19,1.032,1.032,0.989,0.996
515100,2022-12-20,0.997,0.999,0.978,0.981
515100,2022-12-21,0.974,0.995,0.974,0.985
515100,2022-12-22,0.989,1.001,0.973,0.978
515100,2022-12-23,0.975,0.988,0.97,0.975
515100,2022-12-26,0.975,0.975,0.964,0.967
515100,2022-12-27,0.964,0.986,0.964,0.982
515100,2022-12-28,0.982,0.987,0.977,0.982
515100,2022-12-29,0.977,0.977,0.963,0.969
515100,2022-12-30,0.979,0.989,0.971,0.982
515100,2023-01-03,0.981,0.989,0.908,0.987
515100,2023-01-04,0.987,1.003,0.987,1.001
515100,2023-01-05,1.004,1.008,1.001,1.004
515100,2023-01-06,1.004,1.004,0.995,0.999
515100,2023-01-09,1.0,1.006,0.998,0.999
515100,2023-01-10,0.998,1.0,0.99,0.991
515100,2023-01-11,0.991,0.998,0.991,0.993
515100,2023-01-12,0.992,0.993,0.984,0.989
515100,2023-01-13,0.996,1.011,0.993,1.011
515100,2023-01-16,1.011,1.032,1.0,1.024
515100,2023-01-17,1.019,1.024,1.013,1.023
515100,2023-01-18,1.023,1.028,1.022,1.026
515100,2023-01-19,1.028,1.033,1.017,1.033
515100,2023-01-20,1.037,1.046,1.034,1.046
515100,2023-01-30,1.048,1.078,1.045,1.047
515100,2023-01-31,1.047,1.051,1.04,1.043
515100,2023-02-01,1.048,1.057,1.042,1.054
515100,2023-02-02,1.052,1.054,1.047,1.052
515100,2023-02-03,1.052,1.052,1.032,1.041
515100,2023-02-06,1.041,1.041,1.025,1.031
515100,2023-02-07,1.04,1.04,1.032,1.039
515100,2023-02-08,1.043,1.043,1.031,1.033
515100,2023-02-09,1.033,1.047,1.033,1.045
515100,2023-02-10,1.047,1.049,1.041,1.047
515100,2023-02-13,1.047,1.061,1.044,1.06
515100,2023-02-14,1.062,1.074,1.062,1.072
515100,2023-02-15,1.083,1.083,1.066,1.07
515100,2023-02-16,1.074,1.086,1.054,1.059
515100,2023-02-17,1.062,1.067,1.053,1.058
515100,2023-02-20,1.052,1.089,1.052,1.088
515100,2023-02-21,1.088,1.103,1.08,1.102
515100,2023-02-22,1.1,1.105,1.094,1.101
515100,2023-02-23,1.101,1.113,1.097,1.104
515100,2023-02-24,1.104,1.111,1.09,1.1
515100,2023-02-27,1.099,1.099,1.086,1.089
515100,2023-02-28,1.091,1.099,1.086,1.099
515100,2023-03-01,1.098,1.114,1.098,1.114
515100,2023-03-02,1.114,1.126,1.112,1.124
515100,2023-03-03,1.127,1.138,1.123,1.138
515100,2023-03-06,1.139,1.15,1.13,1.133
515100,2023-03-07,1.138,1.149,1.118,1.119
515100,2023-03-08,1.116,1.12,1.106,1.119
515100,2023-03-09,1.118,1.122,1.109,1.112
515100,2023-03-10,1.103,1.11,1.084,1.086
515100,2023-03-13,1.084,1.104,1.084,1.103
515100,2023-03-14,1.102,1.106,1.086,1.096
515100,2023-03-15,1.097,1.119,1.097,1.116
515100,2023-03-16,1.104,1.122,1.104,1.111
515100,2023-03-17,1.111,1.137,1.111,1.128
515100,2023-03-20,1.128,1.146,1.123,1.125
515100,2023-03-21,1.119,1.133,1.116,1.123
515100,2023-03-22,1.122,1.139,1.12,1.135
515100,2023-03-23,1.134,1.143,1.127,1.143
515100,2023-03-24,1.146,1.147,1.13,1.135
515100,2023-03-27,1.133,1.133,1.107,1.116
515100,2023-03-28,1.117,1.123,1.111,1.118
515100,2023-03-29,1.12,1.122,1.104,1.11
515100,2023-03-30,1.109,1.118,1.097,1.111
515100,2023-03-31,1.112,1.123,1.112,1.119
515100,2023-04-03,1.122,1.133,1.12,1.131
515100,2023-04-04,1.131,1.144,1.129,1.14
515100,2023-04-06,1.13,1.142,1.13,1.139
515100,2023-04-07,1.139,1.139,1.134,1.138
515100,2023-04-10,1.137,1.143,1.136,1.136
515100,2023-04-11,1.135,1.147,1.135,1.147
515100,2023-04-12,1.147,1.172,1.147,1.171
515100,2023-04-13,1.171,1.175,1.166,1.171
515100,2023-04-14,1.169,1.175,1.155,1.165
515100,2023-04-17,1.16,1.186,1.16,1.183
515100,2023-04-18,1.183,1.194,1.18,1.193
515100,2023-04-19,1.197,1.202,1.189,1.193
515100,2023-04-20,1.187,1.209,1.186,1.209
515100,2023-04-21,1.208,1.219,1.184,1.186
515100,2023-04-24,1.19,1.2,1.184,1.197
515100,2023-04-25,1.198,1.204,1.176,1.201
515100,2023-04-26,1.201,1.201,1.171,1.19
515100,2023-04-27,1.191,1.207,1.186,1.202
515100,2023-04-28,1.21,1.233,1.198,1.233
515100,2023-05-04,1.233,1.277,1.222,1.277
515100,2023-05-05,1.273,1.298,1.264,1.279
515100,2023-05-08,1.278,1.324,1.275,1.319
515100,2023-05-09,1.319,1.339,1.296,1.298
515100,2023-05-10,1.289,1.297,1.248,1.259
515100,2023-05-11,1.254,1.274,1.254,1.265
515100,2023-05-12,1.267,1.275,1.248,1.25
515100,2023-05-15,1.243,1.252,1.206,1.248
515100,2023-05-16,1.252,1.255,1.23,1.235
515100,2023-05-17,1.236,1.239,1.22,1.229
515100,2023-05-18,1.229,1.255,1.229,1.245
515100,2023-05-19,1.243,1.243,1.208,1.211
515100,2023-05-22,1.212,1.225,1.207,1.215
515100,2023-05-23,1.214,1.216,1.186,1.188
515100,2023-05-24,1.183,1.188,1.162,1.165
515100,2023-05-25,1.165,1.169,1.147,1.163
515100,2023-05-26,1.165,1.184,1.158,1.182
515100,2023-05-29,1.181,1.204,1.176,1.197
515100,2023-05-30,1.2,1.203,1.181,1.199
515100,2023-05-31,1.196,1.2,1.186,1.194
515100,2023-06-01,1.191,1.209,1.184,1.193
515100,2023-06-02,1.198,1.204,1.192,1.198
515100,2023-06-05,1.206,1.212,1.195,1.21
515100,2023-06-06,1.208,1.219,1.188,1.191
515100,2023-06-07,1.185,1.211,1.185,1.21
515100,2023-06-08,1.208,1.228,1.198,1.224
515100,2023-06-09,1.231,1.233,1.219,1.228
515100,2023-06-12,1.228,1.228,1.211,1.212
515100,2023-06-13,1.213,1.214,1.196,1.203
515100,2023-06-14,1.201,1.212,1.191,1.193
515100,2023-06-15,1.194,1.199,1.188,1.196
515100,2023-06-16,1.201,1.202,1.191,1.192
515100,2023-06-19,1.192,1.192,1.174,1.176
515100,2023-06-20,1.176,1.176,1.163,1.166
515100,2023-06-21,1.161,1.17,1.155,1.158
515100,2023-06-26,1.148,1.149,1.129,1.132
515100,2023-06-27,1.13,1.163,1.13,1.16
515100,2023-06-28,1.163,1.165,1.15,1.164
515100,2023-06-29,1.158,1.17,1.158,1.17
515100,2023-06-30,1.169,1.177,1.165,1.176
515100,2023-07-03,1.174,1.196,1.174,1.193
515100,2023-07-04,1.198,1.198,1.178,1.182
515100,2023-07-05,1.182,1.188,1.178,1.181
515100,2023-07-06,1.178,1.184,1.17,1.173
515100,2023-07-07,1.168,1.186,1.168,1.184
515100,2023-07-10,1.18,1.19,1.18,1.189
515100,2023-07-11,1.192,1.195,1.184,1.194
515100,2023-07-12,1.194,1.197,1.179,1.18
515100,2023-07-13,1.186,1.202,1.186,1.201
515100,2023-07-14,1.203,1.211,1.199,1.207
515100,2023-07-17,1.206,1.206,1.194,1.203
515100,2023-07-18,1.204,1.209,1.198,1.206
515100,2023-07-19,1.2,1.222,1.199,1.221
515100,2023-07-20,1.218,1.222,1.207,1.209
515100,2023-07-21,1.209,1.218,1.208,1.217
515100,2023-07-24,1.218,1.222,1.209,1.218
515100,2023-07-25,1.225,1.251,1.225,1.248
515100,2023-07-26,1.247,1.25,1.242,1.25
515100,2023-07-27,1.25,1.269,1.248,1.257
515100,2023-07-28,1.254,1.298,1.249,1.296
515100,2023-07-31,1.296,1.318,1.295,1.313
515100,2023-08-01,1.311,1.321,1.303,1.312
515100,2023-08-02,1.311,1.313,1.297,1.303
515100,2023-08-03,1.301,1.314,1.292,1.313
515100,2023-08-04,1.319,1.333,1.312,1.313
515100,2023-08-07,1.309,1.31,1.289,1.295
515100,2023-08-08,1.296,1.298,1.283,1.291
515100,2023-08-09,1.29,1.292,1.284,1.289
515100,2023-08-10,1.293,1.294,1.282,1.292
515100,2023-08-11,1.293,1.295,1.263,1.265
515100,2023-08-14,1.258,1.263,1.24,1.261
515100,2023-08-15,1.262,1.275,1.257,1.274
515100,2023-08-16,1.268,1.283,1.26,1.275
515100,2023-08-17,1.264,1.275,1.26,1.275
515100,2023-08-18,1.273,1.288,1.265,1.267
515100,2023-08-21,1.266,1.273,1.245,1.249
515100,2023-08-22,1.247,1.262,1.24,1.255
515100,2023-08-23,1.255,1.264,1.246,1.247
515100,2023-08-24,1.249,1.255,1.233,1.238
515100,2023-08-25,1.234,1.257,1.231,1.242
515100,2023-08-28,1.387,1.387,1.265,1.27
515100,2023-08-29,1.268,1.272,1.248,1.264
515100,2023-08-30,1.265,1.265,1.236,1.242
515100,2023-08-31,1.24,1.252,1.229,1.233
515100,2023-09-01,1.237,1.251,1.234,1.25
515100,2023-09-04,1.248,1.281,1.248,1.28
515100,2023-09-05,1.279,1.279,1.259,1.264
515100,2023-09-06,1.263,1.263,1.247,1.254
515100,2023-09-07,1.251,1.256,1.239,1.241
515100,2023-09-08,1.241,1.241,1.223,1.229
515100,2023-09-11,1.23,1.245,1.228,1.244
515100,2023-09-12,1.244,1.244,1.237,1.24
515100,2023-09-13,1.24,1.249,1.23,1.235
515100,2023-09-14,1.238,1.25,1.233,1.25
515100,2023-09-15,1.254,1.259,1.241,1.248
515100,2023-09-18,1.247,1.248,1.235,1.247
515100,2023-09-19,1.247,1.262,1.245,1.259
515100,2023-09-20,1.258,1.264,1.25,1.26
515100,2023-09-21,1.255,1.259,1.242,1.244
515100,2023-09-22,1.244,1.255,1.238,1.253
515100,2023-09-25,1.253,1.258,1.246,1.253
515100,2023-09-26,1.248,1.253,1.238,1.239
515100,2023-09-27,1.235,1.244,1.231,1.234
515100,2023-09-28,1.231,1.24,1.231,1.239
515100,2023-10-09,1.237,1.237,1.217,1.23
515100,2023-10-10,1.229,1.235,1.211,1.213
515100,2023-10-11,1.216,1.219,1.205,1.205
515100,2023-10-12,1.211,1.233,1.211,1.231
515100,2023-10-13,1.222,1.23,1.219,1.223
515100,2023-10-16,1.226,1.23,1.217,1.23
515100,2023-10-17,1.228,1.236,1.223,1.233
515100,2023-10-18,1.232,1.232,1.214,1.215
515100,2023-10-19,1.214,1.214,1.188,1.19
515100,2023-10-20,1.183,1.194,1.179,1.183
515100,2023-10-23,1.186,1.186,1.146,1.152
515100,2023-10-24,1.152,1.164,1.147,1.164
515100,2023-10-25,1.175,1.189,1.166,1.187
515100,2023-10-26,1.182,1.196,1.177,1.194
515100,2023-10-27,1.191,1.212,1.188,1.206
515100,2023-10-30,1.206,1.207,1.192,1.197
515100,2023-10-31,1.197,1.2,1.187,1.199
515100,2023-11-01,1.204,1.205,1.192,1.2
515100,2023-11-02,1.2,1.207,1.196,1.197
515100,2023-11-03,1.198,1.203,1.19,1.191
515100,2023-11-06,1.192,1.198,1.186,1.198
515100,2023-11-07,1.196,1.198,1.183,1.195
515100,2023-11-08,1.19,1.19,1.179,1.184
515100,2023-11-09,1.182,1.192,1.18,1.191
515100,2023-11-10,1.187,1.189,1.178,1.187
515100,2023-11-13,1.187,1.19,1.175,1.189
515100,2023-11-14,1.188,1.197,1.188,1.195
515100,2023-11-15,1.199,1.206,1.199,1.205
515100,2023-11-16,1.205,1.211,1.2,1.206
515100,2023-11-17,1.205,1.205,1.198,1.202
515100,2023-11-20,1.203,1.212,1.2,1.208
515100,2023-11-21,1.21,1.223,1.209,1.212
515100,2023-11-22,1.21,1.216,1.207,1.207
515100,2023-11-23,1.208,1.222,1.205,1.218
515100,2023-11-24,1.217,1.235,1.215,1.234
515100,2023-11-27,1.232,1.232,1.213,1.215
515100,2023-11-28,1.217,1.222,1.207,1.222
515100,2023-11-29,1.22,1.223,1.208,1.212
515100,2023-11-30,1.212,1.214,1.204,1.212
515100,2023-12-01,1.211,1.22,1.21,1.22
515100,2023-12-04,1.221,1.222,1.215,1.218
515100,2023-12-05,1.217,1.219,1.201,1.204
515100,2023-12-06,1.206,1.21,1.194,1.204
515100,2023-12-07,1.201,1.203,1.189,1.198
515100,2023-12-08,1.194,1.202,1.193,1.198
515100,2023-12-11,1.191,1.208,1.17,1.204
515100,2023-12-12,1.201,1.212,1.194,1.211
515100,2023-12-13,1.208,1.213,1.202,1.205
515100,2023-12-14,1.208,1.208,1.197,1.197
515100,2023-12-15,1.199,1.202,1.185,1.188
515100,2023-12-18,1.183,1.192,1.176,1.176
515100,2023-12-19,1.175,1.178,1.168,1.173
515100,2023-12-20,1.174,1.186,1.168,1.17
515100,2023-12-21,1.168,1.17,1.153,1.168
515100,2023-12-22,1.163,1.17,1.16,1.164
515100,2023-12-25,1.163,1.163,1.154,1.161
515100,2023-12-26,1.161,1.167,1.158,1.158
515100,2023-12-27,1.158,1.165,1.153,1.165
515100,2023-12-28,1.164,1.171,1.161,1.17
515100,2023-12-29,1.169,1.174,1.166,1.171
515100,2024-01-02,1.17,1.187,1.169,1.182
515100,2024-01-03,1.177,1.195,1.177,1.193
515100,2024-01-04,1.196,1.197,1.188,1.194
515100,2024-01-05,1.194,1.212,1.191,1.195
515100,2024-01-08,1.193,1.193,1.177,1.177
515100,2024-01-09,1.177,1.19,1.17,1.187
515100,2024-01-10,1.185,1.187,1.18,1.18
515100,2024-01-11,1.177,1.186,1.176,1.181
515100,2024-01-12,1.18,1.193,1.179,1.187
515100,2024-01-15,1.186,1.194,1.181,1.19
515100,2024-01-16,1.19,1.196,1.181,1.194
515100,2024-01-17,1.193,1.197,1.178,1.178
515100,2024-01-18,1.176,1.176,1.135,1.165
515100,2024-01-19,1.161,1.167,1.155,1.158
515100,2024-01-22,1.16,1.161,1.11,1.118
515100,2024-01-23,1.115,1.134,1.101,1.13
515100,2024-01-24,1.126,1.157,1.122,1.156
515100,2024-01-25,1.156,1.191,1.155,1.191
515100,2024-01-26,1.19,1.209,1.188,1.203
515100,2024-01-29,1.206,1.214,1.197,1.198
515100,2024-01-30,1.196,1.204,1.178,1.181
515100,2024-01-31,1.179,1.186,1.162,1.17
515100,2024-02-01,1.164,1.172,1.15,1.159
515100,2024-02-02,1.157,1.172,1.119,1.144
515100,2024-02-05,1.138,1.149,1.098,1.128
515100,2024-02-06,1.126,1.183,1.117,1.172
515100,2024-02-07,1.171,1.199,1.164,1.199
515100,2024-02-08,1.198,1.225,1.198,1.209
515100,2024-02-19,1.217,1.226,1.2,1.22
515100,2024-02-20,1.22,1.231,1.211,1.229
515100,2024-02-21,1.226,1.252,1.221,1.232
515100,2024-02-22,1.231,1.24,1.226,1.24
515100,2024-02-23,1.236,1.247,1.231,1.239
515100,2024-02-26,1.238,1.238,1.214,1.217
515100,2024-02-27,1.215,1.225,1.212,1.225
515100,2024-02-28,1.225,1.234,1.215,1.216
515100,2024-02-29,1.217,1.231,1.212,1.231
515100,2024-03-01,1.23,1.236,1.227,1.231
515100,2024-03-04,1.231,1.231,1.22,1.228
515100,2024-03-05,1.226,1.235,1.225,1.233
515100,2024-03-06,1.233,1.242,1.231,1.234
515100,2024-03-07,1.234,1.247,1.231,1.236
515100,2024-03-08,1.236,1.244,1.231,1.242
515100,2024-03-11,1.239,1.246,1.225,1.239
515100,2024-03-12,1.235,1.237,1.22,1.222
515100,2024-03-13,1.22,1.222,1.209,1.217
515100,2024-03-14,1.215,1.224,1.211,1.216
515100,2024-03-15,1.214,1.226,1.212,1.225
515100,2024-03-18,1.226,1.229,1.219,1.228
515100,2024-03-19,1.225,1.231,1.22,1.22
515100,2024-03-20,1.219,1.226,1.215,1.223
515100,2024-03-21,1.224,1.227,1.219,1.223
515100,2024-03-22,1.221,1.223,1.205,1.211
515100,2024-03-25,1.211,1.224,1.205,1.21
515100,2024-03-26,1.21,1.213,1.201,1.211
515100,2024-03-27,1.208,1.214,1.175,1.198
515100,2024-03-28,1.2,1.21,1.195,1.203
515100,2024-03-29,1.201,1.217,1.201,1.216
515100,2024-04-01,1.216,1.23,1.216,1.23
515100,2024-04-02,1.232,1.24,1.228,1.238
515100,2024-04-03,1.239,1.247,1.235,1.246
515100,2024-04-08,1.245,1.258,1.242,1.248
515100,2024-04-09,1.247,1.251,1.241,1.246
515100,2024-04-10,1.245,1.256,1.239,1.247
515100,2024-04-11,1.246,1.261,1.235,1.256
515100,2024-04-12,1.259,1.259,1.247,1.249
515100,2024-04-15,1.251,1.27,1.238,1.265
515100,2024-04-16,1.264,1.271,1.247,1.254
515100,2024-04-17,1.251,1.279,1.247,1.277
515100,2024-04-18,1.28,1.293,1.27,1.277
515100,2024-04-19,1.274,1.297,1.273,1.291
515100,2024-04-22,1.292,1.297,1.269,1.276
515100,2024-04-23,1.27,1.27,1.248,1.25
515100,2024-04-24,1.249,1.255,1.24,1.255
515100,2024-04-25,1.249,1.265,1.249,1.264
515100,2024-04-26,1.262,1.264,1.245,1.26
515100,2024-04-29,1.258,1.267,1.245,1.267
515100,2024-04-30,1.264,1.272,1.26,1.267
515100,2024-05-06,1.27,1.284,1.267,1.284
515100,2024-05-07,1.282,1.283,1.272,1.281
515100,2024-05-08,1.279,1.28,1.27,1.271
515100,2024-05-09,1.268,1.29,1.268,1.285
515100,2024-05-10,1.287,1.292,1.281,1.29
515100,2024-05-13,1.287,1.299,1.279,1.298
515100,2024-05-14,1.293,1.301,1.29,1.292
515100,2024-05-15,1.289,1.298,1.286,1.286
515100,2024-05-16,1.288,1.297,1.286,1.291
515100,2024-05-17,1.293,1.305,1.286,1.304
515100,2024-05-20,1.305,1.314,1.304,1.31
515100,2024-05-21,1.309,1.311,1.302,1.305
515100,2024-05-22,1.306,1.318,1.306,1.309
515100,2024-05-23,1.309,1.309,1.287,1.291
515100,2024-05-24,1.286,1.301,1.285,1.29
515100,2024-05-27,1.289,1.305,1.289,1.304
515100,2024-05-28,1.304,1.305,1.292,1.296
515100,2024-05-29,1.297,1.304,1.289,1.295
515100,2024-05-30,1.294,1.304,1.287,1.289
515100,2024-05-31,1.291,1.295,1.285,1.289
515100,2024-06-03,1.285,1.285,1.26,1.269
515100,2024-06-04,1.269,1.281,1.261,1.281
515100,2024-06-05,1.277,1.279,1.26,1.261
515100,2024-06-06,1.262,1.265,1.25,1.255
515100,2024-06-07,1.257,1.27,1.255,1.268
515100,2024-06-11,1.267,1.267,1.241,1.248
515100,2024-06-12,1.246,1.253,1.24,1.253
515100,2024-06-13,1.252,1.252,1.23,1.235
515100,2024-06-14,1.234,1.244,1.229,1.242
515100,2024-06-17,1.238,1.242,1.228,1.23
515100,2024-06-18,1.23,1.239,1.226,1.235
515100,2024-06-19,1.236,1.238,1.229,1.232
515100,2024-06-20,1.232,1.233,1.219,1.22
515100,2024-06-21,1.22,1.228,1.218,1.224
515100,2024-06-24,1.221,1.221,1.202,1.207
515100,2024-06-25,1.21,1.22,1.208,1.216
515100,2024-06-26,1.212,1.222,1.208,1.222
515100,2024-06-27,1.222,1.223,1.21,1.216
515100,2024-06-28,1.213,1.232,1.213,1.223
515100,2024-07-01,1.222,1.243,1.22,1.242
515100,2024-07-02,1.242,1.248,1.24,1.246
515100,2024-07-03,1.246,1.25,1.239,1.243
515100,2024-07-04,1.241,1.247,1.229,1.232
515100,2024-07-05,1.232,1.235,1.218,1.226
515100,2024-07-08,1.224,1.228,1.213,1.217
515100,2024-07-09,1.215,1.233,1.206,1.231
515100,2024-07-10,1.23,1.23,1.216,1.216
515100,2024-07-11,1.221,1.229,1.221,1.228
515100,2024-07-12,1.227,1.237,1.227,1.231
515100,2024-07-15,1.229,1.239,1.224,1.239
515100,2024-07-16,1.237,1.237,1.228,1.233
515100,2024-07-17,1.233,1.236,1.227,1.236
515100,2024-07-18,1.233,1.24,1.224,1.239
515100,2024-07-19,1.236,1.236,1.227,1.234
515100,2024-07-22,1.233,1.233,1.215,1.22
515100,2024-07-23,1.221,1.223,1.209,1.209
515100,2024-07-24,1.207,1.214,1.2,1.205
515100,2024-07-25,1.205,1.21,1.198,1.206
515100,2024-07-26,1.206,1.211,1.2,1.207
515100,2024-07-29,1.208,1.213,1.204,1.211
515100,2024-07-30,1.211,1.211,1.202,1.208
515100,2024-07-31,1.208,1.227,1.207,1.226
515100,2024-08-01,1.225,1.229,1.22,1.223
515100,2024-08-02,1.221,1.227,1.216,1.221
515100,2024-08-05,1.217,1.228,1.207,1.207
515100,2024-08-06,1.208,1.217,1.2,1.207
515100,2024-08-07,1.207,1.213,1.203,1.208
515100,2024-08-08,1.207,1.218,1.206,1.217
515100,2024-08-09,1.215,1.222,1.213,1.215
515100,2024-08-12,1.214,1.214,1.208,1.211
515100,2024-08-13,1.211,1.215,1.205,1.213
515100,2024-08-14,1.215,1.215,1.205,1.206
515100,2024-08-15,1.206,1.219,1.201,1.216
515100,2024-08-16,1.215,1.218,1.21,1.212
515100,2024-08-19,1.212,1.225,1.211,1.223
515100,2024-08-20,1.223,1.225,1.206,1.211
515100,2024-08-21,1.21,1.21,1.196,1.201
515100,2024-08-22,1.201,1.203,1.197,1.199
515100,2024-08-23,1.197,1.201,1.193,1.199
515100,2024-08-26,1.198,1.202,1.194,1.201
515100,2024-08-27,1.201,1.203,1.195,1.2
515100,2024-08-28,1.199,1.199,1.188,1.193
515100,2024-08-29,1.19,1.191,1.175,1.175
515100,2024-08-30,1.176,1.193,1.17,1.182
515100,2024-09-02,1.177,1.182,1.171,1.173
515100,2024-09-03,1.173,1.177,1.164,1.17
515100,2024-09-04,1.165,1.17,1.162,1.162
515100,2024-09-05,1.162,1.167,1.16,1.166
515100,2024-09-06,1.166,1.171,1.155,1.155
515100,2024-09-09,1.153,1.155,1.136,1.138
515100,2024-09-10,1.139,1.142,1.126,1.135
515100,2024-09-11,1.135,1.135,1.111,1.117
515100,2024-09-12,1.117,1.123,1.114,1.119
515100,2024-09-13,1.119,1.126,1.114,1.115
515100,2024-09-18,1.114,1.129,1.112,1.129
515100,2024-09-19,1.128,1.138,1.119,1.131
515100,2024-09-20,1.131,1.132,1.122,1.13
515100,2024-09-23,1.129,1.14,1.128,1.139
515100,2024-09-24,1.143,1.187,1.143,1.187
515100,2024-09-25,1.196,1.23,1.196,1.208
515100,2024-09-26,1.21,1.258,1.205,1.255
515100,2024-09-27,1.268,1.292,1.245,1.291
515100,2024-09-30,1.282,1.383,1.282,1.376
515100,2024-10-08,1.491,1.517,1.362,1.401
515100,2024-10-09,1.383,1.383,1.264,1.283
515100,2024-10-10,1.29,1.359,1.29,1.332
515100,2024-10-11,1.331,1.343,1.295,1.31
515100,2024-10-14,1.342,1.355,1.318,1.349
515100,2024-10-15,1.348,1.351,1.316,1.316
515100,2024-10-16,1.31,1.349,1.306,1.337
515100,2024-10-17,1.338,1.347,1.312,1.313
515100,2024-10-18,1.314,1.351,1.295,1.332
515100,2024-10-21,1.338,1.338,1.31,1.321
515100,2024-10-22,1.315,1.329,1.315,1.328
515100,2024-10-23,1.325,1.341,1.325,1.334
515100,2024-10-24,1.331,1.336,1.32,1.326
515100,2024-10-25,1.322,1.335,1.322,1.332
515100,2024-10-28,1.333,1.341,1.323,1.341
515100,2024-10-29,1.34,1.345,1.317,1.319
515100,2024-10-30,1.316,1.326,1.303,1.311
515100,2024-10-31,1.31,1.319,1.301,1.314
515100,2024-11-01,1.311,1.332,1.311,1.321
515100,2024-11-04,1.321,1.335,1.312,1.335
515100,2024-11-05,1.328,1.36,1.328,1.359
515100,2024-11-06,1.364,1.364,1.347,1.355
515100,2024-11-07,1.355,1.398,1.346,1.397
515100,2024-11-08,1.41,1.421,1.368,1.375
515100,2024-11-11,1.372,1.372,1.35,1.368
515100,2024-11-12,1.368,1.383,1.351,1.359
515100,2024-11-13,1.353,1.371,1.353,1.365
515100,2024-11-14,1.36,1.367,1.343,1.346
515100,2024-11-15,1.34,1.354,1.333,1.336
515100,2024-11-18,1.34,1.38,1.34,1.357
515100,2024-11-19,1.358,1.364,1.337,1.356
515100,2024-11-20,1.356,1.361,1.349,1.359
515100,2024-11-21,1.359,1.363,1.353,1.363
515100,2024-11-22,1.362,1.366,1.321,1.322
515100,2024-11-25,1.323,1.337,1.315,1.324
515100,2024-11-26,1.322,1.33,1.318,1.324
515100,2024-11-27,1.324,1.337,1.307,1.336
515100,2024-11-28,1.336,1.344,1.333,1.337
515100,2024-11-29,1.336,1.353,1.335,1.345
515100,2024-12-02,1.35,1.358,1.343,1.355
515100,2024-12-03,1.355,1.37,1.35,1.368
515100,2024-12-04,1.366,1.372,1.358,1.367
515100,2024-12-05,1.367,1.367,1.36,1.365
515100,2024-12-06,1.365,1.387,1.364,1.382
515100,2024-12-09,1.384,1.394,1.379,1.386
515100,2024-12-10,1.414,1.419,1.384,1.387
515100,2024-12-11,1.385,1.396,1.383,1.394
515100,2024-12-12,1.394,1.41,1.388,1.404
515100,2024-12-13,1.405,1.405,1.376,1.377
515100,2024-12-16,1.379,1.397,1.377,1.392
515100,2024-12-17,1.39,1.4,1.383,1.385
515100,2024-12-18,1.386,1.403,1.386,1.391
515100,2024-12-19,1.385,1.388,1.372,1.377
515100,2024-12-20,1.375,1.379,1.368,1.372
515100,2024-12-23,1.37,1.383,1.367,1.371
515100,2024-12-24,1.374,1.386,1.37,1.384
515100,2024-12-25,1.384,1.396,1.382,1.394
515100,2024-12-26,1.392,1.394,1.384,1.386
515100,2024-12-27,1.385,1.394,1.377,1.393
515100,2024-12-30,1.392,1.402,1.39,1.399
515100,2024-12-31,1.399,1.409,1.389,1.39
515100,2025-01-02,1.391,1.399,1.351,1.358
515100,2025-01-03,1.358,1.369,1.344,1.346
515100,2025-01-06,1.345,1.355,1.339,1.354
515100,2025-01-07,1.353,1.355,1.336,1.346
515100,2025-01-08,1.342,1.354,1.33,1.349
515100,2025-01-09,1.349,1.349,1.329,1.331
515100,2025-01-10,1.33,1.333,1.311,1.313
515100,2025-01-13,1.314,1.314,1.291,1.299
515100,2025-01-14,1.301,1.323,1.299,1.319
515100,2025-01-15,1.319,1.333,1.315,1.321
515100,2025-01-16,1.322,1.335,1.322,1.331
515100,2025-01-17,1.329,1.333,1.319,1.33
515100,2025-01-20,1.331,1.341,1.325,1.328
515100,2025-01-21,1.332,1.332,1.314,1.318
515100,2025-01-22,1.316,1.318,1.3,1.305
515100,2025-01-23,1.313,1.327,1.313,1.318
515100,2025-01-24,1.318,1.331,1.313,1.328
515100,2025-01-27,1.33,1.349,1.329,1.345
515100,2025-02-05,1.345,1.346,1.316,1.319
515100,2025-02-06,1.32,1.322,1.31,1.318
515100,2025-02-07,1.318,1.331,1.312,1.329
515100,2025-02-10,1.328,1.332,1.325,1.327
515100,2025-02-11,1.328,1.337,1.327,1.336
515100,2025-02-12,1.337,1.337,1.328,1.334
515100,2025-02-13,1.334,1.344,1.332,1.339
515100,2025-02-14,1.339,1.339,1.329,1.337
515100,2025-02-17,1.338,1.339,1.327,1.337
515100,2025-02-18,1.337,1.348,1.334,1.341
515100,2025-02-19,1.337,1.337,1.33,1.337
515100,2025-02-20,1.335,1.335,1.327,1.328
515100,2025-02-21,1.328,1.33,1.32,1.324
515100,2025-02-24,1.323,1.332,1.322,1.324
515100,2025-02-25,1.323,1.323,1.311,1.314
515100,2025-02-26,1.315,1.326,1.315,1.326
515100,2025-02-27,1.326,1.336,1.322,1.336
515100,2025-02-28,1.336,1.339,1.325,1.329
515100,2025-03-03,1.327,1.334,1.323,1.328
515100,2025-03-04,1.324,1.331,1.321,1.33
515100,2025-03-05,1.331,1.334,1.324,1.334
515100,2025-03-06,1.334,1.335,1.324,1.331
515100,2025-03-07,1.33,1.338,1.328,1.331
515100,2025-03-10,1.33,1.335,1.324,1.329
515100,2025-03-11,1.325,1.339,1.323,1.338
515100,2025-03-12,1.337,1.343,1.331,1.334
515100,2025-03-13,1.333,1.338,1.329,1.335
515100,2025-03-14,1.335,1.347,1.334,1.346
515100,2025-03-17,1.346,1.357,1.346,1.354
515100,2025-03-18,1.355,1.356,1.347,1.351
515100,2025-03-19,1.351,1.353,1.345,1.351
515100,2025-03-20,1.35,1.354,1.343,1.345
515100,2025-03-21,1.343,1.356,1.341,1.346
515100,2025-03-24,1.345,1.354,1.343,1.354
515100,2025-03-25,1.352,1.366,1.35,1.365
515100,2025-03-26,1.365,1.365,1.357,1.363
515100,2025-03-27,1.36,1.366,1.359,1.361
515100,2025-03-28,1.361,1.361,1.35,1.354
515100,2025-03-31,1.352,1.362,1.346,1.35
515100,2025-04-01,1.349,1.363,1.349,1.362
515100,2025-04-02,1.36,1.366,1.359,1.363
515100,2025-04-03,1.36,1.371,1.356,1.368
515100,2025-04-07,1.336,1.34,1.251,1.277
515100,2025-04-08,1.282,1.321,1.278,1.32
515100,2025-04-09,1.31,1.321,1.285,1.315
515100,2025-04-10,1.321,1.335,1.317,1.333
515100,2025-04-11,1.326,1.327,1.316,1.322
515100,2025-04-14,1.32,1.33,1.32,1.326
515100,2025-04-15,1.326,1.333,1.323,1.333
515100,2025-04-16,1.33,1.341,1.327,1.34
515100,2025-04-17,1.338,1.344,1.332,1.342
515100,2025-04-18,1.338,1.344,1.337,1.343
515100,2025-04-21,1.34,1.348,1.336,1.337
515100,2025-04-22,1.336,1.351,1.336,1.349
515100,2025-04-23,1.349,1.351,1.339,1.34
515100,2025-04-24,1.342,1.355,1.342,1.352
515100,2025-04-25,1.351,1.355,1.347,1.35
515100,2025-04-28,1.351,1.357,1.346,1.354
515100,2025-04-29,1.35,1.354,1.344,1.346
515100,2025-04-30,1.347,1.347,1.334,1.335
515100,2025-05-06,1.336,1.339,1.331,1.338
515100,2025-05-07,1.344,1.35,1.342,1.349
515100,2025-05-08,1.348,1.353,1.344,1.353
515100,2025-05-09,1.353,1.362,1.351,1.36
515100,2025-05-12,1.36,1.366,1.356,1.363
515100,2025-05-13,1.366,1.373,1.361,1.371
515100,2025-05-14,1.371,1.381,1.366,1.38
515100,2025-05-15,1.381,1.386,1.376,1.378
515100,2025-05-16,1.376,1.378,1.362,1.368
515100,2025-05-19,1.365,1.375,1.365,1.372
515100,2025-05-20,1.373,1.379,1.373,1.376
515100,2025-05-21,1.376,1.386,1.376,1.385
515100,2025-05-22,1.385,1.385,1.379,1.383
515100,2025-05-23,1.384,1.391,1.372,1.373
515100,2025-05-26,1.368,1.373,1.359,1.364
515100,2025-05-27,1.363,1.367,1.36,1.366
515100,2025-05-28,1.366,1.372,1.365,1.37
515100,2025-05-29,1.373,1.373,1.367,1.372
515100,2025-05-30,1.372,1.378,1.369,1.377
515100,2025-06-03,1.374,1.38,1.366,1.379
515100,2025-06-04,1.378,1.385,1.377,1.385
515100,2025-06-05,1.384,1.387,1.373,1.377
515100,2025-06-06,1.376,1.382,1.376,1.379
515100,2025-06-09,1.378,1.383,1.376,1.383
515100,2025-06-10,1.382,1.392,1.378,1.385
515100,2025-06-11,1.386,1.391,1.384,1.389
515100,2025-06-12,1.39,1.39,1.383,1.39
515100,2025-06-13,1.388,1.39,1.377,1.38
515100,2025-06-16,1.377,1.38,1.374,1.379
515100,2025-06-17,1.379,1.381,1.374,1.377
515100,2025-06-18,1.375,1.379,1.37,1.376
515100,2025-06-19,1.374,1.375,1.363,1.367
515100,2025-06-20,1.367,1.377,1.367,1.375
515100,2025-06-23,1.374,1.38,1.362,1.374
515100,2025-06-24,1.372,1.381,1.371,1.38
515100,2025-06-25,1.38,1.39,1.376,1.388
515100,2025-06-26,1.388,1.392,1.384,1.391
515100,2025-06-27,1.39,1.399,1.38,1.382
515100,2025-06-30,1.382,1.383,1.375,1.379
515100,2025-07-01,1.379,1.393,1.379,1.391
515100,2025-07-02,1.391,1.4,1.39,1.4
515100,2025-07-03,1.4,1.401,1.394,1.4
515100,2025-07-04,1.398,1.414,1.398,1.408
515100,2025-07-07,1.408,1.417,1.405,1.416
515100,2025-07-08,1.417,1.42,1.41,1.417
515100,2025-07-09,1.416,1.429,1.416,1.427
515100,2025-07-10,1.426,1.443,1.426,1.44
515100,2025-07-11,1.438,1.445,1.431,1.431
515100,2025-07-14,1.429,1.445,1.429,1.443
515100,2025-07-15,1.443,1.443,1.422,1.426
515100,2025-07-16,1.427,1.428,1.419,1.425
515100,2025-07-17,1.425,1.43,1.42,1.425
515100,2025-07-18,1.424,1.434,1.424,1.434
515100,2025-07-21,1.436,1.451,1.435,1.45
515100,2025-07-22,1.45,1.473,1.441,1.471
515100,2025-07-23,1.476,1.478,1.46,1.463
515100,2025-07-24,1.46,1.465,1.453,1.465
515100,2025-07-25,1.463,1.468,1.45,1.452
515100,2025-07-28,1.446,1.451,1.441,1.444
515100,2025-07-29,1.444,1.445,1.431,1.44
515100,2025-07-30,1.439,1.452,1.438,1.446
515100,2025-07-31,1.443,1.444,1.415,1.42
515100,2025-08-01,1.42,1.425,1.415,1.42
515100,2025-08-04,1.415,1.426,1.413,1.426
515100,2025-08-05,1.425,1.436,1.424,1.435
515100,2025-08-06,1.435,1.437,1.43,1.436
515100,2025-08-07,1.436,1.44,1.43,1.436
515100,2025-08-08,1.435,1.441,1.435,1.439
515100,2025-08-11,1.44,1.443,1.432,1.437
515100,2025-08-12,1.437,1.445,1.435,1.442
515100,2025-08-13,1.442,1.444,1.434,1.437
515100,2025-08-14,1.437,1.444,1.428,1.43
515100,2025-08-15,1.43,1.435,1.423,1.435
515100,2025-08-18,1.435,1.443,1.432,1.438
515100,2025-08-19,1.437,1.441,1.433,1.437
515100,2025-08-20,1.436,1.452,1.432,1.451
515100,2025-08-21,1.45,1.461,1.449,1.46
515100,2025-08-22,1.458,1.462,1.444,1.46
515100,2025-08-25,1.458,1.475,1.456,1.473
515100,2025-08-26,1.471,1.475,1.467,1.473
515100,2025-08-27,1.47,1.473,1.443,1.444
515100,2025-08-28,1.443,1.448,1.424,1.442
515100,2025-08-29,1.442,1.458,1.441,1.442
515100,2025-09-01,1.442,1.448,1.432,1.442
515100,2025-09-02,1.444,1.446,1.432,1.444
515100,2025-09-03,1.444,1.447,1.428,1.429
515100,2025-09-04,1.429,1.432,1.418,1.432
515100,2025-09-05,1.431,1.437,1.422,1.436
515100,2025-09-08,1.436,1.445,1.434,1.444
515100,2025-09-09,1.444,1.448,1.437,1.446
515100,2025-09-10,1.445,1.445,1.437,1.442
515100,2025-09-11,1.438,1.448,1.432,1.447
515100,2025-09-12,1.444,1.448,1.438,1.44
515100,2025-09-15,1.44,1.44,1.429,1.432
515100,2025-09-16,1.433,1.435,1.423,1.426
515100,2025-09-17,1.428,1.434,1.422,1.434
515100,2025-09-18,1.433,1.433,1.404,1.41
515100,2025-09-19,1.41,1.415,1.403,1.415
515100,2025-09-22,1.413,1.414,1.398,1.403
515100,2025-09-23,1.402,1.409,1.395,1.406
515100,2025-09-24,1.406,1.415,1.404,1.413
515100,2025-09-25,1.414,1.415,1.404,1.409
515100,2025-09-26,1.41,1.416,1.405,1.415
515100,2025-09-29,1.414,1.42,1.404,1.415
515100,2025-09-30,1.408,1.413,1.407,1.41
515100,2025-10-09,1.41,1.428,1.409,1.428
515100,2025-10-10,1.425,1.443,1.422,1.439
515100,2025-10-13,1.421,1.438,1.415,1.433
515100,2025-10-14,1.431,1.45,1.431,1.448
515100,2025-10-15,1.444,1.454,1.443,1.451
515100,2025-10-16,1.451,1.457,1.448,1.454
515100,2025-10-17,1.455,1.46,1.44,1.443
515100,2025-10-20,1.442,1.451,1.433,1.451
515100,2025-10-21,1.448,1.46,1.447,1.456
515100,2025-10-22,1.456,1.466,1.454,1.463
515100,2025-10-23,1.463,1.474,1.458,1.473
515100,2025-10-24,1.474,1.475,1.46,1.463
515100,2025-10-27,1.461,1.47,1.454,1.466
515100,2025-10-28,1.463,1.467,1.455,1.459
515100,2025-10-29,1.457,1.458,1.446,1.457
515100,2025-10-30,1.456,1.464,1.453,1.459
515100,2025-10-31,1.458,1.459,1.451,1.457
515100,2025-11-03,1.458,1.472,1.456,1.471
515100,2025-11-04,1.47,1.482,1.467,1.476
515100,2025-11-05,1.472,1.482,1.465,1.478
515100,2025-11-06,1.479,1.49,1.476,1.49
515100,2025-11-07,1.489,1.497,1.486,1.495
515100,2025-11-10,1.495,1.51,1.493,1.509
515100,2025-11-11,1.508,1.512,1.504,1.51
515100,2025-11-12,1.51,1.523,1.51,1.518
515100,2025-11-13,1.518,1.521,1.506,1.517
515100,2025-11-14,1.514,1.523,1.508,1.512
515100,2025-11-17,1.509,1.51,1.491,1.495
515100,2025-11-18,1.493,1.498,1.477,1.481
515100,2025-11-19,1.479,1.489,1.479,1.486
515100,2025-11-20,1.485,1.5,1.484,1.488
515100,2025-11-21,1.485,1.487,1.459,1.465
515100,2025-11-24,1.464,1.466,1.453,1.453
515100,2025-11-25,1.46,1.466,1.451,1.465
515100,2025-11-26,1.464,1.47,1.457,1.458
515100,2025-11-27,1.458,1.465,1.452,1.462
515100,2025-11-28,1.461,1.464,1.453,1.462
515100,2025-12-01,1.46,1.475,1.46,1.474
515100,2025-12-02,1.473,1.479,1.47,1.477
515100,2025-12-03,1.477,1.485,1.473,1.479
515100,2025-12-04,1.478,1.482,1.469,1.472
515100,2025-12-05,1.472,1.474,1.464,1.473
515100,2025-12-08,1.474,1.476,1.463,1.469
515100,2025-12-09,1.469,1.469,1.457,1.457
515100,2025-12-10,1.458,1.459,1.446,1.453
515100,2025-12-11,1.455,1.457,1.439,1.443
515100,2025-12-12,1.443,1.445,1.435,1.441
515100,2025-12-15,1.44,1.447,1.434,1.443
515100,2025-12-16,1.442,1.443,1.432,1.434
515100,2025-12-17,1.434,1.44,1.427,1.438
515100,2025-12-18,1.437,1.448,1.432,1.447
515100,2025-12-19,1.447,1.449,1.44,1.446
515100,2025-12-22,1.446,1.446,1.438,1.438
515100,2025-12-23,1.44,1.443,1.434,1.437
515100,2025-12-24,1.437,1.44,1.432,1.44
515100,2025-12-25,1.44,1.446,1.439,1.445
515100,2025-12-26,1.444,1.448,1.441,1.447
515100,2025-12-29,1.447,1.447,1.436,1.438
515100,2025-12-30,1.438,1.439,1.427,1.433
515100,2025-12-31,1.433,1.434,1.428,1.43
515100,2026-01-05,1.431,1.433,1.426,1.433
515100,2026-01-06,1.433,1.44,1.429,1.438
515100,2026-01-07,1.438,1.44,1.431,1.435
515100,2026-01-08,1.434,1.434,1.426,1.43
515100,2026-01-09,1.43,1.433,1.427,1.433
515100,2026-01-12,1.432,1.437,1.429,1.436
515100,2026-01-13,1.436,1.445,1.434,1.437
515100,2026-01-14,1.436,1.44,1.423,1.425
515100,2026-01-15,1.425,1.428,1.419,1.422
515100,2026-01-16,1.422,1.425,1.406,1.41
515100,2026-01-19,1.408,1.417,1.405,1.417
515100,2026-01-20,1.417,1.438,1.415,1.437
515100,2026-01-21,1.437,1.438,1.425,1.428
515100,2026-01-22,1.428,1.436,1.425,1.431
515100,2026-01-23,1.431,1.436,1.428,1.431
515100,2026-01-26,1.428,1.44,1.425,1.44
515100,2026-01-27,1.441,1.442,1.428,1.43
515100,2026-01-28,1.43,1.446,1.43,1.437
515100,2026-01-29,1.437,1.465,1.437,1.464
515100,2026-01-30,1.462,1.468,1.445,1.455
515100,2026-02-02,1.452,1.455,1.428,1.429
515100,2026-02-03,1.431,1.438,1.422,1.437
515100,2026-02-04,1.435,1.459,1.434,1.458
515100,2026-02-05,1.454,1.464,1.451,1.464
515100,2026-02-06,1.456,1.464,1.452,1.458
515100,2026-02-09,1.462,1.467,1.458,1.465
515100,2026-02-10,1.462,1.47,1.459,1.47
515100,2026-02-11,1.468,1.471,1.462,1.469
515100,2026-02-12,1.469,1.47,1.458,1.459
515100,2026-02-13,1.459,1.46,1.444,1.448
515100,2026-02-24,1.452,1.463,1.451,1.459
515100,2026-02-25,1.458,1.472,1.457,1.459
515100,2026-02-26,1.461,1.465,1.452,1.457
515100,2026-02-27,1.457,1.466,1.455,1.466
515100,2026-03-02,1.46,1.479,1.458,1.478
515100,2026-03-03,1.48,1.493,1.473,1.48
515100,2026-03-04,1.479,1.479,1.451,1.459
515100,2026-03-05,1.46,1.464,1.452,1.459
515100,2026-03-06,1.457,1.471,1.453,1.47
515100,2026-03-09,1.47,1.478,1.465,1.47
515100,2026-03-10,1.464,1.469,1.459,1.467
515100,2026-03-11,1.468,1.486,1.459,1.484
515100,2026-03-12,1.483,1.494,1.481,1.492
515100,2026-03-13,1.492,1.499,1.487,1.489
515100,2026-03-16,1.489,1.494,1.482,1.489
515100,2026-03-17,1.488,1.498,1.485,1.49
515100,2026-03-18,1.49,1.491,1.472,1.482
515100,2026-03-19,1.48,1.49,1.475,1.479
515100,2026-03-20,1.477,1.488,1.471,1.473
515100,2026-03-23,1.467,1.469,1.417,1.424
515100,2026-03-24,1.43,1.448,1.425,1.448
515100,2026-03-25,1.449,1.463,1.439,1.461
515100,2026-03-26,1.46,1.467,1.456,1.461
515100,2026-03-27,1.452,1.463,1.448,1.457
515100,2026-03-30,1.448,1.465,1.448,1.462
515100,2026-03-31,1.463,1.476,1.46,1.463
515100,2026-04-01,1.467,1.47,1.459,1.462
515100,2026-04-02,1.461,1.466,1.458,1.464
515100,2026-04-03,1.463,1.464,1.441,1.443
515100,2026-04-07,1.444,1.445,1.434,1.438
515100,2026-04-08,1.441,1.455,1.439,1.454
515100,2026-04-09,1.448,1.452,1.438,1.442
515100,2026-04-10,1.443,1.445,1.438,1.44
515100,2026-04-13,1.438,1.439,1.429,1.433
515100,2026-04-14,1.433,1.437,1.43,1.436
515100,2026-04-15,1.437,1.449,1.434,1.449
515100,2026-04-16,1.449,1.449,1.443,1.448
515100,2026-04-17,1.444,1.444,1.437,1.438
515100,2026-04-20,1.438,1.441,1.436,1.441
515100,2026-04-21,1.441,1.453,1.44,1.453
515100,2026-04-22,1.451,1.453,1.446,1.448
515100,2026-04-23,1.448,1.458,1.444,1.457
515100,2026-04-24,1.454,1.457,1.448,1.454
515100,2026-04-27,1.45,1.453,1.445,1.445
515100,2026-05-20,1.438,1.438,1.426,1.427
515100,2026-05-21,1.427,1.434,1.419,1.421
515100,2026-05-22,1.421,1.422,1.409,1.415
515100,2026-05-25,1.41,1.421,1.41,1.416
515100,2026-05-26,1.415,1.418,1.41,1.418
515100,2026-05-27,1.415,1.417,1.403,1.415
515100,2026-05-28,1.413,1.418,1.403,1.404
515100,2026-05-29,1.405,1.435,1.403,1.432
515180,2026-05-28,1.386,1.394,1.381,1.384
515450,2020-02-26,0.71348644688328,0.71348644688328,0.71348644688328,0.71348644688328
515450,2020-02-27,0.7142042400894,0.7142042400894,0.7142042400894,0.7142042400894
515450,2020-02-28,0.69841278955476,0.69841278955476,0.69841278955476,0.69841278955476
515450,2020-03-02,0.71635761970776,0.71635761970776,0.71635761970776,0.71635761970776
515450,2020-03-03,0.71922879253224,0.71922879253224,0.71922879253224,0.71922879253224
515450,2020-03-04,0.7213821721506,0.7213821721506,0.7213821721506,0.7213821721506
515450,2020-03-05,0.73143127703628,0.73143127703628,0.73143127703628,0.73143127703628
515450,2020-03-06,0.72568893138732,0.72568893138732,0.72568893138732,0.72568893138732
515450,2020-03-09,0.71563982650164,0.71563982650164,0.71563982650164,0.71563982650164
515450,2020-03-10,0.72353555176896,0.72353555176896,0.72353555176896,0.72353555176896
515450,2020-03-11,0.71779320612,0.71779320612,0.71779320612,0.71779320612
515450,2020-03-12,0.70774410123432,0.70774410123432,0.70774410123432,0.70774410123432
515450,2020-03-13,0.69769499634864,0.69769499634864,0.69769499634864,0.69769499634864
515450,2020-03-16,0.6890814778752,0.6890814778752,0.6890814778752,0.6890814778752
515450,2020-03-17,0.6854925118446,0.6854925118446,0.6854925118446,0.6854925118446
515450,2020-03-18,0.67544340695892,0.67544340695892,0.67544340695892,0.67544340695892
515450,2020-03-19,0.663958715661,0.663958715661,0.663958715661,0.663958715661
515450,2020-03-20,0.67257223413444,0.67257223413444,0.67257223413444,0.67257223413444
515450,2020-03-23,0.65390961077532,0.65390961077532,0.65390961077532,0.65390961077532
515450,2020-03-24,0.66682988848548,0.66682988848548,0.66682988848548,0.66682988848548
515450,2020-03-25,0.67975016619564,0.67975016619564,0.67975016619564,0.67975016619564
515450,2020-03-26,0.6747256137528,0.6747256137528,0.6747256137528,0.6747256137528
515450,2020-03-27,0.67975016619564,0.67975016619564,0.67975016619564,0.67975016619564
515450,2020-03-30,0.67687899337116,0.67687899337116,0.67687899337116,0.67687899337116
515450,2020-03-31,0.67257223413444,0.67257223413444,0.67257223413444,0.67257223413444
515450,2020-04-01,0.66898326810384,0.66898326810384,0.66898326810384,0.66898326810384
515450,2020-04-02,0.67544340695892,0.67544340695892,0.67544340695892,0.67544340695892
515450,2020-04-03,0.67329002734056,0.67329002734056,0.67329002734056,0.67329002734056
515450,2020-04-07,0.67975016619564,0.67975016619564,0.67975016619564,0.67975016619564
515450,2020-04-08,0.6783145797834,0.6783145797834,0.6783145797834,0.6783145797834
515450,2020-04-09,0.68046795940176,0.68046795940176,0.68046795940176,0.68046795940176
515450,2020-04-10,0.67544340695892,0.67544340695892,0.67544340695892,0.67544340695892
515450,2020-04-13,0.67257223413444,0.67257223413444,0.67257223413444,0.67257223413444
515450,2020-04-14,0.6783145797834,0.6783145797834,0.6783145797834,0.6783145797834
515450,2020-04-15,0.67544340695892,0.67544340695892,0.67544340695892,0.67544340695892
515450,2020-04-16,0.67759678657728,0.67759678657728,0.67759678657728,0.67759678657728
515450,2020-04-17,0.67975016619564,0.67975016619564,0.67975016619564,0.67975016619564
515450,2020-04-20,0.67759678657728,0.67759678657728,0.67759678657728,0.67759678657728
515450,2020-04-21,0.67185444092832,0.67185444092832,0.67185444092832,0.67185444092832
515450,2020-04-22,0.67329002734056,0.67329002734056,0.67329002734056,0.67329002734056
515450,2020-04-23,0.6711366477222,0.6711366477222,0.6711366477222,0.6711366477222
515450,2020-04-24,0.66682988848548,0.66682988848548,0.66682988848548,0.66682988848548
515450,2020-04-27,0.67041885451608,0.67041885451608,0.67041885451608,0.67041885451608
515450,2020-04-28,0.66682988848548,0.66682988848548,0.66682988848548,0.66682988848548
515450,2020-04-29,0.67400782054668,0.67400782054668,0.67400782054668,0.67400782054668
515450,2020-04-30,0.68262133902012,0.68262133902012,0.68262133902012,0.68262133902012
515450,2020-05-06,0.68046795940176,0.68046795940176,0.68046795940176,0.68046795940176
515450,2020-05-07,0.67616120016504,0.67616120016504,0.67616120016504,0.67616120016504
515450,2020-05-08,0.68118575260788,0.68118575260788,0.68118575260788,0.68118575260788
515450,2020-05-11,0.681903545814,0.681903545814,0.681903545814,0.681903545814
515450,2020-05-12,0.6783145797834,0.6783145797834,0.6783145797834,0.6783145797834
515450,2020-05-13,0.6783145797834,0.6783145797834,0.6783145797834,0.6783145797834
515450,2020-05-14,0.67185444092832,0.67185444092832,0.67185444092832,0.67185444092832
515450,2020-05-15,0.66970106130996,0.66970106130996,0.66970106130996,0.66970106130996
515450,2020-05-18,0.67185444092832,0.67185444092832,0.67185444092832,0.67185444092832
515450,2020-05-19,0.67400782054668,0.67400782054668,0.67400782054668,0.67400782054668
515450,2020-05-20,0.6711366477222,0.6711366477222,0.6711366477222,0.6711366477222
515450,2020-05-21,0.66826547489772,0.66826547489772,0.66826547489772,0.66826547489772
515450,2020-05-22,0.65893416321816,0.65893416321816,0.65893416321816,0.65893416321816
515450,2020-05-25,0.65821637001204,0.65821637001204,0.65821637001204,0.65821637001204
515450,2020-05-26,0.66108754283652,0.66108754283652,0.66108754283652,0.66108754283652
515450,2020-05-27,0.66252312924876,0.66252312924876,0.66252312924876,0.66252312924876
515450,2020-05-28,0.66467650886712,0.66467650886712,0.66467650886712,0.66467650886712
515450,2020-05-29,0.66180533604264,0.66180533604264,0.66180533604264,0.66180533604264
515450,2020-06-01,0.66970106130996,0.66970106130996,0.66970106130996,0.66970106130996
515450,2020-06-02,0.67257223413444,0.67257223413444,0.67257223413444,0.67257223413444
515450,2020-06-03,0.67400782054668,0.67400782054668,0.67400782054668,0.67400782054668
515450,2020-06-04,0.66970106130996,0.66970106130996,0.66970106130996,0.66970106130996
515450,2020-06-05,0.67041885451608,0.67041885451608,0.67041885451608,0.67041885451608
515450,2020-06-08,0.67257223413444,0.67257223413444,0.67257223413444,0.67257223413444
515450,2020-06-09,0.6747256137528,0.6747256137528,0.6747256137528,0.6747256137528
515450,2020-06-10,0.67185444092832,0.67185444092832,0.67185444092832,0.67185444092832
515450,2020-06-11,0.66539430207324,0.66539430207324,0.66539430207324,0.66539430207324
515450,2020-06-12,0.663958715661,0.663958715661,0.663958715661,0.663958715661
515450,2020-06-15,0.65821637001204,0.65821637001204,0.65821637001204,0.65821637001204
515450,2020-06-16,0.66467650886712,0.66467650886712,0.66467650886712,0.66467650886712
515450,2020-06-17,0.66682988848548,0.66682988848548,0.66682988848548,0.66682988848548
515450,2020-06-18,0.67185444092832,0.67185444092832,0.67185444092832,0.67185444092832
515450,2020-06-19,0.67257223413444,0.67257223413444,0.67257223413444,0.67257223413444
515450,2020-06-22,0.67041885451608,0.67041885451608,0.67041885451608,0.67041885451608
515450,2020-06-23,0.6675476816916,0.6675476816916,0.6675476816916,0.6675476816916
515450,2020-06-24,0.67185444092832,0.67185444092832,0.67185444092832,0.67185444092832
515450,2020-06-29,0.66611209527936,0.66611209527936,0.66611209527936,0.66611209527936
515450,2020-06-30,0.66898326810384,0.66898326810384,0.66898326810384,0.66898326810384
515450,2020-07-01,0.67903237298952,0.67903237298952,0.67903237298952,0.67903237298952
515450,2020-07-02,0.69554161673028,0.69554161673028,0.69554161673028,0.69554161673028
515450,2020-07-03,0.70989748085268,0.70989748085268,0.70989748085268,0.70989748085268
515450,2020-07-06,0.75798962566272,0.75798962566272,0.75798962566272,0.75798962566272
515450,2020-07-07,0.74722272757092,0.74722272757092,0.74722272757092,0.74722272757092
515450,2020-07-08,0.75511845283824,0.75511845283824,0.75511845283824,0.75511845283824
515450,2020-07-09,0.75942521207496,0.75942521207496,0.75942521207496,0.75942521207496
515450,2020-07-10,0.7429159683342,0.7429159683342,0.7429159683342,0.7429159683342
515450,2020-07-13,0.75440065963212,0.75440065963212,0.75440065963212,0.75440065963212
515450,2020-07-14,0.74937610718928,0.74937610718928,0.74937610718928,0.74937610718928
515450,2020-07-15,0.73789141589136,0.73789141589136,0.73789141589136,0.73789141589136
515450,2020-07-16,0.72784231100568,0.72784231100568,0.72784231100568,0.72784231100568
515450,2020-07-17,0.72568893138732,0.72568893138732,0.72568893138732,0.72568893138732
515450,2020-07-20,0.74794052077704,0.74794052077704,0.74794052077704,0.74794052077704
515450,2020-07-21,0.74578714115868,0.74578714115868,0.74578714115868,0.74578714115868
515450,2020-07-22,0.74865831398316,0.74865831398316,0.74865831398316,0.74865831398316
515450,2020-07-23,0.74435155474644,0.74435155474644,0.74435155474644,0.74435155474644
515450,2020-07-24,0.72640672459344,0.72640672459344,0.72640672459344,0.72640672459344
515450,2020-07-27,0.7249711381812,0.7249711381812,0.7249711381812,0.7249711381812
515450,2020-07-28,0.72712451779956,0.72712451779956,0.72712451779956,0.72712451779956
515450,2020-07-29,0.73358465665464,0.73358465665464,0.73358465665464,0.73358465665464
515450,2020-07-30,0.7321490702424,0.7321490702424,0.7321490702424,0.7321490702424
515450,2020-07-31,0.73286686344852,0.73286686344852,0.73286686344852,0.73286686344852
515450,2020-08-03,0.74004479550972,0.74004479550972,0.74004479550972,0.74004479550972
515450,2020-08-04,0.74865831398316,0.74865831398316,0.74865831398316,0.74865831398316
515450,2020-08-05,0.74076258871584,0.74076258871584,0.74076258871584,0.74076258871584
515450,2020-08-06,0.74076258871584,0.74076258871584,0.74076258871584,0.74076258871584
515450,2020-08-07,0.73860920909748,0.73860920909748,0.73860920909748,0.73860920909748
515450,2020-08-10,0.74865831398316,0.74865831398316,0.74865831398316,0.74865831398316
515450,2020-08-11,0.74578714115868,0.74578714115868,0.74578714115868,0.74578714115868
515450,2020-08-12,0.75152948680764,0.75152948680764,0.75152948680764,0.75152948680764
515450,2020-08-13,0.753682866426,0.753682866426,0.753682866426,0.753682866426
515450,2020-08-14,0.7608607984872,0.7608607984872,0.7608607984872,0.7608607984872
515450,2020-08-17,0.77737004222796,0.77737004222796,0.77737004222796,0.77737004222796
515450,2020-08-18,0.7752166626096,0.7752166626096,0.7752166626096,0.7752166626096
515450,2020-08-19,0.77737004222796,0.77737004222796,0.77737004222796,0.77737004222796
515450,2020-08-20,0.76875652375452,0.76875652375452,0.76875652375452,0.76875652375452
515450,2020-08-21,0.77019211016676,0.77019211016676,0.77019211016676,0.77019211016676
515450,2020-08-24,0.76947431696064,0.76947431696064,0.76947431696064,0.76947431696064
515450,2020-08-25,0.76588535093004,0.76588535093004,0.76588535093004,0.76588535093004
515450,2020-08-26,0.7608607984872,0.7608607984872,0.7608607984872,0.7608607984872
515450,2020-08-27,0.76157859169332,0.76157859169332,0.76157859169332,0.76157859169332
515450,2020-08-28,0.77306328299124,0.77306328299124,0.77306328299124,0.77306328299124
515450,2020-08-31,0.77090990337288,0.77090990337288,0.77090990337288,0.77090990337288
515450,2020-09-01,0.7752166626096,0.7752166626096,0.7752166626096,0.7752166626096
515450,2020-09-02,0.76947431696064,0.76947431696064,0.76947431696064,0.76947431696064
515450,2020-09-03,0.76947431696064,0.76947431696064,0.76947431696064,0.76947431696064
515450,2020-09-04,0.76588535093004,0.76588535093004,0.76588535093004,0.76588535093004
515450,2020-09-07,0.7608607984872,0.7608607984872,0.7608607984872,0.7608607984872
515450,2020-09-08,0.77090990337288,0.77090990337288,0.77090990337288,0.77090990337288
515450,2020-09-09,0.7644497645178,0.7644497645178,0.7644497645178,0.7644497645178
515450,2020-09-10,0.7608607984872,0.7608607984872,0.7608607984872,0.7608607984872
515450,2020-09-11,0.76157859169332,0.76157859169332,0.76157859169332,0.76157859169332
515450,2020-09-14,0.76301417810556,0.76301417810556,0.76301417810556,0.76301417810556
515450,2020-09-15,0.7644497645178,0.7644497645178,0.7644497645178,0.7644497645178
515450,2020-09-16,0.76660314413616,0.76660314413616,0.76660314413616,0.76660314413616
515450,2020-09-17,0.7644497645178,0.7644497645178,0.7644497645178,0.7644497645178
515450,2020-09-18,0.77593445581572,0.77593445581572,0.77593445581572,0.77593445581572
515450,2020-09-21,0.771627696579,0.771627696579,0.771627696579,0.771627696579
515450,2020-09-22,0.76157859169332,0.76157859169332,0.76157859169332,0.76157859169332
515450,2020-09-23,0.75942521207496,0.75942521207496,0.75942521207496,0.75942521207496
515450,2020-09-24,0.74722272757092,0.74722272757092,0.74722272757092,0.74722272757092
515450,2020-09-25,0.74506934795256,0.74506934795256,0.74506934795256,0.74506934795256
515450,2020-09-28,0.74722272757092,0.74722272757092,0.74722272757092,0.74722272757092
515450,2020-09-29,0.74794052077704,0.74794052077704,0.74794052077704,0.74794052077704
515450,2020-09-30,0.74363376154032,0.74363376154032,0.74363376154032,0.74363376154032
515450,2020-10-09,0.75081169360152,0.75081169360152,0.75081169360152,0.75081169360152
515450,2020-10-12,0.7608607984872,0.7608607984872,0.7608607984872,0.7608607984872
515450,2020-10-13,0.76157859169332,0.76157859169332,0.76157859169332,0.76157859169332
515450,2020-10-14,0.75942521207496,0.75942521207496,0.75942521207496,0.75942521207496
515450,2020-10-15,0.76229638489944,0.76229638489944,0.76229638489944,0.76229638489944
515450,2020-10-16,0.76732093734228,0.76732093734228,0.76732093734228,0.76732093734228
515450,2020-10-19,0.76516755772392,0.76516755772392,0.76516755772392,0.76516755772392
515450,2020-10-20,0.76301417810556,0.76301417810556,0.76301417810556,0.76301417810556
515450,2020-10-21,0.76660314413616,0.76660314413616,0.76660314413616,0.76660314413616
515450,2020-10-22,0.76516755772392,0.76516755772392,0.76516755772392,0.76516755772392
515450,2020-10-23,0.76660314413616,0.76660314413616,0.76660314413616,0.76660314413616
515450,2020-10-26,0.7608607984872,0.7608607984872,0.7608607984872,0.7608607984872
515450,2020-10-27,0.75942521207496,0.75942521207496,0.75942521207496,0.75942521207496
515450,2020-10-28,0.75655403925048,0.75655403925048,0.75655403925048,0.75655403925048
515450,2020-10-29,0.7572718324566,0.7572718324566,0.7572718324566,0.7572718324566
515450,2020-10-30,0.75296507321988,0.75296507321988,0.75296507321988,0.75296507321988
515450,2020-11-02,0.7572718324566,0.7572718324566,0.7572718324566,0.7572718324566
515450,2020-11-03,0.76301417810556,0.76301417810556,0.76301417810556,0.76301417810556
515450,2020-11-04,0.7680387305484,0.7680387305484,0.7680387305484,0.7680387305484
515450,2020-11-05,0.77378107619736,0.77378107619736,0.77378107619736,0.77378107619736
515450,2020-11-06,0.77952342184632,0.77952342184632,0.77952342184632,0.77952342184632
515450,2020-11-09,0.7859835607014,0.7859835607014,0.7859835607014,0.7859835607014
515450,2020-11-10,0.7859835607014,0.7859835607014,0.7859835607014,0.7859835607014
515450,2020-11-11,0.79172590635036,0.79172590635036,0.79172590635036,0.79172590635036
515450,2020-11-12,0.7859835607014,0.7859835607014,0.7859835607014,0.7859835607014
515450,2020-11-13,0.7788056286402,0.7788056286402,0.7788056286402,0.7788056286402
515450,2020-11-16,0.7859835607014,0.7859835607014,0.7859835607014,0.7859835607014
515450,2020-11-17,0.78670135390752,0.78670135390752,0.78670135390752,0.78670135390752
515450,2020-11-18,0.79029031993812,0.79029031993812,0.79029031993812,0.79029031993812
515450,2020-11-19,0.79244369955648,0.79244369955648,0.79244369955648,0.79244369955648
515450,2020-11-20,0.79387928596872,0.79387928596872,0.79387928596872,0.79387928596872
515450,2020-11-23,0.80464618406052,0.80464618406052,0.80464618406052,0.80464618406052
515450,2020-11-24,0.80464618406052,0.80464618406052,0.80464618406052,0.80464618406052
515450,2020-11-25,0.80105721802992,0.80105721802992,0.80105721802992,0.80105721802992
515450,2020-11-26,0.80679956367888,0.80679956367888,0.80679956367888,0.80679956367888
515450,2020-11-27,0.81613087535844,0.81613087535844,0.81613087535844,0.81613087535844
515450,2020-11-30,0.81613087535844,0.81613087535844,0.81613087535844,0.81613087535844
515450,2020-12-01,0.8218732210074,0.8218732210074,0.8218732210074,0.8218732210074
515450,2020-12-02,0.82115542780128,0.82115542780128,0.82115542780128,0.82115542780128
515450,2020-12-03,0.81325970253396,0.81325970253396,0.81325970253396,0.81325970253396
515450,2020-12-04,0.80895294329724,0.80895294329724,0.80895294329724,0.80895294329724
515450,2020-12-07,0.7967504587932,0.7967504587932,0.7967504587932,0.7967504587932
515450,2020-12-08,0.79172590635036,0.79172590635036,0.79172590635036,0.79172590635036
515450,2020-12-09,0.789572526732,0.789572526732,0.789572526732,0.789572526732
515450,2020-12-10,0.78741914711364,0.78741914711364,0.78741914711364,0.78741914711364
515450,2020-12-11,0.78311238787692,0.78311238787692,0.78311238787692,0.78311238787692
515450,2020-12-14,0.7788056286402,0.7788056286402,0.7788056286402,0.7788056286402
515450,2020-12-15,0.77449886940348,0.77449886940348,0.77449886940348,0.77449886940348
515450,2020-12-16,0.77737004222796,0.77737004222796,0.77737004222796,0.77737004222796
515450,2020-12-17,0.78311238787692,0.78311238787692,0.78311238787692,0.78311238787692
515450,2020-12-18,0.7859835607014,0.7859835607014,0.7859835607014,0.7859835607014
515450,2020-12-21,0.789572526732,0.789572526732,0.789572526732,0.789572526732
515450,2020-12-22,0.76947431696064,0.76947431696064,0.76947431696064,0.76947431696064
515450,2020-12-23,0.77378107619736,0.77378107619736,0.77378107619736,0.77378107619736
515450,2020-12-24,0.7752166626096,0.7752166626096,0.7752166626096,0.7752166626096
515450,2020-12-25,0.78095900825856,0.78095900825856,0.78095900825856,0.78095900825856
515450,2020-12-28,0.78311238787692,0.78311238787692,0.78311238787692,0.78311238787692
515450,2020-12-29,0.77808783543408,0.77808783543408,0.77808783543408,0.77808783543408
515450,2020-12-30,0.77737004222796,0.77737004222796,0.77737004222796,0.77737004222796
515450,2020-12-31,0.7823945946708,0.7823945946708,0.7823945946708,0.7823945946708
515450,2021-01-04,0.78095900825856,0.78095900825856,0.78095900825856,0.78095900825856
515450,2021-01-05,0.77449886940348,0.77449886940348,0.77449886940348,0.77449886940348
515450,2021-01-06,0.78383018108304,0.78383018108304,0.78383018108304,0.78383018108304
515450,2021-01-07,0.78813694031976,0.78813694031976,0.78813694031976,0.78813694031976
515450,2021-01-08,0.79387928596872,0.79387928596872,0.79387928596872,0.79387928596872
515450,2021-01-11,0.78813694031976,0.78813694031976,0.78813694031976,0.78813694031976
515450,2021-01-12,0.79531487238096,0.79531487238096,0.79531487238096,0.79531487238096
515450,2021-01-13,0.80249280444216,0.80249280444216,0.80249280444216,0.80249280444216
515450,2021-01-14,0.80177501123604,0.80177501123604,0.80177501123604,0.80177501123604
515450,2021-01-15,0.80536397726664,0.80536397726664,0.80536397726664,0.80536397726664
515450,2021-01-18,0.80823515009112,0.80823515009112,0.80823515009112,0.80823515009112
515450,2021-01-19,0.8111063229156,0.8111063229156,0.8111063229156,0.8111063229156
515450,2021-01-20,0.80823515009112,0.80823515009112,0.80823515009112,0.80823515009112
515450,2021-01-21,0.81397749574008,0.81397749574008,0.81397749574008,0.81397749574008
515450,2021-01-22,0.80464618406052,0.80464618406052,0.80464618406052,0.80464618406052
515450,2021-01-25,0.80105721802992,0.80105721802992,0.80105721802992,0.80105721802992
515450,2021-01-26,0.7967504587932,0.7967504587932,0.7967504587932,0.7967504587932
515450,2021-01-27,0.8003394248238,0.8003394248238,0.8003394248238,0.8003394248238
515450,2021-01-28,0.79603266558708,0.79603266558708,0.79603266558708,0.79603266558708
515450,2021-01-29,0.78670135390752,0.78670135390752,0.78670135390752,0.78670135390752
515450,2021-02-01,0.78885473352588,0.78885473352588,0.78885473352588,0.78885473352588
515450,2021-02-02,0.78670135390752,0.78670135390752,0.78670135390752,0.78670135390752
515450,2021-02-03,0.78095900825856,0.78095900825856,0.78095900825856,0.78095900825856
515450,2021-02-04,0.7788056286402,0.7788056286402,0.7788056286402,0.7788056286402
515450,2021-02-05,0.79029031993812,0.79029031993812,0.79029031993812,0.79029031993812
515450,2021-02-08,0.79029031993812,0.79029031993812,0.79029031993812,0.79029031993812
515450,2021-02-09,0.7931614927626,0.7931614927626,0.7931614927626,0.7931614927626
515450,2021-02-10,0.79531487238096,0.79531487238096,0.79531487238096,0.79531487238096
515450,2021-02-18,0.8111063229156,0.8111063229156,0.8111063229156,0.8111063229156
515450,2021-02-19,0.82402660062576,0.82402660062576,0.82402660062576,0.82402660062576
515450,2021-02-22,0.83838246474817,0.83838246474817,0.83838246474817,0.83838246474817
515450,2021-02-23,0.82976894627472,0.82976894627472,0.82976894627472,0.82976894627472
515450,2021-02-24,0.82115542780128,0.82115542780128,0.82115542780128,0.82115542780128
515450,2021-02-25,0.83910025795429,0.83910025795429,0.83910025795429,0.83910025795429
515450,2021-02-26,0.82402660062576,0.82402660062576,0.82402660062576,0.82402660062576
515450,2021-03-01,0.82689777345024,0.82689777345024,0.82689777345024,0.82689777345024
515450,2021-03-02,0.82259101421352,0.82259101421352,0.82259101421352,0.82259101421352
515450,2021-03-03,0.83838246474817,0.83838246474817,0.83838246474817,0.83838246474817
515450,2021-03-04,0.84125363757265,0.84125363757265,0.84125363757265,0.84125363757265
515450,2021-03-05,0.83551129192369,0.83551129192369,0.83551129192369,0.83551129192369
515450,2021-03-08,0.83551129192369,0.83551129192369,0.83551129192369,0.83551129192369
515450,2021-03-09,0.83407570551144,0.83407570551144,0.83407570551144,0.83407570551144
515450,2021-03-10,0.82833335986248,0.82833335986248,0.82833335986248,0.82833335986248
515450,2021-03-11,0.84412481039713,0.84412481039713,0.84412481039713,0.84412481039713
515450,2021-03-12,0.86709419299297,0.86709419299297,0.86709419299297,0.86709419299297
515450,2021-03-15,0.87283653864193,0.87283653864193,0.87283653864193,0.87283653864193
515450,2021-03-16,0.87570771146641,0.87570771146641,0.87570771146641,0.87570771146641
515450,2021-03-17,0.86565860658073,0.86565860658073,0.86565860658073,0.86565860658073
515450,2021-03-18,0.86996536581745,0.86996536581745,0.86996536581745,0.86996536581745
515450,2021-03-19,0.86135184734401,0.86135184734401,0.86135184734401,0.86135184734401
515450,2021-03-22,0.87283653864193,0.87283653864193,0.87283653864193,0.87283653864193
515450,2021-03-23,0.86422302016849,0.86422302016849,0.86422302016849,0.86422302016849
515450,2021-03-24,0.85273832887057,0.85273832887057,0.85273832887057,0.85273832887057
515450,2021-03-25,0.85345612207669,0.85345612207669,0.85345612207669,0.85345612207669
515450,2021-03-26,0.85345612207669,0.85345612207669,0.85345612207669,0.85345612207669
515450,2021-03-29,0.86852977940521,0.86852977940521,0.86852977940521,0.86852977940521
515450,2021-03-30,0.86924757261133,0.86924757261133,0.86924757261133,0.86924757261133
515450,2021-03-31,0.86996536581745,0.86996536581745,0.86996536581745,0.86996536581745
515450,2021-04-01,0.86996536581745,0.86996536581745,0.86996536581745,0.86996536581745
515450,2021-04-02,0.86063405413789,0.86063405413789,0.86063405413789,0.86063405413789
515450,2021-04-06,0.86063405413789,0.86063405413789,0.86063405413789,0.86063405413789
515450,2021-04-07,0.86278743375625,0.86278743375625,0.86278743375625,0.86278743375625
515450,2021-04-08,0.86206964055013,0.86206964055013,0.86206964055013,0.86206964055013
515450,2021-04-09,0.86422302016849,0.86422302016849,0.86422302016849,0.86422302016849
515450,2021-04-12,0.86637639978685,0.86637639978685,0.86637639978685,0.86637639978685
515450,2021-04-13,0.85345612207669,0.85345612207669,0.85345612207669,0.85345612207669
515450,2021-04-14,0.85273832887057,0.85273832887057,0.85273832887057,0.85273832887057
515450,2021-04-15,0.84843156963385,0.84843156963385,0.84843156963385,0.84843156963385
515450,2021-04-16,0.85704508810729,0.85704508810729,0.85704508810729,0.85704508810729
515450,2021-04-19,0.85919846772565,0.85919846772565,0.85919846772565,0.85919846772565
515450,2021-04-20,0.85704508810729,0.85704508810729,0.85704508810729,0.85704508810729
515450,2021-04-21,0.85489170848893,0.85489170848893,0.85489170848893,0.85489170848893
515450,2021-04-22,0.85273832887057,0.85273832887057,0.85273832887057,0.85273832887057
515450,2021-04-23,0.84771377642773,0.84771377642773,0.84771377642773,0.84771377642773
515450,2021-04-26,0.84197143077877,0.84197143077877,0.84197143077877,0.84197143077877
515450,2021-04-27,0.83910025795429,0.83910025795429,0.83910025795429,0.83910025795429
515450,2021-04-28,0.84268922398488,0.84268922398488,0.84268922398488,0.84268922398488
515450,2021-04-29,0.84986715604609,0.84986715604609,0.84986715604609,0.84986715604609
515450,2021-04-30,0.84340701719101,0.84340701719101,0.84340701719101,0.84340701719101
515450,2021-05-06,0.84843156963385,0.84843156963385,0.84843156963385,0.84843156963385
515450,2021-05-07,0.85848067451953,0.85848067451953,0.85848067451953,0.85848067451953
515450,2021-05-10,0.86350522696237,0.86350522696237,0.86350522696237,0.86350522696237
515450,2021-05-11,0.86565860658073,0.86565860658073,0.86565860658073,0.86565860658073
515450,2021-05-12,0.86637639978685,0.86637639978685,0.86637639978685,0.86637639978685
515450,2021-05-13,0.85848067451953,0.85848067451953,0.85848067451953,0.85848067451953
515450,2021-05-14,0.85919846772565,0.85919846772565,0.85919846772565,0.85919846772565
515450,2021-05-17,0.86135184734401,0.86135184734401,0.86135184734401,0.86135184734401
515450,2021-05-18,0.86637639978685,0.86637639978685,0.86637639978685,0.86637639978685
515450,2021-05-19,0.85704508810729,0.85704508810729,0.85704508810729,0.85704508810729
515450,2021-05-20,0.85202053566445,0.85202053566445,0.85202053566445,0.85202053566445
515450,2021-05-21,0.85273832887057,0.85273832887057,0.85273832887057,0.85273832887057
515450,2021-05-24,0.85345612207669,0.85345612207669,0.85345612207669,0.85345612207669
515450,2021-05-25,0.86206964055013,0.86206964055013,0.86206964055013,0.86206964055013
515450,2021-05-26,0.86637639978685,0.86637639978685,0.86637639978685,0.86637639978685
515450,2021-05-27,0.86494081337461,0.86494081337461,0.86494081337461,0.86494081337461
515450,2021-05-28,0.86278743375625,0.86278743375625,0.86278743375625,0.86278743375625
515450,2021-05-31,0.86063405413789,0.86063405413789,0.86063405413789,0.86063405413789
515450,2021-06-01,0.85991626093177,0.85991626093177,0.85991626093177,0.85991626093177
515450,2021-06-02,0.86422302016849,0.86422302016849,0.86422302016849,0.86422302016849
515450,2021-06-03,0.86996536581745,0.86996536581745,0.86996536581745,0.86996536581745
515450,2021-06-04,0.86852977940521,0.86852977940521,0.86852977940521,0.86852977940521
515450,2021-06-07,0.86350522696237,0.86350522696237,0.86350522696237,0.86350522696237
515450,2021-06-08,0.86565860658073,0.86565860658073,0.86565860658073,0.86565860658073
515450,2021-06-09,0.87068315902357,0.87068315902357,0.87068315902357,0.87068315902357
515450,2021-06-10,0.86924757261133,0.86924757261133,0.86924757261133,0.86924757261133
515450,2021-06-11,0.86996536581745,0.86996536581745,0.86996536581745,0.86996536581745
515450,2021-06-15,0.86278743375625,0.86278743375625,0.86278743375625,0.86278743375625
515450,2021-06-16,0.86422302016849,0.86422302016849,0.86422302016849,0.86422302016849
515450,2021-06-17,0.85991626093177,0.85991626093177,0.85991626093177,0.85991626093177
515450,2021-06-18,0.85273832887057,0.85273832887057,0.85273832887057,0.85273832887057
515450,2021-06-21,0.85202053566445,0.85202053566445,0.85202053566445,0.85202053566445
515450,2021-06-22,0.85560950169505,0.85560950169505,0.85560950169505,0.85560950169505
515450,2021-06-23,0.86206964055013,0.86206964055013,0.86206964055013,0.86206964055013
515450,2021-06-24,0.86637639978685,0.86637639978685,0.86637639978685,0.86637639978685
515450,2021-06-25,0.87283653864193,0.87283653864193,0.87283653864193,0.87283653864193
515450,2021-06-28,0.87068315902357,0.87068315902357,0.87068315902357,0.87068315902357
515450,2021-06-29,0.86278743375625,0.86278743375625,0.86278743375625,0.86278743375625
515450,2021-06-30,0.86494081337461,0.86494081337461,0.86494081337461,0.86494081337461
515450,2021-07-01,0.86637639978685,0.86637639978685,0.86637639978685,0.86637639978685
515450,2021-07-02,0.86063405413789,0.86063405413789,0.86063405413789,0.86063405413789
515450,2021-07-05,0.86278743375625,0.86278743375625,0.86278743375625,0.86278743375625
515450,2021-07-06,0.87068315902357,0.87068315902357,0.87068315902357,0.87068315902357
515450,2021-07-07,0.86637639978685,0.86637639978685,0.86637639978685,0.86637639978685
515450,2021-07-08,0.85632729490117,0.85632729490117,0.85632729490117,0.85632729490117
515450,2021-07-09,0.85632729490117,0.85632729490117,0.85632729490117,0.85632729490117
515450,2021-07-12,0.85345612207669,0.85345612207669,0.85345612207669,0.85345612207669
515450,2021-07-13,0.86206964055013,0.86206964055013,0.86206964055013,0.86206964055013
515450,2021-07-14,0.85632729490117,0.85632729490117,0.85632729490117,0.85632729490117
515450,2021-07-15,0.86206964055013,0.86206964055013,0.86206964055013,0.86206964055013
515450,2021-07-16,0.86206964055013,0.86206964055013,0.86206964055013,0.86206964055013
515450,2021-07-19,0.85560950169505,0.85560950169505,0.85560950169505,0.85560950169505
515450,2021-07-20,0.85489170848893,0.85489170848893,0.85489170848893,0.85489170848893
515450,2021-07-21,0.84556039680937,0.84556039680937,0.84556039680937,0.84556039680937
515450,2021-07-22,0.85273832887057,0.85273832887057,0.85273832887057,0.85273832887057
515450,2021-07-23,0.84843156963385,0.84843156963385,0.84843156963385,0.84843156963385
515450,2021-07-26,0.83551129192369,0.83551129192369,0.83551129192369,0.83551129192369
515450,2021-07-27,0.81684866856456,0.81684866856456,0.81684866856456,0.81684866856456
515450,2021-07-28,0.81756646177068,0.81756646177068,0.81756646177068,0.81756646177068
515450,2021-07-29,0.81397749574008,0.81397749574008,0.81397749574008,0.81397749574008
515450,2021-07-30,0.81541308215232,0.81541308215232,0.81541308215232,0.81541308215232
515450,2021-08-02,0.825462187038,0.825462187038,0.825462187038,0.825462187038
515450,2021-08-03,0.82474439383188,0.82474439383188,0.82474439383188,0.82474439383188
515450,2021-08-04,0.8218732210074,0.8218732210074,0.8218732210074,0.8218732210074
515450,2021-08-05,0.82689777345024,0.82689777345024,0.82689777345024,0.82689777345024
515450,2021-08-06,0.82761556665636,0.82761556665636,0.82761556665636,0.82761556665636
515450,2021-08-09,0.83910025795429,0.83910025795429,0.83910025795429,0.83910025795429
515450,2021-08-10,0.84268922398488,0.84268922398488,0.84268922398488,0.84268922398488
515450,2021-08-11,0.85058494925221,0.85058494925221,0.85058494925221,0.85058494925221
515450,2021-08-12,0.84843156963385,0.84843156963385,0.84843156963385,0.84843156963385
515450,2021-08-13,0.84484260360325,0.84484260360325,0.84484260360325,0.84484260360325
515450,2021-08-16,0.85202053566445,0.85202053566445,0.85202053566445,0.85202053566445
515450,2021-08-17,0.84986715604609,0.84986715604609,0.84986715604609,0.84986715604609
515450,2021-08-18,0.85991626093177,0.85991626093177,0.85991626093177,0.85991626093177
515450,2021-08-19,0.85130274245833,0.85130274245833,0.85130274245833,0.85130274245833
515450,2021-08-20,0.84986715604609,0.84986715604609,0.84986715604609,0.84986715604609
515450,2021-08-23,0.85489170848893,0.85489170848893,0.85489170848893,0.85489170848893
515450,2021-08-24,0.85704508810729,0.85704508810729,0.85704508810729,0.85704508810729
515450,2021-08-25,0.85776288131341,0.85776288131341,0.85776288131341,0.85776288131341
515450,2021-08-26,0.85560950169505,0.85560950169505,0.85560950169505,0.85560950169505
515450,2021-08-27,0.85560950169505,0.85560950169505,0.85560950169505,0.85560950169505
515450,2021-08-30,0.84843156963385,0.84843156963385,0.84843156963385,0.84843156963385
515450,2021-08-31,0.86278743375625,0.86278743375625,0.86278743375625,0.86278743375625
515450,2021-09-01,0.88432122993985,0.88432122993985,0.88432122993985,0.88432122993985
515450,2021-09-02,0.89795930085613,0.89795930085613,0.89795930085613,0.89795930085613
515450,2021-09-03,0.90441943971121,0.90441943971121,0.90441943971121,0.90441943971121
515450,2021-09-06,0.91375075139077,0.91375075139077,0.91375075139077,0.91375075139077
515450,2021-09-07,0.92092868345197,0.92092868345197,0.92092868345197,0.92092868345197
515450,2021-09-08,0.93672013398661,0.93672013398661,0.93672013398661,0.93672013398661
515450,2021-09-09,0.94892261849065,0.94892261849065,0.94892261849065,0.94892261849065
515450,2021-09-10,0.94174468642945,0.94174468642945,0.94174468642945,0.94174468642945
515450,2021-09-13,0.95681834375797,0.95681834375797,0.95681834375797,0.95681834375797
515450,2021-09-14,0.93313116795601,0.93313116795601,0.93313116795601,0.93313116795601
515450,2021-09-15,0.92523544268869,0.92523544268869,0.92523544268869,0.92523544268869
515450,2021-09-16,0.91590413100913,0.91590413100913,0.91590413100913,0.91590413100913
515450,2021-09-17,0.92092868345197,0.92092868345197,0.92092868345197,0.92092868345197
515450,2021-09-22,0.95466496413961,0.95466496413961,0.95466496413961,0.95466496413961
515450,2021-09-23,0.96040730978857,0.96040730978857,0.96040730978857,0.96040730978857
515450,2021-09-24,0.93887351360497,0.93887351360497,0.93887351360497,0.93887351360497
515450,2021-09-27,0.92667102910093,0.92667102910093,0.92667102910093,0.92667102910093
515450,2021-09-28,0.94892261849065,0.94892261849065,0.94892261849065,0.94892261849065
515450,2021-09-29,0.93384896116213,0.93384896116213,0.93384896116213,0.93384896116213
515450,2021-09-30,0.93959130681109,0.93959130681109,0.93959130681109,0.93959130681109
515450,2021-10-08,0.93456675436825,0.93456675436825,0.93456675436825,0.93456675436825
515450,2021-10-11,0.93456675436825,0.93456675436825,0.93456675436825,0.93456675436825
515450,2021-10-12,0.92092868345197,0.92092868345197,0.92092868345197,0.92092868345197
515450,2021-10-13,0.90800840574181,0.90800840574181,0.90800840574181,0.90800840574181
515450,2021-10-14,0.90298385329897,0.90298385329897,0.90298385329897,0.90298385329897
515450,2021-10-15,0.90729061253569,0.90729061253569,0.90729061253569,0.90729061253569
515450,2021-10-18,0.90872619894793,0.90872619894793,0.90872619894793,0.90872619894793
515450,2021-10-19,0.90872619894793,0.90872619894793,0.90872619894793,0.90872619894793
515450,2021-10-20,0.91016178536017,0.91016178536017,0.91016178536017,0.91016178536017
515450,2021-10-21,0.91949309703973,0.91949309703973,0.91949309703973,0.91949309703973
515450,2021-10-22,0.90872619894793,0.90872619894793,0.90872619894793,0.90872619894793
515450,2021-10-25,0.91231516497853,0.91231516497853,0.91231516497853,0.91231516497853
515450,2021-10-26,0.90441943971121,0.90441943971121,0.90441943971121,0.90441943971121
515450,2021-10-27,0.89939488726837,0.89939488726837,0.89939488726837,0.89939488726837
515450,2021-10-28,0.88934578238269,0.88934578238269,0.88934578238269,0.88934578238269
515450,2021-10-29,0.88216785032149,0.88216785032149,0.88216785032149,0.88216785032149
515450,2021-11-01,0.88575681635209,0.88575681635209,0.88575681635209,0.88575681635209
515450,2021-11-02,0.86709419299297,0.86709419299297,0.86709419299297,0.86709419299297
515450,2021-11-03,0.87211874543581,0.87211874543581,0.87211874543581,0.87211874543581
515450,2021-11-04,0.87283653864193,0.87283653864193,0.87283653864193,0.87283653864193
515450,2021-11-05,0.85704508810729,0.85704508810729,0.85704508810729,0.85704508810729
515450,2021-11-08,0.85417391528281,0.85417391528281,0.85417391528281,0.85417391528281
515450,2021-11-09,0.85345612207669,0.85345612207669,0.85345612207669,0.85345612207669
515450,2021-11-10,0.85273832887057,0.85273832887057,0.85273832887057,0.85273832887057
515450,2021-11-11,0.87068315902357,0.87068315902357,0.87068315902357,0.87068315902357
515450,2021-11-12,0.86709419299297,0.86709419299297,0.86709419299297,0.86709419299297
515450,2021-11-15,0.87392059295048,0.87392059295048,0.87392059295048,0.87392059295048
515450,2021-11-16,0.86636726025428,0.86636726025428,0.86636726025428,0.86636726025428
515450,2021-11-17,0.86485659371504,0.86485659371504,0.86485659371504,0.86485659371504
515450,2021-11-18,0.86107992736694,0.86107992736694,0.86107992736694,0.86107992736694
515450,2021-11-19,0.87165459314162,0.87165459314162,0.87165459314162,0.87165459314162
515450,2021-11-22,0.86636726025428,0.86636726025428,0.86636726025428,0.86636726025428
515450,2021-11-23,0.87240992641124,0.87240992641124,0.87240992641124,0.87240992641124
515450,2021-11-24,0.87618659275934,0.87618659275934,0.87618659275934,0.87618659275934
515450,2021-11-25,0.87543125948972,0.87543125948972,0.87543125948972,0.87543125948972
515450,2021-11-26,0.86863326006314,0.86863326006314,0.86863326006314,0.86863326006314
515450,2021-11-29,0.86938859333276,0.86938859333276,0.86938859333276,0.86938859333276
515450,2021-11-30,0.86938859333276,0.86938859333276,0.86938859333276,0.86938859333276
515450,2021-12-01,0.87694192602896,0.87694192602896,0.87694192602896,0.87694192602896
515450,2021-12-02,0.88373992545555,0.88373992545555,0.88373992545555,0.88373992545555
515450,2021-12-03,0.89658059103909,0.89658059103909,0.89658059103909,0.89658059103909
515450,2021-12-06,0.89809125757833,0.89809125757833,0.89809125757833,0.89809125757833
515450,2021-12-07,0.91395325624035,0.91395325624035,0.91395325624035,0.91395325624035
515450,2021-12-08,0.90866592335301,0.90866592335301,0.90866592335301,0.90866592335301
515450,2021-12-09,0.91772992258845,0.91772992258845,0.91772992258845,0.91772992258845
515450,2021-12-10,0.91244258970111,0.91244258970111,0.91244258970111,0.91244258970111
515450,2021-12-13,0.90791059008339,0.90791059008339,0.90791059008339,0.90791059008339
515450,2021-12-14,0.90337859046567,0.90337859046567,0.90337859046567,0.90337859046567
515450,2021-12-15,0.91168725643149,0.91168725643149,0.91168725643149,0.91168725643149
515450,2021-12-16,0.91848525585807,0.91848525585807,0.91848525585807,0.91848525585807
515450,2021-12-17,0.91848525585807,0.91848525585807,0.91848525585807,0.91848525585807
515450,2021-12-20,0.91244258970111,0.91244258970111,0.91244258970111,0.91244258970111
515450,2021-12-21,0.92452792201503,0.92452792201503,0.92452792201503,0.92452792201503
515450,2021-12-22,0.91999592239731,0.91999592239731,0.91999592239731,0.91999592239731
515450,2021-12-23,0.92905992163275,0.92905992163275,0.92905992163275,0.92905992163275
515450,2021-12-24,0.92679392182389,0.92679392182389,0.92679392182389,0.92679392182389
515450,2021-12-27,0.93283658798085,0.93283658798085,0.93283658798085,0.93283658798085
515450,2021-12-28,0.92603858855427,0.92603858855427,0.92603858855427,0.92603858855427
515450,2021-12-29,0.91772992258845,0.91772992258845,0.91772992258845,0.91772992258845
515450,2021-12-30,0.92301725547579,0.92301725547579,0.92301725547579,0.92301725547579
515450,2021-12-31,0.93736858759857,0.93736858759857,0.93736858759857,0.93736858759857
515450,2022-01-04,0.93208125471123,0.93208125471123,0.93208125471123,0.93208125471123
515450,2022-01-05,0.93359192125047,0.93359192125047,0.93359192125047,0.93359192125047
515450,2022-01-06,0.93057058817199,0.93057058817199,0.93057058817199,0.93057058817199
515450,2022-01-07,0.9419005872163,0.9419005872163,0.9419005872163,0.9419005872163
515450,2022-01-10,0.94341125375554,0.94341125375554,0.94341125375554,0.94341125375554
515450,2022-01-11,0.94718792010364,0.94718792010364,0.94718792010364,0.94718792010364
515450,2022-01-12,0.93887925413781,0.93887925413781,0.93887925413781,0.93887925413781
515450,2022-01-13,0.93434725452009,0.93434725452009,0.93434725452009,0.93434725452009
515450,2022-01-14,0.91848525585807,0.91848525585807,0.91848525585807,0.91848525585807
515450,2022-01-17,0.91621925604921,0.91621925604921,0.91621925604921,0.91621925604921
515450,2022-01-18,0.94265592048592,0.94265592048592,0.94265592048592,0.94265592048592
515450,2022-01-19,0.94643258683402,0.94643258683402,0.94643258683402,0.94643258683402
515450,2022-01-20,0.95096458645174,0.95096458645174,0.95096458645174,0.95096458645174
515450,2022-01-21,0.94794325337326,0.94794325337326,0.94794325337326,0.94794325337326
515450,2022-01-24,0.9419005872163,0.9419005872163,0.9419005872163,0.9419005872163
515450,2022-01-25,0.92226192220617,0.92226192220617,0.92226192220617,0.92226192220617
515450,2022-01-26,0.92830458836313,0.92830458836313,0.92830458836313,0.92830458836313
515450,2022-01-27,0.92528325528465,0.92528325528465,0.92528325528465,0.92528325528465
515450,2022-01-28,0.91697458931883,0.91697458931883,0.91697458931883,0.91697458931883
515450,2022-02-07,0.93963458740743,0.93963458740743,0.93963458740743,0.93963458740743
515450,2022-02-08,0.95549658606946,0.95549658606946,0.95549658606946,0.95549658606946
515450,2022-02-09,0.95549658606946,0.95549658606946,0.95549658606946,0.95549658606946
515450,2022-02-10,0.96607125184414,0.96607125184414,0.96607125184414,0.96607125184414
515450,2022-02-11,0.96758191838338,0.96758191838338,0.96758191838338,0.96758191838338
515450,2022-02-14,0.95398591953022,0.95398591953022,0.95398591953022,0.95398591953022
515450,2022-02-15,0.94718792010364,0.94718792010364,0.94718792010364,0.94718792010364
515450,2022-02-16,0.9494539199125,0.9494539199125,0.9494539199125,0.9494539199125
515450,2022-02-17,0.9456772535644,0.9456772535644,0.9456772535644,0.9456772535644
515450,2022-02-18,0.95549658606946,0.95549658606946,0.95549658606946,0.95549658606946
515450,2022-02-21,0.95549658606946,0.95549658606946,0.95549658606946,0.95549658606946
515450,2022-02-22,0.94718792010364,0.94718792010364,0.94718792010364,0.94718792010364
515450,2022-02-23,0.94265592048592,0.94265592048592,0.94265592048592,0.94265592048592
515450,2022-02-24,0.92603858855427,0.92603858855427,0.92603858855427,0.92603858855427
515450,2022-02-25,0.92528325528465,0.92528325528465,0.92528325528465,0.92528325528465
515450,2022-02-28,0.92528325528465,0.92528325528465,0.92528325528465,0.92528325528465
515450,2022-03-01,0.93208125471123,0.93208125471123,0.93208125471123,0.93208125471123
515450,2022-03-02,0.93434725452009,0.93434725452009,0.93434725452009,0.93434725452009
515450,2022-03-03,0.94794325337326,0.94794325337326,0.94794325337326,0.94794325337326
515450,2022-03-04,0.93736858759857,0.93736858759857,0.93736858759857,0.93736858759857
515450,2022-03-07,0.92603858855427,0.92603858855427,0.92603858855427,0.92603858855427
515450,2022-03-08,0.90639992354415,0.90639992354415,0.90639992354415,0.90639992354415
515450,2022-03-09,0.89129325815175,0.89129325815175,0.89129325815175,0.89129325815175
515450,2022-03-10,0.90111259065681,0.90111259065681,0.90111259065681,0.90111259065681
515450,2022-03-11,0.90186792392643,0.90186792392643,0.90186792392643,0.90186792392643
515450,2022-03-14,0.88600592526441,0.88600592526441,0.88600592526441,0.88600592526441
515450,2022-03-15,0.84295192889606,0.84295192889606,0.84295192889606,0.84295192889606
515450,2022-03-16,0.85730326101884,0.85730326101884,0.85730326101884,0.85730326101884
515450,2022-03-17,0.8671225935239,0.8671225935239,0.8671225935239,0.8671225935239
515450,2022-03-18,0.88373992545555,0.88373992545555,0.88373992545555,0.88373992545555
515450,2022-03-21,0.87618659275934,0.87618659275934,0.87618659275934,0.87618659275934
515450,2022-03-22,0.88978259161251,0.88978259161251,0.88978259161251,0.88978259161251
515450,2022-03-23,0.89582525776947,0.89582525776947,0.89582525776947,0.89582525776947
515450,2022-03-24,0.89280392469099,0.89280392469099,0.89280392469099,0.89280392469099
515450,2022-03-25,0.89129325815175,0.89129325815175,0.89129325815175,0.89129325815175
515450,2022-03-28,0.90262325719605,0.90262325719605,0.90262325719605,0.90262325719605
515450,2022-03-29,0.89733592430871,0.89733592430871,0.89733592430871,0.89733592430871
515450,2022-03-30,0.91319792297073,0.91319792297073,0.91319792297073,0.91319792297073
515450,2022-03-31,0.92150658893655,0.92150658893655,0.92150658893655,0.92150658893655
515450,2022-04-01,0.93510258778971,0.93510258778971,0.93510258778971,0.93510258778971
515450,2022-04-06,0.95020925318212,0.95020925318212,0.95020925318212,0.95020925318212
515450,2022-04-07,0.93736858759857,0.93736858759857,0.93736858759857,0.93736858759857
515450,2022-04-08,0.9494539199125,0.9494539199125,0.9494539199125,0.9494539199125
515450,2022-04-11,0.93434725452009,0.93434725452009,0.93434725452009,0.93434725452009
515450,2022-04-12,0.93963458740743,0.93963458740743,0.93963458740743,0.93963458740743
515450,2022-04-13,0.93283658798085,0.93283658798085,0.93283658798085,0.93283658798085
515450,2022-04-14,0.93736858759857,0.93736858759857,0.93736858759857,0.93736858759857
515450,2022-04-15,0.93887925413781,0.93887925413781,0.93887925413781,0.93887925413781
515450,2022-04-18,0.92603858855427,0.92603858855427,0.92603858855427,0.92603858855427
515450,2022-04-19,0.93208125471123,0.93208125471123,0.93208125471123,0.93208125471123
515450,2022-04-20,0.91848525585807,0.91848525585807,0.91848525585807,0.91848525585807
515450,2022-04-21,0.90186792392643,0.90186792392643,0.90186792392643,0.90186792392643
515450,2022-04-22,0.92075125566693,0.92075125566693,0.92075125566693,0.92075125566693
515450,2022-04-25,0.89582525776947,0.89582525776947,0.89582525776947,0.89582525776947
515450,2022-04-26,0.8784525925682,0.8784525925682,0.8784525925682,0.8784525925682
515450,2022-04-27,0.88071859237707,0.88071859237707,0.88071859237707,0.88071859237707
515450,2022-04-28,0.89129325815175,0.89129325815175,0.89129325815175,0.89129325815175
515450,2022-04-29,0.90942125662263,0.90942125662263,0.90942125662263,0.90942125662263
515450,2022-05-05,0.91395325624035,0.91395325624035,0.91395325624035,0.91395325624035
515450,2022-05-06,0.89129325815175,0.89129325815175,0.89129325815175,0.89129325815175
515450,2022-05-09,0.89204859142137,0.89204859142137,0.89204859142137,0.89204859142137
515450,2022-05-10,0.89582525776947,0.89582525776947,0.89582525776947,0.89582525776947
515450,2022-05-11,0.89506992449985,0.89506992449985,0.89506992449985,0.89506992449985
515450,2022-05-12,0.88827192507327,0.88827192507327,0.88827192507327,0.88827192507327
515450,2022-05-13,0.90035725738719,0.90035725738719,0.90035725738719,0.90035725738719
515450,2022-05-16,0.90111259065681,0.90111259065681,0.90111259065681,0.90111259065681
515450,2022-05-17,0.89809125757833,0.89809125757833,0.89809125757833,0.89809125757833
515450,2022-05-18,0.89280392469099,0.89280392469099,0.89280392469099,0.89280392469099
515450,2022-05-19,0.89280392469099,0.89280392469099,0.89280392469099,0.89280392469099
515450,2022-05-20,0.89809125757833,0.89809125757833,0.89809125757833,0.89809125757833
515450,2022-05-23,0.89280392469099,0.89280392469099,0.89280392469099,0.89280392469099
515450,2022-05-24,0.88298459218593,0.88298459218593,0.88298459218593,0.88298459218593
515450,2022-05-25,0.88902725834289,0.88902725834289,0.88902725834289,0.88902725834289
515450,2022-05-26,0.89658059103909,0.89658059103909,0.89658059103909,0.89658059103909
515450,2022-05-27,0.89658059103909,0.89658059103909,0.89658059103909,0.89658059103909
515450,2022-05-30,0.89658059103909,0.89658059103909,0.89658059103909,0.89658059103909
515450,2022-05-31,0.89658059103909,0.89658059103909,0.89658059103909,0.89658059103909
515450,2022-06-01,0.89658059103909,0.89658059103909,0.89658059103909,0.89658059103909
515450,2022-06-02,0.89053792488213,0.89053792488213,0.89053792488213,0.89053792488213
515450,2022-06-06,0.88827192507327,0.88827192507327,0.88827192507327,0.88827192507327
515450,2022-06-07,0.88978259161251,0.88978259161251,0.88978259161251,0.88978259161251
515450,2022-06-08,0.89355925796061,0.89355925796061,0.89355925796061,0.89355925796061
515450,2022-06-09,0.89506992449985,0.89506992449985,0.89506992449985,0.89506992449985
515450,2022-06-10,0.90035725738719,0.90035725738719,0.90035725738719,0.90035725738719
515450,2022-06-13,0.89053792488213,0.89053792488213,0.89053792488213,0.89053792488213
515450,2022-06-14,0.90488925700491,0.90488925700491,0.90488925700491,0.90488925700491
515450,2022-06-15,0.91470858950997,0.91470858950997,0.91470858950997,0.91470858950997
515450,2022-06-16,0.89884659084795,0.89884659084795,0.89884659084795,0.89884659084795
515450,2022-06-17,0.90413392373529,0.90413392373529,0.90413392373529,0.90413392373529
515450,2022-06-20,0.90413392373529,0.90413392373529,0.90413392373529,0.90413392373529
515450,2022-06-21,0.90262325719605,0.90262325719605,0.90262325719605,0.90262325719605
515450,2022-06-22,0.89431459123023,0.89431459123023,0.89431459123023,0.89431459123023
515450,2022-06-23,0.90111259065681,0.90111259065681,0.90111259065681,0.90111259065681
515450,2022-06-24,0.90337859046567,0.90337859046567,0.90337859046567,0.90337859046567
515450,2022-06-27,0.90111259065681,0.90111259065681,0.90111259065681,0.90111259065681
515450,2022-06-28,0.90337859046567,0.90337859046567,0.90337859046567,0.90337859046567
515450,2022-06-29,0.90866592335301,0.90866592335301,0.90866592335301,0.90866592335301
515450,2022-06-30,0.91244258970111,0.91244258970111,0.91244258970111,0.91244258970111
515450,2022-07-01,0.91093192316187,0.91093192316187,0.91093192316187,0.91093192316187
515450,2022-07-04,0.90942125662263,0.90942125662263,0.90942125662263,0.90942125662263
515450,2022-07-05,0.91093192316187,0.91093192316187,0.91093192316187,0.91093192316187
515450,2022-07-06,0.90413392373529,0.90413392373529,0.90413392373529,0.90413392373529
515450,2022-07-07,0.89960192411757,0.89960192411757,0.89960192411757,0.89960192411757
515450,2022-07-08,0.90488925700491,0.90488925700491,0.90488925700491,0.90488925700491
515450,2022-07-11,0.90564459027453,0.90564459027453,0.90564459027453,0.90564459027453
515450,2022-07-12,0.91470858950997,0.91470858950997,0.91470858950997,0.91470858950997
515450,2022-07-13,0.90791059008339,0.90791059008339,0.90791059008339,0.90791059008339
515450,2022-07-14,0.89431459123023,0.89431459123023,0.89431459123023,0.89431459123023
515450,2022-07-15,0.87996325910744,0.87996325910744,0.87996325910744,0.87996325910744
515450,2022-07-18,0.89355925796061,0.89355925796061,0.89355925796061,0.89355925796061
515450,2022-07-19,0.89582525776947,0.89582525776947,0.89582525776947,0.89582525776947
515450,2022-07-20,0.89884659084795,0.89884659084795,0.89884659084795,0.89884659084795
515450,2022-07-21,0.88978259161251,0.88978259161251,0.88978259161251,0.88978259161251
515450,2022-07-22,0.89204859142137,0.89204859142137,0.89204859142137,0.89204859142137
515450,2022-07-25,0.88600592526441,0.88600592526441,0.88600592526441,0.88600592526441
515450,2022-07-26,0.89355925796061,0.89355925796061,0.89355925796061,0.89355925796061
515450,2022-07-27,0.88902725834289,0.88902725834289,0.88902725834289,0.88902725834289
515450,2022-07-28,0.88902725834289,0.88902725834289,0.88902725834289,0.88902725834289
515450,2022-07-29,0.88449525872517,0.88449525872517,0.88449525872517,0.88449525872517
515450,2022-08-01,0.88147392564669,0.88147392564669,0.88147392564669,0.88147392564669
515450,2022-08-02,0.86636726025428,0.86636726025428,0.86636726025428,0.86636726025428
515450,2022-08-03,0.86107992736694,0.86107992736694,0.86107992736694,0.86107992736694
515450,2022-08-04,0.86485659371504,0.86485659371504,0.86485659371504,0.86485659371504
515450,2022-08-05,0.8746759262201,0.8746759262201,0.8746759262201,0.8746759262201
515450,2022-08-08,0.87769725929858,0.87769725929858,0.87769725929858,0.87769725929858
515450,2022-08-09,0.87543125948972,0.87543125948972,0.87543125948972,0.87543125948972
515450,2022-08-10,0.87392059295048,0.87392059295048,0.87392059295048,0.87392059295048
515450,2022-08-11,0.88147392564669,0.88147392564669,0.88147392564669,0.88147392564669
515450,2022-08-12,0.88676125853403,0.88676125853403,0.88676125853403,0.88676125853403
515450,2022-08-15,0.88449525872517,0.88449525872517,0.88449525872517,0.88449525872517
515450,2022-08-16,0.88298459218593,0.88298459218593,0.88298459218593,0.88298459218593
515450,2022-08-17,0.88676125853403,0.88676125853403,0.88676125853403,0.88676125853403
515450,2022-08-18,0.88147392564669,0.88147392564669,0.88147392564669,0.88147392564669
515450,2022-08-19,0.88222925891631,0.88222925891631,0.88222925891631,0.88222925891631
515450,2022-08-22,0.88525059199479,0.88525059199479,0.88525059199479,0.88525059199479
515450,2022-08-23,0.88298459218593,0.88298459218593,0.88298459218593,0.88298459218593
515450,2022-08-24,0.87694192602896,0.87694192602896,0.87694192602896,0.87694192602896
515450,2022-08-25,0.88676125853403,0.88676125853403,0.88676125853403,0.88676125853403
515450,2022-08-26,0.88600592526441,0.88600592526441,0.88600592526441,0.88600592526441
515450,2022-08-29,0.88600592526441,0.88600592526441,0.88600592526441,0.88600592526441
515450,2022-08-30,0.88902725834289,0.88902725834289,0.88902725834289,0.88902725834289
515450,2022-08-31,0.88978259161251,0.88978259161251,0.88978259161251,0.88978259161251
515450,2022-09-01,0.89129325815175,0.89129325815175,0.89129325815175,0.89129325815175
515450,2022-09-02,0.89204859142137,0.89204859142137,0.89204859142137,0.89204859142137
515450,2022-09-05,0.89884659084795,0.89884659084795,0.89884659084795,0.89884659084795
515450,2022-09-06,0.90262325719605,0.90262325719605,0.90262325719605,0.90262325719605
515450,2022-09-07,0.89809125757833,0.89809125757833,0.89809125757833,0.89809125757833
515450,2022-09-08,0.90186792392643,0.90186792392643,0.90186792392643,0.90186792392643
515450,2022-09-09,0.91093192316187,0.91093192316187,0.91093192316187,0.91093192316187
515450,2022-09-13,0.91017658989225,0.91017658989225,0.91017658989225,0.91017658989225
515450,2022-09-14,0.90639992354415,0.90639992354415,0.90639992354415,0.90639992354415
515450,2022-09-15,0.90866592335301,0.90866592335301,0.90866592335301,0.90866592335301
515450,2022-09-16,0.88373992545555,0.88373992545555,0.88373992545555,0.88373992545555
515450,2022-09-19,0.88222925891631,0.88222925891631,0.88222925891631,0.88222925891631
515450,2022-09-20,0.87769725929858,0.87769725929858,0.87769725929858,0.87769725929858
515450,2022-09-21,0.88676125853403,0.88676125853403,0.88676125853403,0.88676125853403
515450,2022-09-22,0.88298459218593,0.88298459218593,0.88298459218593,0.88298459218593
515450,2022-09-23,0.88525059199479,0.88525059199479,0.88525059199479,0.88525059199479
515450,2022-09-26,0.8671225935239,0.8671225935239,0.8671225935239,0.8671225935239
515450,2022-09-27,0.87392059295048,0.87392059295048,0.87392059295048,0.87392059295048
515450,2022-09-28,0.86938859333276,0.86938859333276,0.86938859333276,0.86938859333276
515450,2022-09-29,0.8595692608277,0.8595692608277,0.8595692608277,0.8595692608277
515450,2022-09-30,0.86636726025428,0.86636726025428,0.86636726025428,0.86636726025428
515450,2022-10-10,0.86561192698466,0.86561192698466,0.86561192698466,0.86561192698466
515450,2022-10-11,0.86410126044542,0.86410126044542,0.86410126044542,0.86410126044542
515450,2022-10-12,0.87316525968086,0.87316525968086,0.87316525968086,0.87316525968086
515450,2022-10-13,0.8671225935239,0.8671225935239,0.8671225935239,0.8671225935239
515450,2022-10-14,0.87543125948972,0.87543125948972,0.87543125948972,0.87543125948972
515450,2022-10-17,0.87618659275934,0.87618659275934,0.87618659275934,0.87618659275934
515450,2022-10-18,0.87618659275934,0.87618659275934,0.87618659275934,0.87618659275934
515450,2022-10-19,0.8671225935239,0.8671225935239,0.8671225935239,0.8671225935239
515450,2022-10-20,0.86410126044542,0.86410126044542,0.86410126044542,0.86410126044542
515450,2022-10-21,0.86636726025428,0.86636726025428,0.86636726025428,0.86636726025428
515450,2022-10-24,0.85352659467074,0.85352659467074,0.85352659467074,0.85352659467074
515450,2022-10-25,0.85050526159226,0.85050526159226,0.85050526159226,0.85050526159226
515450,2022-10-26,0.84974992832264,0.84974992832264,0.84974992832264,0.84974992832264
515450,2022-10-27,0.85503726120998,0.85503726120998,0.85503726120998,0.85503726120998
515450,2022-10-28,0.83993059581758,0.83993059581758,0.83993059581758,0.83993059581758
515450,2022-10-31,0.82708993023404,0.82708993023404,0.82708993023404,0.82708993023404
515450,2022-11-01,0.84219659562644,0.84219659562644,0.84219659562644,0.84219659562644
515450,2022-11-02,0.84597326197454,0.84597326197454,0.84597326197454,0.84597326197454
515450,2022-11-03,0.84144126235682,0.84144126235682,0.84144126235682,0.84144126235682
515450,2022-11-04,0.85428192794036,0.85428192794036,0.85428192794036,0.85428192794036
515450,2022-11-07,0.8557925944796,0.8557925944796,0.8557925944796,0.8557925944796
515450,2022-11-08,0.85428192794036,0.85428192794036,0.85428192794036,0.85428192794036
515450,2022-11-09,0.85277126140112,0.85277126140112,0.85277126140112,0.85277126140112
515450,2022-11-10,0.85277126140112,0.85277126140112,0.85277126140112,0.85277126140112
515450,2022-11-11,0.86787792679352,0.86787792679352,0.86787792679352,0.86787792679352
515450,2022-11-14,0.87240992641124,0.87240992641124,0.87240992641124,0.87240992641124
515450,2022-11-15,0.87920792583782,0.87920792583782,0.87920792583782,0.87920792583782
515450,2022-11-16,0.87769725929858,0.87769725929858,0.87769725929858,0.87769725929858
515450,2022-11-17,0.87769725929858,0.87769725929858,0.87769725929858,0.87769725929858
515450,2022-11-18,0.87543125948972,0.87543125948972,0.87543125948972,0.87543125948972
515450,2022-11-21,0.870899259872,0.870899259872,0.870899259872,0.870899259872
515450,2022-11-22,0.88298459218593,0.88298459218593,0.88298459218593,0.88298459218593
515450,2022-11-23,0.89204859142137,0.89204859142137,0.89204859142137,0.89204859142137
515450,2022-11-24,0.88827192507327,0.88827192507327,0.88827192507327,0.88827192507327
515450,2022-11-25,0.90262325719605,0.90262325719605,0.90262325719605,0.90262325719605
515450,2022-11-28,0.89431459123023,0.89431459123023,0.89431459123023,0.89431459123023
515450,2022-11-29,0.91168725643149,0.91168725643149,0.91168725643149,0.91168725643149
515450,2022-11-30,0.91697458931883,0.91697458931883,0.91697458931883,0.91697458931883
515450,2022-12-01,0.91168725643149,0.91168725643149,0.91168725643149,0.91168725643149
515450,2022-12-02,0.91017658989225,0.91017658989225,0.91017658989225,0.91017658989225
515450,2022-12-05,0.93736858759857,0.93736858759857,0.93736858759857,0.93736858759857
515450,2022-12-06,0.93434725452009,0.93434725452009,0.93434725452009,0.93434725452009
515450,2022-12-07,0.93208125471123,0.93208125471123,0.93208125471123,0.93208125471123
515450,2022-12-08,0.93208125471123,0.93208125471123,0.93208125471123,0.93208125471123
515450,2022-12-09,0.93359192125047,0.93359192125047,0.93359192125047,0.93359192125047
515450,2022-12-12,0.92576542477672,0.92576542477672,0.92576542477672,0.92576542477672
515450,2022-12-13,0.92497820927946,0.92497820927946,0.92497820927946,0.92497820927946
515450,2022-12-14,0.91789326980413,0.91789326980413,0.91789326980413,0.91789326980413
515450,2022-12-15,0.91159554582606,0.91159554582606,0.91159554582606,0.91159554582606
515450,2022-12-16,0.92497820927946,0.92497820927946,0.92497820927946,0.92497820927946
515450,2022-12-19,0.9068722528425,0.9068722528425,0.9068722528425,0.9068722528425
515450,2022-12-20,0.89585123588088,0.89585123588088,0.89585123588088,0.89585123588088
515450,2022-12-21,0.89821288237265,0.89821288237265,0.89821288237265,0.89821288237265
515450,2022-12-22,0.89585123588088,0.89585123588088,0.89585123588088,0.89585123588088
515450,2022-12-23,0.89427680488636,0.89427680488636,0.89427680488636,0.89427680488636
515450,2022-12-26,0.89112794289732,0.89112794289732,0.89112794289732,0.89112794289732
515450,2022-12-27,0.89978731336717,0.89978731336717,0.89978731336717,0.89978731336717
515450,2022-12-28,0.89900009786991,0.89900009786991,0.89900009786991,0.89900009786991
515450,2022-12-29,0.89191515839458,0.89191515839458,0.89191515839458,0.89191515839458
515450,2022-12-30,0.89978731336717,0.89978731336717,0.89978731336717,0.89978731336717
515450,2023-01-03,0.90765946833976,0.90765946833976,0.90765946833976,0.90765946833976
515450,2023-01-04,0.91238276132332,0.91238276132332,0.91238276132332,0.91238276132332
515450,2023-01-05,0.91316997682058,0.91316997682058,0.91316997682058,0.91316997682058
515450,2023-01-06,0.91238276132332,0.91238276132332,0.91238276132332,0.91238276132332
515450,2023-01-09,0.91002111483154,0.91002111483154,0.91002111483154,0.91002111483154
515450,2023-01-10,0.90608503734525,0.90608503734525,0.90608503734525,0.90608503734525
515450,2023-01-11,0.90844668383702,0.90844668383702,0.90844668383702,0.90844668383702
515450,2023-01-12,0.90765946833976,0.90765946833976,0.90765946833976,0.90765946833976
515450,2023-01-13,0.91789326980413,0.91789326980413,0.91789326980413,0.91789326980413
515450,2023-01-16,0.92261656278769,0.92261656278769,0.92261656278769,0.92261656278769
515450,2023-01-17,0.92182934729043,0.92182934729043,0.92182934729043,0.92182934729043
515450,2023-01-18,0.92497820927946,0.92497820927946,0.92497820927946,0.92497820927946
515450,2023-01-19,0.92655264027398,0.92655264027398,0.92655264027398,0.92655264027398
515450,2023-01-20,0.93442479524657,0.93442479524657,0.93442479524657,0.93442479524657
515450,2023-01-30,0.93285036425206,0.93285036425206,0.93285036425206,0.93285036425206
515450,2023-01-31,0.92970150226302,0.92970150226302,0.92970150226302,0.92970150226302
515450,2023-02-01,0.93757365723561,0.93757365723561,0.93757365723561,0.93757365723561
515450,2023-02-02,0.93285036425206,0.93285036425206,0.93285036425206,0.93285036425206
515450,2023-02-03,0.92891428676576,0.92891428676576,0.92891428676576,0.92891428676576
515450,2023-02-06,0.92182934729043,0.92182934729043,0.92182934729043,0.92182934729043
515450,2023-02-07,0.92340377828495,0.92340377828495,0.92340377828495,0.92340377828495
515450,2023-02-08,0.91946770079865,0.91946770079865,0.91946770079865,0.91946770079865
515450,2023-02-09,0.92497820927946,0.92497820927946,0.92497820927946,0.92497820927946
515450,2023-02-10,0.92891428676576,0.92891428676576,0.92891428676576,0.92891428676576
515450,2023-02-13,0.93678644173835,0.93678644173835,0.93678644173835,0.93678644173835
515450,2023-02-14,0.93757365723561,0.93757365723561,0.93757365723561,0.93757365723561
515450,2023-02-15,0.93678644173835,0.93678644173835,0.93678644173835,0.93678644173835
515450,2023-02-16,0.93442479524657,0.93442479524657,0.93442479524657,0.93442479524657
515450,2023-02-17,0.92655264027398,0.92655264027398,0.92655264027398,0.92655264027398
515450,2023-02-20,0.95016910519176,0.95016910519176,0.95016910519176,0.95016910519176
515450,2023-02-21,0.95646682916983,0.95646682916983,0.95646682916983,0.95646682916983
515450,2023-02-22,0.9493818896945,0.9493818896945,0.9493818896945,0.9493818896945
515450,2023-02-23,0.94859467419724,0.94859467419724,0.94859467419724,0.94859467419724
515450,2023-02-24,0.94702024320272,0.94702024320272,0.94702024320272,0.94702024320272
515450,2023-02-27,0.94387138121368,0.94387138121368,0.94387138121368,0.94387138121368
515450,2023-02-28,0.95253075168353,0.95253075168353,0.95253075168353,0.95253075168353
515450,2023-03-01,0.96512619963968,0.96512619963968,0.96512619963968,0.96512619963968
515450,2023-03-02,0.97142392361775,0.97142392361775,0.97142392361775,0.97142392361775
515450,2023-03-03,0.98638101806568,0.98638101806568,0.98638101806568,0.98638101806568
515450,2023-03-06,0.98323215607664,0.98323215607664,0.98323215607664,0.98323215607664
515450,2023-03-07,0.97772164759583,0.97772164759583,0.97772164759583,0.97772164759583
515450,2023-03-08,0.97929607859034,0.97929607859034,0.97929607859034,0.97929607859034
515450,2023-03-09,0.9800832940876,0.9800832940876,0.9800832940876,0.9800832940876
515450,2023-03-10,0.9667006306342,0.9667006306342,0.9667006306342,0.9667006306342
515450,2023-03-13,0.98638101806568,0.98638101806568,0.98638101806568,0.98638101806568
515450,2023-03-14,0.9800832940876,0.9800832940876,0.9800832940876,0.9800832940876
515450,2023-03-15,0.98952988005471,0.98952988005471,0.98952988005471,0.98952988005471
515450,2023-03-16,0.98638101806568,0.98638101806568,0.98638101806568,0.98638101806568
515450,2023-03-17,1.0068486209944,1.0068486209944,1.0068486209944,1.0068486209944
515450,2023-03-20,0.99818925052456,0.99818925052456,0.99818925052456,0.99818925052456
515450,2023-03-21,0.99425317303827,0.99425317303827,0.99425317303827,0.99425317303827
515450,2023-03-22,1.0084230519889,1.0084230519889,1.0084230519889,1.0084230519889
515450,2023-03-23,1.0139335604697,1.0139335604697,1.0139335604697,1.0139335604697
515450,2023-03-24,1.0076358364917,1.0076358364917,1.0076358364917,1.0076358364917
515450,2023-03-27,0.99504038853553,0.99504038853553,0.99504038853553,0.99504038853553
515450,2023-03-28,0.99425317303827,0.99425317303827,0.99425317303827,0.99425317303827
515450,2023-03-29,0.99110431104923,0.99110431104923,0.99110431104923,0.99110431104923
515450,2023-03-30,1.0005508970163,1.0005508970163,1.0005508970163,1.0005508970163
515450,2023-03-31,1.0029125435081,1.0029125435081,1.0029125435081,1.0029125435081
515450,2023-04-03,1.0092102674862,1.0092102674862,1.0092102674862,1.0092102674862
515450,2023-04-04,1.0257417929286,1.0257417929286,1.0257417929286,1.0257417929286
515450,2023-04-06,1.0273162239231,1.0273162239231,1.0273162239231,1.0273162239231
515450,2023-04-07,1.0233801464369,1.0233801464369,1.0233801464369,1.0233801464369
515450,2023-04-10,1.0241673619341,1.0241673619341,1.0241673619341,1.0241673619341
515450,2023-04-11,1.0296778704149,1.0296778704149,1.0296778704149,1.0296778704149
515450,2023-04-12,1.0414861028738,1.0414861028738,1.0414861028738,1.0414861028738
515450,2023-04-13,1.0367628098903,1.0367628098903,1.0367628098903,1.0367628098903
515450,2023-04-14,1.0414861028738,1.0414861028738,1.0414861028738,1.0414861028738
515450,2023-04-17,1.0580176283163,1.0580176283163,1.0580176283163,1.0580176283163
515450,2023-04-18,1.0651025677916,1.0651025677916,1.0651025677916,1.0651025677916
515450,2023-04-19,1.0564431973217,1.0564431973217,1.0564431973217,1.0564431973217
515450,2023-04-20,1.0698258607751,1.0698258607751,1.0698258607751,1.0698258607751
515450,2023-04-21,1.0525071198354,1.0525071198354,1.0525071198354,1.0525071198354
515450,2023-04-24,1.0588048438135,1.0588048438135,1.0588048438135,1.0588048438135
515450,2023-04-25,1.0643153522943,1.0643153522943,1.0643153522943,1.0643153522943
515450,2023-04-26,1.0509326888409,1.0509326888409,1.0509326888409,1.0509326888409
515450,2023-04-27,1.0580176283163,1.0580176283163,1.0580176283163,1.0580176283163
515450,2023-04-28,1.0682514297806,1.0682514297806,1.0682514297806,1.0682514297806
515450,2023-05-04,1.0855701707203,1.0855701707203,1.0855701707203,1.0855701707203
515450,2023-05-05,1.0855701707203,1.0855701707203,1.0855701707203,1.0855701707203
515450,2023-05-08,1.1146971441189,1.1146971441189,1.1146971441189,1.1146971441189
515450,2023-05-09,1.10288891166,1.10288891166,1.10288891166,1.10288891166
515450,2023-05-10,1.0769108002505,1.0769108002505,1.0769108002505,1.0769108002505
515450,2023-05-11,1.0714002917697,1.0714002917697,1.0714002917697,1.0714002917697
515450,2023-05-12,1.0643153522943,1.0643153522943,1.0643153522943,1.0643153522943
515450,2023-05-15,1.0682514297806,1.0682514297806,1.0682514297806,1.0682514297806
515450,2023-05-16,1.060379274808,1.060379274808,1.060379274808,1.060379274808
515450,2023-05-17,1.0588048438135,1.0588048438135,1.0588048438135,1.0588048438135
515450,2023-05-18,1.0698258607751,1.0698258607751,1.0698258607751,1.0698258607751
515450,2023-05-19,1.0556559818245,1.0556559818245,1.0556559818245,1.0556559818245
515450,2023-05-22,1.0548687663272,1.0548687663272,1.0548687663272,1.0548687663272
515450,2023-05-23,1.0406988873766,1.0406988873766,1.0406988873766,1.0406988873766
515450,2023-05-24,1.0202312844478,1.0202312844478,1.0202312844478,1.0202312844478
515450,2023-05-25,1.0225929309396,1.0225929309396,1.0225929309396,1.0225929309396
515450,2023-05-26,1.0296778704149,1.0296778704149,1.0296778704149,1.0296778704149
515450,2023-05-29,1.0477838268519,1.0477838268519,1.0477838268519,1.0477838268519
515450,2023-05-30,1.05408155083,1.05408155083,1.05408155083,1.05408155083
515450,2023-05-31,1.0525071198354,1.0525071198354,1.0525071198354,1.0525071198354
515450,2023-06-01,1.0493582578464,1.0493582578464,1.0493582578464,1.0493582578464
515450,2023-06-02,1.0556559818245,1.0556559818245,1.0556559818245,1.0556559818245
515450,2023-06-05,1.0595920593108,1.0595920593108,1.0595920593108,1.0595920593108
515450,2023-06-06,1.0517199043382,1.0517199043382,1.0517199043382,1.0517199043382
515450,2023-06-07,1.0580176283163,1.0580176283163,1.0580176283163,1.0580176283163
515450,2023-06-08,1.0745491537587,1.0745491537587,1.0745491537587,1.0745491537587
515450,2023-06-09,1.0808468777368,1.0808468777368,1.0808468777368,1.0808468777368
515450,2023-06-12,1.0674642142834,1.0674642142834,1.0674642142834,1.0674642142834
515450,2023-06-13,1.0706130762724,1.0706130762724,1.0706130762724,1.0706130762724
515450,2023-06-14,1.0682514297806,1.0682514297806,1.0682514297806,1.0682514297806
515450,2023-06-15,1.0706130762724,1.0706130762724,1.0706130762724,1.0706130762724
515450,2023-06-16,1.0714002917697,1.0714002917697,1.0714002917697,1.0714002917697
515450,2023-06-19,1.0690386452779,1.0690386452779,1.0690386452779,1.0690386452779
515450,2023-06-20,1.0595920593108,1.0595920593108,1.0595920593108,1.0595920593108
515450,2023-06-21,1.05408155083,1.05408155083,1.05408155083,1.05408155083
515450,2023-06-26,1.035975594393,1.035975594393,1.035975594393,1.035975594393
515450,2023-06-27,1.05408155083,1.05408155083,1.05408155083,1.05408155083
515450,2023-06-28,1.0588048438135,1.0588048438135,1.0588048438135,1.0588048438135
515450,2023-06-29,1.0627409212998,1.0627409212998,1.0627409212998,1.0627409212998
515450,2023-06-30,1.0698258607751,1.0698258607751,1.0698258607751,1.0698258607751
515450,2023-07-03,1.0808468777368,1.0808468777368,1.0808468777368,1.0808468777368
515450,2023-07-04,1.0737619382614,1.0737619382614,1.0737619382614,1.0737619382614
515450,2023-07-05,1.0714002917697,1.0714002917697,1.0714002917697,1.0714002917697
515450,2023-07-06,1.0690386452779,1.0690386452779,1.0690386452779,1.0690386452779
515450,2023-07-07,1.0721875072669,1.0721875072669,1.0721875072669,1.0721875072669
515450,2023-07-10,1.0737619382614,1.0737619382614,1.0737619382614,1.0737619382614
515450,2023-07-11,1.0769108002505,1.0769108002505,1.0769108002505,1.0769108002505
515450,2023-07-12,1.0682514297806,1.0682514297806,1.0682514297806,1.0682514297806
515450,2023-07-13,1.0926551101957,1.0926551101957,1.0926551101957,1.0926551101957
515450,2023-07-14,1.1021016961628,1.1021016961628,1.1021016961628,1.1021016961628
515450,2023-07-17,1.0989528341737,1.0989528341737,1.0989528341737,1.0989528341737
515450,2023-07-18,1.096591187682,1.096591187682,1.096591187682,1.096591187682
515450,2023-07-19,1.0989528341737,1.0989528341737,1.0989528341737,1.0989528341737
515450,2023-07-20,1.0895062482066,1.0895062482066,1.0895062482066,1.0895062482066
515450,2023-07-21,1.0879318172121,1.0879318172121,1.0879318172121,1.0879318172121
515450,2023-07-24,1.0902934637039,1.0902934637039,1.0902934637039,1.0902934637039
515450,2023-07-25,1.1052505581518,1.1052505581518,1.1052505581518,1.1052505581518
515450,2023-07-26,1.0981656186765,1.0981656186765,1.0981656186765,1.0981656186765
515450,2023-07-27,1.0942295411902,1.0942295411902,1.0942295411902,1.0942295411902
515450,2023-07-28,1.1162715751134,1.1162715751134,1.1162715751134,1.1162715751134
515450,2023-07-31,1.120994868097,1.120994868097,1.120994868097,1.120994868097
515450,2023-08-01,1.1170587906107,1.1170587906107,1.1170587906107,1.1170587906107
515450,2023-08-02,1.1076122046436,1.1076122046436,1.1076122046436,1.1076122046436
515450,2023-08-03,1.1131227131244,1.1131227131244,1.1131227131244,1.1131227131244
515450,2023-08-04,1.1131227131244,1.1131227131244,1.1131227131244,1.1131227131244
515450,2023-08-07,1.1036761271573,1.1036761271573,1.1036761271573,1.1036761271573
515450,2023-08-08,1.10288891166,1.10288891166,1.10288891166,1.10288891166
515450,2023-08-09,1.1036761271573,1.1036761271573,1.1036761271573,1.1036761271573
515450,2023-08-10,1.1044633426545,1.1044633426545,1.1044633426545,1.1044633426545
515450,2023-08-11,1.0863573862176,1.0863573862176,1.0863573862176,1.0863573862176
515450,2023-08-14,1.0824213087313,1.0824213087313,1.0824213087313,1.0824213087313
515450,2023-08-15,1.0926551101957,1.0926551101957,1.0926551101957,1.0926551101957
515450,2023-08-16,1.0926551101957,1.0926551101957,1.0926551101957,1.0926551101957
515450,2023-08-17,1.0902934637039,1.0902934637039,1.0902934637039,1.0902934637039
515450,2023-08-18,1.0887190327094,1.0887190327094,1.0887190327094,1.0887190327094
515450,2023-08-21,1.081634093234,1.081634093234,1.081634093234,1.081634093234
515450,2023-08-22,1.0887190327094,1.0887190327094,1.0887190327094,1.0887190327094
515450,2023-08-23,1.0832085242285,1.0832085242285,1.0832085242285,1.0832085242285
515450,2023-08-24,1.078485231245,1.078485231245,1.078485231245,1.078485231245
515450,2023-08-25,1.0808468777368,1.0808468777368,1.0808468777368,1.0808468777368
515450,2023-08-28,1.0902934637039,1.0902934637039,1.0902934637039,1.0902934637039
515450,2023-08-29,1.0847829552231,1.0847829552231,1.0847829552231,1.0847829552231
515450,2023-08-30,1.0800596622395,1.0800596622395,1.0800596622395,1.0800596622395
515450,2023-08-31,1.0800596622395,1.0800596622395,1.0800596622395,1.0800596622395
515450,2023-09-01,1.0895062482066,1.0895062482066,1.0895062482066,1.0895062482066
515450,2023-09-04,1.1099738511354,1.1099738511354,1.1099738511354,1.1099738511354
515450,2023-09-05,1.1021016961628,1.1021016961628,1.1021016961628,1.1021016961628
515450,2023-09-06,1.0989528341737,1.0989528341737,1.0989528341737,1.0989528341737
515450,2023-09-07,1.0918678946984,1.0918678946984,1.0918678946984,1.0918678946984
515450,2023-09-08,1.0879318172121,1.0879318172121,1.0879318172121,1.0879318172121
515450,2023-09-11,1.0989528341737,1.0989528341737,1.0989528341737,1.0989528341737
515450,2023-09-12,1.0973784031792,1.0973784031792,1.0973784031792,1.0973784031792
515450,2023-09-13,1.0989528341737,1.0989528341737,1.0989528341737,1.0989528341737
515450,2023-09-14,1.1076122046436,1.1076122046436,1.1076122046436,1.1076122046436
515450,2023-09-15,1.1021016961628,1.1021016961628,1.1021016961628,1.1021016961628
515450,2023-09-18,1.1013144806655,1.1013144806655,1.1013144806655,1.1013144806655
515450,2023-09-19,1.1091866356381,1.1091866356381,1.1091866356381,1.1091866356381
515450,2023-09-20,1.1123354976271,1.1123354976271,1.1123354976271,1.1123354976271
515450,2023-09-21,1.1076122046436,1.1076122046436,1.1076122046436,1.1076122046436
515450,2023-09-22,1.1123354976271,1.1123354976271,1.1123354976271,1.1123354976271
515450,2023-09-25,1.1123354976271,1.1123354976271,1.1123354976271,1.1123354976271
515450,2023-09-26,1.1083994201408,1.1083994201408,1.1083994201408,1.1083994201408
515450,2023-09-27,1.10288891166,1.10288891166,1.10288891166,1.10288891166
515450,2023-09-28,1.0981656186765,1.0981656186765,1.0981656186765,1.0981656186765
515450,2023-10-09,1.0942295411902,1.0942295411902,1.0942295411902,1.0942295411902
515450,2023-10-10,1.0863573862176,1.0863573862176,1.0863573862176,1.0863573862176
515450,2023-10-11,1.0808468777368,1.0808468777368,1.0808468777368,1.0808468777368
515450,2023-10-12,1.0918678946984,1.0918678946984,1.0918678946984,1.0918678946984
515450,2023-10-13,1.0895062482066,1.0895062482066,1.0895062482066,1.0895062482066
515450,2023-10-16,1.0910806792011,1.0910806792011,1.0910806792011,1.0910806792011
515450,2023-10-17,1.0973784031792,1.0973784031792,1.0973784031792,1.0973784031792
515450,2023-10-18,1.0934423256929,1.0934423256929,1.0934423256929,1.0934423256929
515450,2023-10-19,1.0682514297806,1.0682514297806,1.0682514297806,1.0682514297806
515450,2023-10-20,1.0674642142834,1.0674642142834,1.0674642142834,1.0674642142834
515450,2023-10-23,1.0532943353327,1.0532943353327,1.0532943353327,1.0532943353327
515450,2023-10-24,1.0595920593108,1.0595920593108,1.0595920593108,1.0595920593108
515450,2023-10-25,1.0651025677916,1.0651025677916,1.0651025677916,1.0651025677916
515450,2023-10-26,1.0721875072669,1.0721875072669,1.0721875072669,1.0721875072669
515450,2023-10-27,1.078485231245,1.078485231245,1.078485231245,1.078485231245
515450,2023-10-30,1.0627409212998,1.0627409212998,1.0627409212998,1.0627409212998
515450,2023-10-31,1.060379274808,1.060379274808,1.060379274808,1.060379274808
515450,2023-11-01,1.060379274808,1.060379274808,1.060379274808,1.060379274808
515450,2023-11-02,1.060379274808,1.060379274808,1.060379274808,1.060379274808
515450,2023-11-03,1.0588048438135,1.0588048438135,1.0588048438135,1.0588048438135
515450,2023-11-06,1.0532943353327,1.0532943353327,1.0532943353327,1.0532943353327
515450,2023-11-07,1.0532943353327,1.0532943353327,1.0532943353327,1.0532943353327
515450,2023-11-08,1.0493582578464,1.0493582578464,1.0493582578464,1.0493582578464
515450,2023-11-09,1.0532943353327,1.0532943353327,1.0532943353327,1.0532943353327
515450,2023-11-10,1.0477838268519,1.0477838268519,1.0477838268519,1.0477838268519
515450,2023-11-13,1.0462093958574,1.0462093958574,1.0462093958574,1.0462093958574
515450,2023-11-14,1.0485710423491,1.0485710423491,1.0485710423491,1.0485710423491
515450,2023-11-15,1.05408155083,1.05408155083,1.05408155083,1.05408155083
515450,2023-11-16,1.0509326888409,1.0509326888409,1.0509326888409,1.0509326888409
515450,2023-11-17,1.0501454733437,1.0501454733437,1.0501454733437,1.0501454733437
515450,2023-11-20,1.0517199043382,1.0517199043382,1.0517199043382,1.0517199043382
515450,2023-11-21,1.057230412819,1.057230412819,1.057230412819,1.057230412819
515450,2023-11-22,1.0532943353327,1.0532943353327,1.0532943353327,1.0532943353327
515450,2023-11-23,1.0564431973217,1.0564431973217,1.0564431973217,1.0564431973217
515450,2023-11-24,1.0580176283163,1.0580176283163,1.0580176283163,1.0580176283163
515450,2023-11-27,1.0556559818245,1.0556559818245,1.0556559818245,1.0556559818245
515450,2023-11-28,1.0556559818245,1.0556559818245,1.0556559818245,1.0556559818245
515450,2023-11-29,1.0493582578464,1.0493582578464,1.0493582578464,1.0493582578464
515450,2023-11-30,1.0556559818245,1.0556559818245,1.0556559818245,1.0556559818245
515450,2023-12-01,1.0548687663272,1.0548687663272,1.0548687663272,1.0548687663272
515450,2023-12-04,1.0532943353327,1.0532943353327,1.0532943353327,1.0532943353327
515450,2023-12-05,1.0406988873766,1.0406988873766,1.0406988873766,1.0406988873766
515450,2023-12-06,1.0351883788957,1.0351883788957,1.0351883788957,1.0351883788957
515450,2023-12-07,1.0375500253875,1.0375500253875,1.0375500253875,1.0375500253875
515450,2023-12-08,1.0399116718793,1.0399116718793,1.0399116718793,1.0399116718793
515450,2023-12-11,1.039124456382,1.039124456382,1.039124456382,1.039124456382
515450,2023-12-12,1.0446349648629,1.0446349648629,1.0446349648629,1.0446349648629
515450,2023-12-13,1.0375500253875,1.0375500253875,1.0375500253875,1.0375500253875
515450,2023-12-14,1.0383372408848,1.0383372408848,1.0383372408848,1.0383372408848
515450,2023-12-15,1.0312523014094,1.0312523014094,1.0312523014094,1.0312523014094
515450,2023-12-18,1.0304052360272,1.0304052360272,1.0304052360272,1.0304052360272
515450,2023-12-19,1.026879469608,1.026879469608,1.026879469608,1.026879469608
515450,2023-12-20,1.0233537031887,1.0233537031887,1.0233537031887,1.0233537031887
515450,2023-12-21,1.0259980280032,1.0259980280032,1.0259980280032,1.0259980280032
515450,2023-12-22,1.0277609112128,1.0277609112128,1.0277609112128,1.0277609112128
515450,2023-12-25,1.0286423528176,1.0286423528176,1.0286423528176,1.0286423528176
515450,2023-12-26,1.0321681192368,1.0321681192368,1.0321681192368,1.0321681192368
515450,2023-12-27,1.0383382104705,1.0383382104705,1.0383382104705,1.0383382104705
515450,2023-12-28,1.0383382104705,1.0383382104705,1.0383382104705,1.0383382104705
515450,2023-12-29,1.0401010936802,1.0401010936802,1.0401010936802,1.0401010936802
515450,2024-01-02,1.0453897433091,1.0453897433091,1.0453897433091,1.0453897433091
515450,2024-01-03,1.0542041593572,1.0542041593572,1.0542041593572,1.0542041593572
515450,2024-01-04,1.0559670425668,1.0559670425668,1.0559670425668,1.0559670425668
515450,2024-01-05,1.0586113673813,1.0586113673813,1.0586113673813,1.0586113673813
515450,2024-01-08,1.0497969513331,1.0497969513331,1.0497969513331,1.0497969513331
515450,2024-01-09,1.0559670425668,1.0559670425668,1.0559670425668,1.0559670425668
515450,2024-01-10,1.0559670425668,1.0559670425668,1.0559670425668,1.0559670425668
515450,2024-01-11,1.0524412761476,1.0524412761476,1.0524412761476,1.0524412761476
515450,2024-01-12,1.0577299257764,1.0577299257764,1.0577299257764,1.0577299257764
515450,2024-01-15,1.0674257834294,1.0674257834294,1.0674257834294,1.0674257834294
515450,2024-01-16,1.0735958746631,1.0735958746631,1.0735958746631,1.0735958746631
515450,2024-01-17,1.0603742505909,1.0603742505909,1.0603742505909,1.0603742505909
515450,2024-01-18,1.0586113673813,1.0586113673813,1.0586113673813,1.0586113673813
515450,2024-01-19,1.055085600962,1.055085600962,1.055085600962,1.055085600962
515450,2024-01-22,1.0348124440513,1.0348124440513,1.0348124440513,1.0348124440513
515450,2024-01-23,1.0365753272609,1.0365753272609,1.0365753272609,1.0365753272609
515450,2024-01-24,1.0586113673813,1.0586113673813,1.0586113673813,1.0586113673813
515450,2024-01-25,1.0841731739209,1.0841731739209,1.0841731739209,1.0841731739209
515450,2024-01-26,1.1000391228075,1.1000391228075,1.1000391228075,1.1000391228075
515450,2024-01-29,1.1079720972508,1.1079720972508,1.1079720972508,1.1079720972508
515450,2024-01-30,1.0973947979931,1.0973947979931,1.0973947979931,1.0973947979931
515450,2024-01-31,1.0982762395979,1.0982762395979,1.0982762395979,1.0982762395979
515450,2024-02-01,1.092987589969,1.092987589969,1.092987589969,1.092987589969
515450,2024-02-02,1.092987589969,1.092987589969,1.092987589969,1.092987589969
515450,2024-02-05,1.1088535388556,1.1088535388556,1.1088535388556,1.1088535388556
515450,2024-02-06,1.1229566045327,1.1229566045327,1.1229566045327,1.1229566045327
515450,2024-02-07,1.130889578976,1.130889578976,1.130889578976,1.130889578976
515450,2024-02-08,1.1291266957664,1.1291266957664,1.1291266957664,1.1291266957664
515450,2024-02-19,1.1458740862578,1.1458740862578,1.1458740862578,1.1458740862578
515450,2024-02-20,1.1573328271204,1.1573328271204,1.1573328271204,1.1573328271204
515450,2024-02-21,1.1617400351445,1.1617400351445,1.1617400351445,1.1617400351445
515450,2024-02-22,1.1661472431685,1.1661472431685,1.1661472431685,1.1661472431685
515450,2024-02-23,1.1599771519348,1.1599771519348,1.1599771519348,1.1599771519348
515450,2024-02-26,1.1405854366289,1.1405854366289,1.1405854366289,1.1405854366289
515450,2024-02-27,1.1441112030482,1.1441112030482,1.1441112030482,1.1441112030482
515450,2024-02-28,1.1441112030482,1.1441112030482,1.1441112030482,1.1441112030482
515450,2024-02-29,1.1520441774915,1.1520441774915,1.1520441774915,1.1520441774915
515450,2024-03-01,1.1538070607011,1.1538070607011,1.1538070607011,1.1538070607011
515450,2024-03-04,1.1555699439108,1.1555699439108,1.1555699439108,1.1555699439108
515450,2024-03-05,1.1670286847733,1.1670286847733,1.1670286847733,1.1670286847733
515450,2024-03-06,1.1652658015637,1.1652658015637,1.1652658015637,1.1652658015637
515450,2024-03-07,1.173198776007,1.173198776007,1.173198776007,1.173198776007
515450,2024-03-08,1.1758431008215,1.1758431008215,1.1758431008215,1.1758431008215
515450,2024-03-11,1.1679101263782,1.1679101263782,1.1679101263782,1.1679101263782
515450,2024-03-12,1.144992644653,1.144992644653,1.144992644653,1.144992644653
515450,2024-03-13,1.1414668782337,1.1414668782337,1.1414668782337,1.1414668782337
515450,2024-03-14,1.144992644653,1.144992644653,1.144992644653,1.144992644653
515450,2024-03-15,1.1485184110723,1.1485184110723,1.1485184110723,1.1485184110723
515450,2024-03-18,1.1485184110723,1.1485184110723,1.1485184110723,1.1485184110723
515450,2024-03-19,1.1441112030482,1.1441112030482,1.1441112030482,1.1441112030482
515450,2024-03-20,1.1432297614434,1.1432297614434,1.1432297614434,1.1432297614434
515450,2024-03-21,1.1432297614434,1.1432297614434,1.1432297614434,1.1432297614434
515450,2024-03-22,1.1379411118145,1.1379411118145,1.1379411118145,1.1379411118145
515450,2024-03-25,1.1432297614434,1.1432297614434,1.1432297614434,1.1432297614434
515450,2024-03-26,1.1476369694674,1.1476369694674,1.1476369694674,1.1476369694674
515450,2024-03-27,1.1476369694674,1.1476369694674,1.1476369694674,1.1476369694674
515450,2024-03-28,1.1405854366289,1.1405854366289,1.1405854366289,1.1405854366289
515450,2024-03-29,1.154688502306,1.154688502306,1.154688502306,1.154688502306
515450,2024-04-01,1.1599771519348,1.1599771519348,1.1599771519348,1.1599771519348
515450,2024-04-02,1.1679101263782,1.1679101263782,1.1679101263782,1.1679101263782
515450,2024-04-03,1.1696730095878,1.1696730095878,1.1696730095878,1.1696730095878
515450,2024-04-08,1.1696730095878,1.1696730095878,1.1696730095878,1.1696730095878
515450,2024-04-09,1.1617400351445,1.1617400351445,1.1617400351445,1.1617400351445
515450,2024-04-10,1.1635029183541,1.1635029183541,1.1635029183541,1.1635029183541
515450,2024-04-11,1.1740802176119,1.1740802176119,1.1740802176119,1.1740802176119
515450,2024-04-12,1.1714358927974,1.1714358927974,1.1714358927974,1.1714358927974
515450,2024-04-15,1.1952348161274,1.1952348161274,1.1952348161274,1.1952348161274
515450,2024-04-16,1.1996420241515,1.1996420241515,1.1996420241515,1.1996420241515
515450,2024-04-17,1.2128636482237,1.2128636482237,1.2128636482237,1.2128636482237
515450,2024-04-18,1.2128636482237,1.2128636482237,1.2128636482237,1.2128636482237
515450,2024-04-19,1.2216780642718,1.2216780642718,1.2216780642718,1.2216780642718
515450,2024-04-22,1.2022863489659,1.2022863489659,1.2022863489659,1.2022863489659
515450,2024-04-23,1.1846575168696,1.1846575168696,1.1846575168696,1.1846575168696
515450,2024-04-24,1.1908276081033,1.1908276081033,1.1908276081033,1.1908276081033
515450,2024-04-25,1.1943533745226,1.1943533745226,1.1943533745226,1.1943533745226
515450,2024-04-26,1.1908276081033,1.1908276081033,1.1908276081033,1.1908276081033
515450,2024-04-29,1.1846575168696,1.1846575168696,1.1846575168696,1.1846575168696
515450,2024-04-30,1.1917090497081,1.1917090497081,1.1917090497081,1.1917090497081
515450,2024-05-06,1.1987605825466,1.1987605825466,1.1987605825466,1.1987605825466
515450,2024-05-07,1.1952348161274,1.1952348161274,1.1952348161274,1.1952348161274
515450,2024-05-08,1.1952348161274,1.1952348161274,1.1952348161274,1.1952348161274
515450,2024-05-09,1.2049306737803,1.2049306737803,1.2049306737803,1.2049306737803
515450,2024-05-10,1.211100765014,1.211100765014,1.211100765014,1.211100765014
515450,2024-05-13,1.220796622667,1.220796622667,1.220796622667,1.220796622667
515450,2024-05-14,1.2137450898285,1.2137450898285,1.2137450898285,1.2137450898285
515450,2024-05-15,1.2049306737803,1.2049306737803,1.2049306737803,1.2049306737803
515450,2024-05-16,1.2058121153851,1.2058121153851,1.2058121153851,1.2058121153851
515450,2024-05-17,1.2163894146429,1.2163894146429,1.2163894146429,1.2163894146429
515450,2024-05-20,1.2172708562477,1.2172708562477,1.2172708562477,1.2172708562477
515450,2024-05-21,1.2181522978525,1.2181522978525,1.2181522978525,1.2181522978525
515450,2024-05-22,1.2199151810622,1.2199151810622,1.2199151810622,1.2199151810622
515450,2024-05-23,1.2075749985948,1.2075749985948,1.2075749985948,1.2075749985948
515450,2024-05-24,1.2093378818044,1.2093378818044,1.2093378818044,1.2093378818044
515450,2024-05-27,1.2234409474814,1.2234409474814,1.2234409474814,1.2234409474814
515450,2024-05-28,1.2190337394574,1.2190337394574,1.2190337394574,1.2190337394574
515450,2024-05-29,1.2163894146429,1.2163894146429,1.2163894146429,1.2163894146429
515450,2024-05-30,1.2155079730381,1.2155079730381,1.2155079730381,1.2155079730381
515450,2024-05-31,1.2146265314333,1.2146265314333,1.2146265314333,1.2146265314333
515450,2024-06-03,1.2058121153851,1.2058121153851,1.2058121153851,1.2058121153851
515450,2024-06-04,1.2128636482237,1.2128636482237,1.2128636482237,1.2128636482237
515450,2024-06-05,1.2014049073611,1.2014049073611,1.2014049073611,1.2014049073611
515450,2024-06-06,1.2031677905707,1.2031677905707,1.2031677905707,1.2031677905707
515450,2024-06-07,1.211100765014,1.211100765014,1.211100765014,1.211100765014
515450,2024-06-11,1.1952348161274,1.1952348161274,1.1952348161274,1.1952348161274
515450,2024-06-12,1.2014049073611,1.2014049073611,1.2014049073611,1.2014049073611
515450,2024-06-13,1.1917090497081,1.1917090497081,1.1917090497081,1.1917090497081
515450,2024-06-14,1.1908276081033,1.1908276081033,1.1908276081033,1.1908276081033
515450,2024-06-17,1.1793688672407,1.1793688672407,1.1793688672407,1.1793688672407
515450,2024-06-18,1.1855389584744,1.1855389584744,1.1855389584744,1.1855389584744
515450,2024-06-19,1.1846575168696,1.1846575168696,1.1846575168696,1.1846575168696
515450,2024-06-20,1.1837760752648,1.1837760752648,1.1837760752648,1.1837760752648
515450,2024-06-21,1.1864204000792,1.1864204000792,1.1864204000792,1.1864204000792
515450,2024-06-24,1.1784874256359,1.1784874256359,1.1784874256359,1.1784874256359
515450,2024-06-25,1.1855389584744,1.1855389584744,1.1855389584744,1.1855389584744
515450,2024-06-26,1.1881832832889,1.1881832832889,1.1881832832889,1.1881832832889
515450,2024-06-27,1.1908276081033,1.1908276081033,1.1908276081033,1.1908276081033
515450,2024-06-28,1.2014049073611,1.2014049073611,1.2014049073611,1.2014049073611
515450,2024-07-01,1.2155079730381,1.2155079730381,1.2155079730381,1.2155079730381
515450,2024-07-02,1.2190337394574,1.2190337394574,1.2190337394574,1.2190337394574
515450,2024-07-03,1.2102193234092,1.2102193234092,1.2102193234092,1.2102193234092
515450,2024-07-04,1.2084564401996,1.2084564401996,1.2084564401996,1.2084564401996
515450,2024-07-05,1.2014049073611,1.2014049073611,1.2014049073611,1.2014049073611
515450,2024-07-08,1.1996420241515,1.1996420241515,1.1996420241515,1.1996420241515
515450,2024-07-09,1.2119822066188,1.2119822066188,1.2119822066188,1.2119822066188
515450,2024-07-10,1.2031677905707,1.2031677905707,1.2031677905707,1.2031677905707
515450,2024-07-11,1.2102193234092,1.2102193234092,1.2102193234092,1.2102193234092
515450,2024-07-12,1.211100765014,1.211100765014,1.211100765014,1.211100765014
515450,2024-07-15,1.2181522978525,1.2181522978525,1.2181522978525,1.2181522978525
515450,2024-07-16,1.2163894146429,1.2163894146429,1.2163894146429,1.2163894146429
515450,2024-07-17,1.2163894146429,1.2163894146429,1.2163894146429,1.2163894146429
515450,2024-07-18,1.2216780642718,1.2216780642718,1.2216780642718,1.2216780642718
515450,2024-07-19,1.2172708562477,1.2172708562477,1.2172708562477,1.2172708562477
515450,2024-07-22,1.2062891437531,1.2062891437531,1.2062891437531,1.2062891437531
515450,2024-07-23,1.1962291129864,1.1962291129864,1.1962291129864,1.1962291129864
515450,2024-07-24,1.197143661238,1.197143661238,1.197143661238,1.197143661238
515450,2024-07-25,1.1898272752258,1.1898272752258,1.1898272752258,1.1898272752258
515450,2024-07-26,1.1889127269743,1.1889127269743,1.1889127269743,1.1889127269743
515450,2024-07-29,1.1962291129864,1.1962291129864,1.1962291129864,1.1962291129864
515450,2024-07-30,1.1861690822197,1.1861690822197,1.1861690822197,1.1861690822197
515450,2024-07-31,1.1916563717288,1.1916563717288,1.1916563717288,1.1916563717288
515450,2024-08-01,1.1934854682319,1.1934854682319,1.1934854682319,1.1934854682319
515450,2024-08-02,1.1925709199804,1.1925709199804,1.1925709199804,1.1925709199804
515450,2024-08-05,1.1815963409621,1.1815963409621,1.1815963409621,1.1815963409621
515450,2024-08-06,1.1724508584469,1.1724508584469,1.1724508584469,1.1724508584469
515450,2024-08-07,1.176109051453,1.176109051453,1.176109051453,1.176109051453
515450,2024-08-08,1.1834254374652,1.1834254374652,1.1834254374652,1.1834254374652
515450,2024-08-09,1.1797672444591,1.1797672444591,1.1797672444591,1.1797672444591
515450,2024-08-12,1.1779381479561,1.1779381479561,1.1779381479561,1.1779381479561
515450,2024-08-13,1.1806817927106,1.1806817927106,1.1806817927106,1.1806817927106
515450,2024-08-14,1.1751945032015,1.1751945032015,1.1751945032015,1.1751945032015
515450,2024-08-15,1.1870836304712,1.1870836304712,1.1870836304712,1.1870836304712
515450,2024-08-16,1.1889127269743,1.1889127269743,1.1889127269743,1.1889127269743
515450,2024-08-19,1.200801854244,1.200801854244,1.200801854244,1.200801854244
515450,2024-08-20,1.1944000164834,1.1944000164834,1.1944000164834,1.1944000164834
515450,2024-08-21,1.1889127269743,1.1889127269743,1.1889127269743,1.1889127269743
515450,2024-08-22,1.1889127269743,1.1889127269743,1.1889127269743,1.1889127269743
515450,2024-08-23,1.197143661238,1.197143661238,1.197143661238,1.197143661238
515450,2024-08-26,1.1907418234773,1.1907418234773,1.1907418234773,1.1907418234773
515450,2024-08-27,1.1898272752258,1.1898272752258,1.1898272752258,1.1898272752258
515450,2024-08-28,1.1806817927106,1.1806817927106,1.1806817927106,1.1806817927106
515450,2024-08-29,1.1642199241833,1.1642199241833,1.1642199241833,1.1642199241833
515450,2024-08-30,1.1623908276802,1.1623908276802,1.1623908276802,1.1623908276802
515450,2024-09-02,1.1587326346742,1.1587326346742,1.1587326346742,1.1587326346742
515450,2024-09-03,1.1550744416681,1.1550744416681,1.1550744416681,1.1550744416681
515450,2024-09-04,1.1523307969135,1.1523307969135,1.1523307969135,1.1523307969135
515450,2024-09-05,1.1523307969135,1.1523307969135,1.1523307969135,1.1523307969135
515450,2024-09-06,1.1450144109014,1.1450144109014,1.1450144109014,1.1450144109014
515450,2024-09-09,1.1294670906256,1.1294670906256,1.1294670906256,1.1294670906256
515450,2024-09-10,1.1322107353801,1.1322107353801,1.1322107353801,1.1322107353801
515450,2024-09-11,1.1175779633558,1.1175779633558,1.1175779633558,1.1175779633558
515450,2024-09-12,1.1175779633558,1.1175779633558,1.1175779633558,1.1175779633558
515450,2024-09-13,1.1148343186013,1.1148343186013,1.1148343186013,1.1148343186013
515450,2024-09-18,1.1258088976195,1.1258088976195,1.1258088976195,1.1258088976195
515450,2024-09-19,1.1303816388771,1.1303816388771,1.1303816388771,1.1303816388771
515450,2024-09-20,1.1322107353801,1.1322107353801,1.1322107353801,1.1322107353801
515450,2024-09-23,1.1413562178953,1.1413562178953,1.1413562178953,1.1413562178953
515450,2024-09-24,1.1806817927106,1.1806817927106,1.1806817927106,1.1806817927106
515450,2024-09-25,1.1980582094895,1.1980582094895,1.1980582094895,1.1980582094895
515450,2024-09-26,1.2447001703169,1.2447001703169,1.2447001703169,1.2447001703169
515450,2024-09-27,1.2456147185684,1.2456147185684,1.2456147185684,1.2456147185684
515450,2024-09-30,1.3279240612051,1.3279240612051,1.3279240612051,1.3279240612051
515450,2024-10-08,1.3635914430144,1.3635914430144,1.3635914430144,1.3635914430144
515450,2024-10-09,1.2565892975867,1.2565892975867,1.2565892975867,1.2565892975867
515450,2024-10-10,1.3014021619111,1.3014021619111,1.3014021619111,1.3014021619111
515450,2024-10-11,1.2794530038746,1.2794530038746,1.2794530038746,1.2794530038746
515450,2024-10-14,1.3068894514202,1.3068894514202,1.3068894514202,1.3068894514202
515450,2024-10-15,1.2831111968807,1.2831111968807,1.2831111968807,1.2831111968807
515450,2024-10-16,1.299573065408,1.299573065408,1.299573065408,1.299573065408
515450,2024-10-17,1.2840257451322,1.2840257451322,1.2840257451322,1.2840257451322
515450,2024-10-18,1.2940857758989,1.2940857758989,1.2940857758989,1.2940857758989
515450,2024-10-21,1.2821966486292,1.2821966486292,1.2821966486292,1.2821966486292
515450,2024-10-22,1.2867693898868,1.2867693898868,1.2867693898868,1.2867693898868
515450,2024-10-23,1.2904275828929,1.2904275828929,1.2904275828929,1.2904275828929
515450,2024-10-24,1.2803675521262,1.2803675521262,1.2803675521262,1.2803675521262
515450,2024-10-25,1.2812821003777,1.2812821003777,1.2812821003777,1.2812821003777
515450,2024-10-28,1.2831111968807,1.2831111968807,1.2831111968807,1.2831111968807
515450,2024-10-29,1.271222069611,1.271222069611,1.271222069611,1.271222069611
515450,2024-10-30,1.2620765870958,1.2620765870958,1.2620765870958,1.2620765870958
515450,2024-10-31,1.2602474905927,1.2602474905927,1.2602474905927,1.2602474905927
515450,2024-11-01,1.273051166114,1.273051166114,1.273051166114,1.273051166114
515450,2024-11-04,1.2794530038746,1.2794530038746,1.2794530038746,1.2794530038746
515450,2024-11-05,1.295914872402,1.295914872402,1.295914872402,1.295914872402
515450,2024-11-06,1.2968294206535,1.2968294206535,1.2968294206535,1.2968294206535
515450,2024-11-07,1.3270095129536,1.3270095129536,1.3270095129536,1.3270095129536
515450,2024-11-08,1.3142058374323,1.3142058374323,1.3142058374323,1.3142058374323
515450,2024-11-11,1.3078039996717,1.3078039996717,1.3078039996717,1.3078039996717
515450,2024-11-12,1.3105476444263,1.3105476444263,1.3105476444263,1.3105476444263
515450,2024-11-13,1.3169494821869,1.3169494821869,1.3169494821869,1.3169494821869
515450,2024-11-14,1.2986585171565,1.2986585171565,1.2986585171565,1.2986585171565
515450,2024-11-15,1.2968294206535,1.2968294206535,1.2968294206535,1.2968294206535
515450,2024-11-18,1.3078039996717,1.3078039996717,1.3078039996717,1.3078039996717
515450,2024-11-19,1.3050603549172,1.3050603549172,1.3050603549172,1.3050603549172
515450,2024-11-20,1.3068894514202,1.3068894514202,1.3068894514202,1.3068894514202
515450,2024-11-21,1.3059749031687,1.3059749031687,1.3059749031687,1.3059749031687
515450,2024-11-22,1.2757948108686,1.2757948108686,1.2757948108686,1.2757948108686
515450,2024-11-25,1.2757948108686,1.2757948108686,1.2757948108686,1.2757948108686
515450,2024-11-26,1.2785384556231,1.2785384556231,1.2785384556231,1.2785384556231
515450,2024-11-27,1.2922566793959,1.2922566793959,1.2922566793959,1.2922566793959
515450,2024-11-28,1.2895130346413,1.2895130346413,1.2895130346413,1.2895130346413
515450,2024-11-29,1.3023167101626,1.3023167101626,1.3023167101626,1.3023167101626
515450,2024-12-02,1.3050603549172,1.3050603549172,1.3050603549172,1.3050603549172
515450,2024-12-03,1.3196931269415,1.3196931269415,1.3196931269415,1.3196931269415
515450,2024-12-04,1.3196931269415,1.3196931269415,1.3196931269415,1.3196931269415
515450,2024-12-05,1.3196931269415,1.3196931269415,1.3196931269415,1.3196931269415
515450,2024-12-06,1.3398131884749,1.3398131884749,1.3398131884749,1.3398131884749
515450,2024-12-09,1.3443859297325,1.3443859297325,1.3443859297325,1.3443859297325
515450,2024-12-10,1.345300477984,1.345300477984,1.345300477984,1.345300477984
515450,2024-12-11,1.345300477984,1.345300477984,1.345300477984,1.345300477984
515450,2024-12-12,1.3690787325235,1.3690787325235,1.3690787325235,1.3690787325235
515450,2024-12-13,1.3480441227385,1.3480441227385,1.3480441227385,1.3480441227385
515450,2024-12-16,1.3608477982598,1.3608477982598,1.3608477982598,1.3608477982598
515450,2024-12-17,1.3665991006598,1.3665991006598,1.3665991006598,1.3665991006598
515450,2024-12-18,1.3827437738434,1.3827437738434,1.3827437738434,1.3827437738434
515450,2024-12-19,1.3609009807126,1.3609009807126,1.3609009807126,1.3609009807126
515450,2024-12-20,1.3485550541605,1.3485550541605,1.3485550541605,1.3485550541605
515450,2024-12-23,1.3533034874498,1.3533034874498,1.3533034874498,1.3533034874498
515450,2024-12-24,1.3628003540284,1.3628003540284,1.3628003540284,1.3628003540284
515450,2024-12-25,1.3703978472912,1.3703978472912,1.3703978472912,1.3703978472912
515450,2024-12-26,1.3637500406862,1.3637500406862,1.3637500406862,1.3637500406862
515450,2024-12-27,1.3665991006598,1.3665991006598,1.3665991006598,1.3665991006598
515450,2024-12-30,1.3732469072648,1.3732469072648,1.3732469072648,1.3732469072648
515450,2024-12-31,1.3656494140019,1.3656494140019,1.3656494140019,1.3656494140019
515450,2025-01-02,1.338108500924,1.338108500924,1.338108500924,1.338108500924
515450,2025-01-03,1.324812887714,1.324812887714,1.324812887714,1.324812887714
515450,2025-01-06,1.3257625743718,1.3257625743718,1.3257625743718,1.3257625743718
515450,2025-01-07,1.3276619476876,1.3276619476876,1.3276619476876,1.3276619476876
515450,2025-01-08,1.331460694319,1.331460694319,1.331460694319,1.331460694319
515450,2025-01-09,1.3200644544247,1.3200644544247,1.3200644544247,1.3200644544247
515450,2025-01-10,1.3029700945832,1.3029700945832,1.3029700945832,1.3029700945832
515450,2025-01-13,1.2868254213996,1.2868254213996,1.2868254213996,1.2868254213996
515450,2025-01-14,1.3096179011882,1.3096179011882,1.3096179011882,1.3096179011882
515450,2025-01-15,1.3115172745039,1.3115172745039,1.3115172745039,1.3115172745039
515450,2025-01-16,1.318165081109,1.318165081109,1.318165081109,1.318165081109
515450,2025-01-17,1.318165081109,1.318165081109,1.318165081109,1.318165081109
515450,2025-01-20,1.3153160211354,1.3153160211354,1.3153160211354,1.3153160211354
515450,2025-01-21,1.3086682145304,1.3086682145304,1.3086682145304,1.3086682145304
515450,2025-01-22,1.2953726013203,1.2953726013203,1.2953726013203,1.2953726013203
515450,2025-01-23,1.3134166478197,1.3134166478197,1.3134166478197,1.3134166478197
515450,2025-01-24,1.3210141410825,1.3210141410825,1.3210141410825,1.3210141410825
515450,2025-01-27,1.3343097542926,1.3343097542926,1.3343097542926,1.3343097542926
515450,2025-02-05,1.3096179011882,1.3096179011882,1.3096179011882,1.3096179011882
515450,2025-02-06,1.3105675878461,1.3105675878461,1.3105675878461,1.3105675878461
515450,2025-02-07,1.3143663344775,1.3143663344775,1.3143663344775,1.3143663344775
515450,2025-02-10,1.3134166478197,1.3134166478197,1.3134166478197,1.3134166478197
515450,2025-02-11,1.3191147677668,1.3191147677668,1.3191147677668,1.3191147677668
515450,2025-02-12,1.3162657077932,1.3162657077932,1.3162657077932,1.3162657077932
515450,2025-02-13,1.3143663344775,1.3143663344775,1.3143663344775,1.3143663344775
515450,2025-02-14,1.3219638277404,1.3219638277404,1.3219638277404,1.3219638277404
515450,2025-02-17,1.3191147677668,1.3191147677668,1.3191147677668,1.3191147677668
515450,2025-02-18,1.3238632010561,1.3238632010561,1.3238632010561,1.3238632010561
515450,2025-02-19,1.3191147677668,1.3191147677668,1.3191147677668,1.3191147677668
515450,2025-02-20,1.3143663344775,1.3143663344775,1.3143663344775,1.3143663344775
515450,2025-02-21,1.3077185278725,1.3077185278725,1.3077185278725,1.3077185278725
515450,2025-02-24,1.3067688412146,1.3067688412146,1.3067688412146,1.3067688412146
515450,2025-02-25,1.2963222879782,1.2963222879782,1.2963222879782,1.2963222879782
515450,2025-02-26,1.3058191545568,1.3058191545568,1.3058191545568,1.3058191545568
515450,2025-02-27,1.3191147677668,1.3191147677668,1.3191147677668,1.3191147677668
515450,2025-02-28,1.3115172745039,1.3115172745039,1.3115172745039,1.3115172745039
515450,2025-03-03,1.3105675878461,1.3105675878461,1.3105675878461,1.3105675878461
515450,2025-03-04,1.3077185278725,1.3077185278725,1.3077185278725,1.3077185278725
515450,2025-03-05,1.3143663344775,1.3143663344775,1.3143663344775,1.3143663344775
515450,2025-03-06,1.3124669611618,1.3124669611618,1.3124669611618,1.3124669611618
515450,2025-03-07,1.3115172745039,1.3115172745039,1.3115172745039,1.3115172745039
515450,2025-03-10,1.3058191545568,1.3058191545568,1.3058191545568,1.3058191545568
515450,2025-03-11,1.3105675878461,1.3105675878461,1.3105675878461,1.3105675878461
515450,2025-03-12,1.3058191545568,1.3058191545568,1.3058191545568,1.3058191545568
515450,2025-03-13,1.3105675878461,1.3105675878461,1.3105675878461,1.3105675878461
515450,2025-03-14,1.3257625743718,1.3257625743718,1.3257625743718,1.3257625743718
515450,2025-03-17,1.3257625743718,1.3257625743718,1.3257625743718,1.3257625743718
515450,2025-03-18,1.3229135143983,1.3229135143983,1.3229135143983,1.3229135143983
515450,2025-03-19,1.3295613210033,1.3295613210033,1.3295613210033,1.3295613210033
515450,2025-03-20,1.3219638277404,1.3219638277404,1.3219638277404,1.3219638277404
515450,2025-03-21,1.3219638277404,1.3219638277404,1.3219638277404,1.3219638277404
515450,2025-03-24,1.3305110076611,1.3305110076611,1.3305110076611,1.3305110076611
515450,2025-03-25,1.3400078742397,1.3400078742397,1.3400078742397,1.3400078742397
515450,2025-03-26,1.3352594409504,1.3352594409504,1.3352594409504,1.3352594409504
515450,2025-03-27,1.3390581875819,1.3390581875819,1.3390581875819,1.3390581875819
515450,2025-03-28,1.338108500924,1.338108500924,1.338108500924,1.338108500924
515450,2025-03-31,1.3428569342133,1.3428569342133,1.3428569342133,1.3428569342133
515450,2025-04-01,1.3476053675026,1.3476053675026,1.3476053675026,1.3476053675026
515450,2025-04-02,1.351404114134,1.351404114134,1.351404114134,1.351404114134
515450,2025-04-03,1.3533034874498,1.3533034874498,1.3533034874498,1.3533034874498
515450,2025-04-07,1.2934732280046,1.2934732280046,1.2934732280046,1.2934732280046
515450,2025-04-08,1.3219638277404,1.3219638277404,1.3219638277404,1.3219638277404
515450,2025-04-09,1.318165081109,1.318165081109,1.318165081109,1.318165081109
515450,2025-04-10,1.3257625743718,1.3257625743718,1.3257625743718,1.3257625743718
515450,2025-04-11,1.3191147677668,1.3191147677668,1.3191147677668,1.3191147677668
515450,2025-04-14,1.3238632010561,1.3238632010561,1.3238632010561,1.3238632010561
515450,2025-04-15,1.3343097542926,1.3343097542926,1.3343097542926,1.3343097542926
515450,2025-04-16,1.3466556808447,1.3466556808447,1.3466556808447,1.3466556808447
515450,2025-04-17,1.3466556808447,1.3466556808447,1.3466556808447,1.3466556808447
515450,2025-04-18,1.3485550541605,1.3485550541605,1.3485550541605,1.3485550541605
515450,2025-04-21,1.3438066208712,1.3438066208712,1.3438066208712,1.3438066208712
515450,2025-04-22,1.3476053675026,1.3476053675026,1.3476053675026,1.3476053675026
515450,2025-04-23,1.3400078742397,1.3400078742397,1.3400078742397,1.3400078742397
515450,2025-04-24,1.3476053675026,1.3476053675026,1.3476053675026,1.3476053675026
515450,2025-04-25,1.3428569342133,1.3428569342133,1.3428569342133,1.3428569342133
515450,2025-04-28,1.3542531741076,1.3542531741076,1.3542531741076,1.3542531741076
515450,2025-04-29,1.3485550541605,1.3485550541605,1.3485550541605,1.3485550541605
515450,2025-04-30,1.3352594409504,1.3352594409504,1.3352594409504,1.3352594409504
515450,2025-05-06,1.3333600676347,1.3333600676347,1.3333600676347,1.3333600676347
515450,2025-05-07,1.3438066208712,1.3438066208712,1.3438066208712,1.3438066208712
515450,2025-05-08,1.3476053675026,1.3476053675026,1.3476053675026,1.3476053675026
515450,2025-05-09,1.3561525474233,1.3561525474233,1.3561525474233,1.3561525474233
515450,2025-05-12,1.3571022340812,1.3571022340812,1.3571022340812,1.3571022340812
515450,2025-05-13,1.3646997273441,1.3646997273441,1.3646997273441,1.3646997273441
515450,2025-05-14,1.3713475339491,1.3713475339491,1.3713475339491,1.3713475339491
515450,2025-05-15,1.3665991006598,1.3665991006598,1.3665991006598,1.3665991006598
515450,2025-05-16,1.3599512940548,1.3599512940548,1.3599512940548,1.3599512940548
515450,2025-05-19,1.3656494140019,1.3656494140019,1.3656494140019,1.3656494140019
515450,2025-05-20,1.3703978472912,1.3703978472912,1.3703978472912,1.3703978472912
515450,2025-05-21,1.378945027212,1.378945027212,1.378945027212,1.378945027212
515450,2025-05-22,1.3817940871855,1.3817940871855,1.3817940871855,1.3817940871855
515450,2025-05-23,1.3713475339491,1.3713475339491,1.3713475339491,1.3713475339491
515450,2025-05-26,1.3628003540284,1.3628003540284,1.3628003540284,1.3628003540284
515450,2025-05-27,1.3646997273441,1.3646997273441,1.3646997273441,1.3646997273441
515450,2025-05-28,1.3675487873177,1.3675487873177,1.3675487873177,1.3675487873177
515450,2025-05-29,1.3665991006598,1.3665991006598,1.3665991006598,1.3665991006598
515450,2025-05-30,1.3751462805805,1.3751462805805,1.3751462805805,1.3751462805805
515450,2025-06-03,1.3779953405541,1.3779953405541,1.3779953405541,1.3779953405541
515450,2025-06-04,1.3827437738434,1.3827437738434,1.3827437738434,1.3827437738434
515450,2025-06-05,1.3741965939227,1.3741965939227,1.3741965939227,1.3741965939227
515450,2025-06-06,1.3751462805805,1.3751462805805,1.3751462805805,1.3751462805805
515450,2025-06-09,1.3770456538962,1.3770456538962,1.3770456538962,1.3770456538962
515450,2025-06-10,1.3779953405541,1.3779953405541,1.3779953405541,1.3779953405541
515450,2025-06-11,1.3827437738434,1.3827437738434,1.3827437738434,1.3827437738434
515450,2025-06-12,1.3817940871855,1.3817940871855,1.3817940871855,1.3817940871855
515450,2025-06-13,1.3751462805805,1.3751462805805,1.3751462805805,1.3751462805805
515450,2025-06-16,1.3770456538962,1.3770456538962,1.3770456538962,1.3770456538962
515450,2025-06-17,1.3770456538962,1.3770456538962,1.3770456538962,1.3770456538962
515450,2025-06-18,1.3808444005277,1.3808444005277,1.3808444005277,1.3808444005277
515450,2025-06-19,1.3770456538962,1.3770456538962,1.3770456538962,1.3770456538962
515450,2025-06-20,1.3874922071327,1.3874922071327,1.3874922071327,1.3874922071327
515450,2025-06-23,1.3893915804484,1.3893915804484,1.3893915804484,1.3893915804484
515450,2025-06-24,1.3912909537641,1.3912909537641,1.3912909537641,1.3912909537641
515450,2025-06-25,1.3969890737113,1.3969890737113,1.3969890737113,1.3969890737113
515450,2025-06-26,1.4017375070006,1.4017375070006,1.4017375070006,1.4017375070006
515450,2025-06-27,1.3884418937906,1.3884418937906,1.3884418937906,1.3884418937906
515450,2025-06-30,1.3865425204748,1.3865425204748,1.3865425204748,1.3865425204748
515450,2025-07-01,1.3941400137377,1.3941400137377,1.3941400137377,1.3941400137377
515450,2025-07-02,1.4064859402899,1.4064859402899,1.4064859402899,1.4064859402899
515450,2025-07-03,1.4064859402899,1.4064859402899,1.4064859402899,1.4064859402899
515450,2025-07-04,1.4197815534999,1.4197815534999,1.4197815534999,1.4197815534999
515450,2025-07-07,1.4207312401578,1.4207312401578,1.4207312401578,1.4207312401578
515450,2025-07-08,1.4169324935263,1.4169324935263,1.4169324935263,1.4169324935263
515450,2025-07-09,1.4264293601049,1.4264293601049,1.4264293601049,1.4264293601049
515450,2025-07-10,1.43307716671,1.43307716671,1.43307716671,1.43307716671
515450,2025-07-11,1.4245299867892,1.4245299867892,1.4245299867892,1.4245299867892
515450,2025-07-14,1.4311777933942,1.4311777933942,1.4311777933942,1.4311777933942
515450,2025-07-15,1.4223675333802,1.4223675333802,1.4223675333802,1.4223675333802
515450,2025-07-16,1.4174729444835,1.4174729444835,1.4174729444835,1.4174729444835
515450,2025-07-17,1.4174729444835,1.4174729444835,1.4174729444835,1.4174729444835
515450,2025-07-18,1.4233464511595,1.4233464511595,1.4233464511595,1.4233464511595
515450,2025-07-21,1.4311777933942,1.4311777933942,1.4311777933942,1.4311777933942
515450,2025-07-22,1.4439037245257,1.4439037245257,1.4439037245257,1.4439037245257
515450,2025-07-23,1.4399880534083,1.4399880534083,1.4399880534083,1.4399880534083
515450,2025-07-24,1.4341145467323,1.4341145467323,1.4341145467323,1.4341145467323
515450,2025-07-25,1.4253042867182,1.4253042867182,1.4253042867182,1.4253042867182
515450,2025-07-28,1.4194307800422,1.4194307800422,1.4194307800422,1.4194307800422
515450,2025-07-29,1.4115994378074,1.4115994378074,1.4115994378074,1.4115994378074
515450,2025-07-30,1.4204096978215,1.4204096978215,1.4204096978215,1.4204096978215
515450,2025-07-31,1.3998524244554,1.3998524244554,1.3998524244554,1.3998524244554
515450,2025-08-01,1.3978945888967,1.3978945888967,1.3978945888967,1.3978945888967
515450,2025-08-04,1.4027891777934,1.4027891777934,1.4027891777934,1.4027891777934
515450,2025-08-05,1.4125783555868,1.4125783555868,1.4125783555868,1.4125783555868
515450,2025-08-06,1.4145361911455,1.4145361911455,1.4145361911455,1.4145361911455
515450,2025-08-07,1.4184518622628,1.4184518622628,1.4184518622628,1.4184518622628
515450,2025-08-08,1.4213886156008,1.4213886156008,1.4213886156008,1.4213886156008
515450,2025-08-11,1.4115994378074,1.4115994378074,1.4115994378074,1.4115994378074
515450,2025-08-12,1.4155151089248,1.4155151089248,1.4155151089248,1.4155151089248
515450,2025-08-13,1.4096416022488,1.4096416022488,1.4096416022488,1.4096416022488
515450,2025-08-14,1.4057259311314,1.4057259311314,1.4057259311314,1.4057259311314
515450,2025-08-15,1.4018102600141,1.4018102600141,1.4018102600141,1.4018102600141
515450,2025-08-18,1.3978945888967,1.3978945888967,1.3978945888967,1.3978945888967
515450,2025-08-19,1.3978945888967,1.3978945888967,1.3978945888967,1.3978945888967
515450,2025-08-20,1.4067048489108,1.4067048489108,1.4067048489108,1.4067048489108
515450,2025-08-21,1.4145361911455,1.4145361911455,1.4145361911455,1.4145361911455
515450,2025-08-22,1.4125783555868,1.4125783555868,1.4125783555868,1.4125783555868
515450,2025-08-25,1.4262832044975,1.4262832044975,1.4262832044975,1.4262832044975
515450,2025-08-26,1.4204096978215,1.4204096978215,1.4204096978215,1.4204096978215
515450,2025-08-27,1.3969156711174,1.3969156711174,1.3969156711174,1.3969156711174
515450,2025-08-28,1.3939789177793,1.3939789177793,1.3939789177793,1.3939789177793
515450,2025-08-29,1.393,1.393,1.393,1.393
515450,2025-09-01,1.3881054111033,1.3881054111033,1.3881054111033,1.3881054111033
515450,2025-09-02,1.395936753338,1.395936753338,1.395936753338,1.395936753338
515450,2025-09-03,1.3822319044273,1.3822319044273,1.3822319044273,1.3822319044273
515450,2025-09-04,1.3851686577653,1.3851686577653,1.3851686577653,1.3851686577653
515450,2025-09-05,1.3841897399859,1.3841897399859,1.3841897399859,1.3841897399859
515450,2025-09-08,1.390063246662,1.390063246662,1.390063246662,1.390063246662
515450,2025-09-09,1.393,1.393,1.393,1.393
515450,2025-09-10,1.390063246662,1.390063246662,1.390063246662,1.390063246662
515450,2025-09-11,1.3969156711174,1.3969156711174,1.3969156711174,1.3969156711174
515450,2025-09-12,1.387126493324,1.387126493324,1.387126493324,1.387126493324
515450,2025-09-15,1.3773373155306,1.3773373155306,1.3773373155306,1.3773373155306
515450,2025-09-16,1.3704848910752,1.3704848910752,1.3704848910752,1.3704848910752
515450,2025-09-17,1.3753794799719,1.3753794799719,1.3753794799719,1.3753794799719
515450,2025-09-18,1.3558011243851,1.3558011243851,1.3558011243851,1.3558011243851
515450,2025-09-19,1.3597167955025,1.3597167955025,1.3597167955025,1.3597167955025
515450,2025-09-22,1.3499276177091,1.3499276177091,1.3499276177091,1.3499276177091
515450,2025-09-23,1.3558011243851,1.3558011243851,1.3558011243851,1.3558011243851
515450,2025-09-24,1.3646113843992,1.3646113843992,1.3646113843992,1.3646113843992
515450,2025-09-25,1.3655903021785,1.3655903021785,1.3655903021785,1.3655903021785
515450,2025-09-26,1.3665692199578,1.3665692199578,1.3665692199578,1.3665692199578
515450,2025-09-29,1.3655903021785,1.3655903021785,1.3655903021785,1.3655903021785
515450,2025-09-30,1.3577589599438,1.3577589599438,1.3577589599438,1.3577589599438
515450,2025-10-09,1.3714638088545,1.3714638088545,1.3714638088545,1.3714638088545
515450,2025-10-10,1.3881054111033,1.3881054111033,1.3881054111033,1.3881054111033
515450,2025-10-13,1.3832108222066,1.3832108222066,1.3832108222066,1.3832108222066
515450,2025-10-14,1.395936753338,1.395936753338,1.395936753338,1.395936753338
515450,2025-10-15,1.4008313422347,1.4008313422347,1.4008313422347,1.4008313422347
515450,2025-10-16,1.4096416022488,1.4096416022488,1.4096416022488,1.4096416022488
515450,2025-10-17,1.4037680955727,1.4037680955727,1.4037680955727,1.4037680955727
515450,2025-10-20,1.4067048489108,1.4067048489108,1.4067048489108,1.4067048489108
515450,2025-10-21,1.4037680955727,1.4037680955727,1.4037680955727,1.4037680955727
515450,2025-10-22,1.4135572733661,1.4135572733661,1.4135572733661,1.4135572733661
515450,2025-10-23,1.4194307800422,1.4194307800422,1.4194307800422,1.4194307800422
515450,2025-10-24,1.4145361911455,1.4145361911455,1.4145361911455,1.4145361911455
515450,2025-10-27,1.4233464511595,1.4233464511595,1.4233464511595,1.4233464511595
515450,2025-10-28,1.4145361911455,1.4145361911455,1.4145361911455,1.4145361911455
515450,2025-10-29,1.4106205200281,1.4106205200281,1.4106205200281,1.4106205200281
515450,2025-10-30,1.4204096978215,1.4204096978215,1.4204096978215,1.4204096978215
515450,2025-10-31,1.4164940267041,1.4164940267041,1.4164940267041,1.4164940267041
515450,2025-11-03,1.4282410400562,1.4282410400562,1.4282410400562,1.4282410400562
515450,2025-11-04,1.4331356289529,1.4331356289529,1.4331356289529,1.4331356289529
515450,2025-11-05,1.4292199578356,1.4292199578356,1.4292199578356,1.4292199578356
515450,2025-11-06,1.4399880534083,1.4399880534083,1.4399880534083,1.4399880534083
515450,2025-11-07,1.4409669711876,1.4409669711876,1.4409669711876,1.4409669711876
515450,2025-11-10,1.453692902319,1.453692902319,1.453692902319,1.453692902319
515450,2025-11-11,1.4497772312017,1.4497772312017,1.4497772312017,1.4497772312017
515450,2025-11-12,1.4585874912157,1.4585874912157,1.4585874912157,1.4585874912157
515450,2025-11-13,1.453692902319,1.453692902319,1.453692902319,1.453692902319
515450,2025-11-14,1.4487983134223,1.4487983134223,1.4487983134223,1.4487983134223
515450,2025-11-17,1.4360723822909,1.4360723822909,1.4360723822909,1.4360723822909
515450,2025-11-18,1.4301988756149,1.4301988756149,1.4301988756149,1.4301988756149
515450,2025-11-19,1.439009135629,1.439009135629,1.439009135629,1.439009135629
515450,2025-11-20,1.4429248067463,1.4429248067463,1.4429248067463,1.4429248067463
515450,2025-11-21,1.4243253689389,1.4243253689389,1.4243253689389,1.4243253689389
515450,2025-11-24,1.4155151089248,1.4155151089248,1.4155151089248,1.4155151089248
515450,2025-11-25,1.4233464511595,1.4233464511595,1.4233464511595,1.4233464511595
515450,2025-11-26,1.4184518622628,1.4184518622628,1.4184518622628,1.4184518622628
515450,2025-11-27,1.4223675333802,1.4223675333802,1.4223675333802,1.4223675333802
515450,2025-11-28,1.4174729444835,1.4174729444835,1.4174729444835,1.4174729444835
515450,2025-12-01,1.4262832044975,1.4262832044975,1.4262832044975,1.4262832044975
515450,2025-12-02,1.4282410400562,1.4282410400562,1.4282410400562,1.4282410400562
515450,2025-12-03,1.4311777933942,1.4311777933942,1.4311777933942,1.4311777933942
515450,2025-12-04,1.4243253689389,1.4243253689389,1.4243253689389,1.4243253689389
515450,2025-12-05,1.4223675333802,1.4223675333802,1.4223675333802,1.4223675333802
515450,2025-12-08,1.4155151089248,1.4155151089248,1.4155151089248,1.4155151089248
515450,2025-12-09,1.4047470133521,1.4047470133521,1.4047470133521,1.4047470133521
515450,2025-12-10,1.4008313422347,1.4008313422347,1.4008313422347,1.4008313422347
515450,2025-12-11,1.3949578355587,1.3949578355587,1.3949578355587,1.3949578355587
515450,2025-12-12,1.393,1.393,1.393,1.393
515450,2025-12-15,1.395,1.395,1.395,1.395
515450,2025-12-16,1.39,1.39,1.39,1.39
515450,2025-12-17,1.397,1.397,1.397,1.397
515450,2025-12-18,1.405,1.405,1.405,1.405
515450,2025-12-19,1.406,1.406,1.406,1.406
515450,2025-12-22,1.401,1.401,1.401,1.401
515450,2025-12-23,1.402,1.402,1.402,1.402
515450,2025-12-24,1.402,1.402,1.402,1.402
515450,2025-12-25,1.403,1.403,1.403,1.403
515450,2025-12-26,1.401,1.401,1.401,1.401
515450,2025-12-29,1.398,1.398,1.398,1.398
515450,2025-12-30,1.395,1.395,1.395,1.395
515450,2025-12-31,1.401,1.401,1.401,1.401
515450,2026-01-05,1.398,1.398,1.398,1.398
515450,2026-01-06,1.408,1.408,1.408,1.408
515450,2026-01-07,1.412,1.412,1.412,1.412
515450,2026-01-08,1.408,1.408,1.408,1.408
515450,2026-01-09,1.414,1.414,1.414,1.414
515450,2026-01-12,1.413,1.413,1.413,1.413
515450,2026-01-13,1.412,1.412,1.412,1.412
515450,2026-01-14,1.402,1.402,1.402,1.402
515450,2026-01-15,1.395,1.395,1.395,1.395
515450,2026-01-16,1.39,1.39,1.39,1.39
515450,2026-01-19,1.392,1.392,1.392,1.392
515450,2026-01-20,1.415,1.415,1.415,1.415
515450,2026-01-21,1.404,1.404,1.404,1.404
515450,2026-01-22,1.405,1.405,1.405,1.405
515450,2026-01-23,1.399,1.399,1.399,1.399
515450,2026-01-26,1.404,1.404,1.404,1.404
515450,2026-01-27,1.391,1.391,1.391,1.391
515450,2026-01-28,1.405,1.405,1.405,1.405
515450,2026-01-29,1.425,1.425,1.425,1.425
515450,2026-01-30,1.412,1.412,1.412,1.412
515450,2026-02-02,1.399,1.399,1.399,1.399
515450,2026-02-03,1.392,1.392,1.392,1.392
515450,2026-02-04,1.413,1.413,1.413,1.413
515450,2026-02-05,1.422,1.422,1.422,1.422
515450,2026-02-06,1.418,1.418,1.418,1.418
515450,2026-02-09,1.427,1.427,1.427,1.427
515450,2026-02-10,1.428,1.428,1.428,1.428
515450,2026-02-11,1.431,1.431,1.431,1.431
515450,2026-02-12,1.421,1.421,1.421,1.421
515450,2026-02-13,1.41,1.41,1.41,1.41
515450,2026-02-24,1.416,1.416,1.416,1.416
515450,2026-02-25,1.41,1.41,1.41,1.41
515450,2026-02-26,1.411,1.411,1.411,1.411
515450,2026-02-27,1.417,1.417,1.417,1.417
515450,2026-03-02,1.429,1.429,1.429,1.429
515450,2026-03-03,1.436,1.436,1.436,1.436
515450,2026-03-04,1.42,1.42,1.42,1.42
515450,2026-03-05,1.423,1.423,1.423,1.423
515450,2026-03-06,1.432,1.432,1.432,1.432
515450,2026-03-09,1.43,1.43,1.43,1.43
515450,2026-03-10,1.428,1.428,1.428,1.428
515450,2026-03-11,1.446,1.446,1.446,1.446
515450,2026-03-12,1.455,1.455,1.455,1.455
515450,2026-03-13,1.457,1.457,1.457,1.457
515450,2026-03-16,1.461,1.461,1.461,1.461
515450,2026-03-17,1.466,1.466,1.466,1.466
515450,2026-03-18,1.457,1.457,1.457,1.457
515450,2026-03-19,1.456,1.456,1.456,1.456
515450,2026-03-20,1.443,1.443,1.443,1.443
515450,2026-03-23,1.401,1.401,1.401,1.401
515450,2026-03-24,1.429,1.429,1.429,1.429
515450,2026-03-25,1.435,1.435,1.435,1.435
515450,2026-03-26,1.436,1.436,1.436,1.436
515450,2026-03-27,1.435,1.435,1.435,1.435
515450,2026-03-30,1.437,1.437,1.437,1.437
515450,2026-03-31,1.437,1.437,1.437,1.437
515450,2026-04-01,1.44,1.44,1.44,1.44
515450,2026-04-02,1.445,1.445,1.445,1.445
515450,2026-04-03,1.428,1.428,1.428,1.428
515450,2026-04-07,1.419,1.419,1.419,1.419
515450,2026-04-08,1.43,1.43,1.43,1.43
515450,2026-04-09,1.419,1.419,1.419,1.419
515450,2026-04-10,1.418,1.418,1.418,1.418
515450,2026-04-13,1.411,1.411,1.411,1.411
515450,2026-04-14,1.415,1.415,1.415,1.415
515450,2026-04-15,1.424,1.424,1.424,1.424
515450,2026-04-16,1.426,1.426,1.426,1.426
515450,2026-04-17,1.419,1.419,1.419,1.419
515450,2026-04-20,1.423,1.423,1.423,1.423
515450,2026-04-21,1.437,1.437,1.437,1.437
515450,2026-05-20,1.434,1.435,1.422,1.423
515450,2026-05-21,1.421,1.424,1.412,1.415
515450,2026-05-22,1.415,1.415,1.403,1.408
515450,2026-05-25,1.408,1.413,1.401,1.409
515450,2026-05-26,1.409,1.412,1.403,1.412
515450,2026-05-27,1.408,1.412,1.401,1.409
515450,2026-05-28,1.409,1.412,1.402,1.403
515450,2026-05-29,1.402,1.432,1.4,1.43
515890,2026-05-28,1.422,1.429,1.416,1.419
516460,2026-05-21,1.298,1.304,1.272,1.273
516460,2026-05-22,1.273,1.273,1.262,1.268
516460,2026-05-25,1.266,1.272,1.256,1.26
516460,2026-05-26,1.256,1.274,1.256,1.274
516460,2026-05-27,1.269,1.277,1.251,1.26
520550,2026-05-28,1.143,1.144,1.126,1.132
520550,2026-05-29,1.133,1.149,1.127,1.145
520610,2026-05-28,0.961,0.962,0.948,0.954
520610,2026-05-29,0.954,0.966,0.951,0.963
520810,2026-05-28,1.028,1.028,1.011,1.016
560120,2026-05-21,1.26,1.274,1.245,1.245
560120,2026-05-22,1.248,1.263,1.24,1.256
560120,2026-05-25,1.254,1.271,1.254,1.26
560120,2026-05-26,1.256,1.276,1.252,1.275
560120,2026-05-27,1.273,1.281,1.258,1.265
560120,2026-05-28,1.265,1.269,1.25,1.258
560120,2026-05-29,1.257,1.273,1.254,1.259
560150,2026-05-28,1.105,1.11,1.099,1.101
561580,2026-05-20,1.239,1.239,1.232,1.234
561580,2026-05-21,1.231,1.238,1.22,1.223
561580,2026-05-22,1.224,1.224,1.212,1.221
561580,2026-05-25,1.22,1.232,1.218,1.222
561580,2026-05-26,1.222,1.222,1.213,1.22
561580,2026-05-27,1.217,1.217,1.201,1.207
561580,2026-05-28,1.204,1.215,1.2,1.201
561580,2026-05-29,1.2,1.224,1.198,1.221
562080,2026-05-21,0.643,0.643,0.629,0.63
562080,2026-05-22,0.628,0.631,0.623,0.627
562080,2026-05-25,0.632,0.632,0.621,0.623
562080,2026-05-26,0.62,0.629,0.62,0.628
562080,2026-05-27,0.626,0.628,0.617,0.622
562080,2026-05-28,0.622,0.622,0.616,0.619
562080,2026-05-29,0.619,0.625,0.617,0.624
563020,2026-05-28,1.154,1.16,1.148,1.15
563580,2026-05-21,1.19,1.195,1.165,1.168
563580,2026-05-22,1.168,1.168,1.156,1.164
563580,2026-05-25,1.163,1.167,1.15,1.156
563580,2026-05-26,1.154,1.167,1.152,1.166
563580,2026-05-27,1.164,1.17,1.146,1.153
563580,2026-05-29,1.144,1.156,1.141,1.148
563680,2026-05-21,1.278,1.283,1.254,1.255
563680,2026-05-22,1.248,1.251,1.243,1.249
563680,2026-05-25,1.25,1.25,1.238,1.242
563680,2026-05-26,1.24,1.255,1.24,1.255
563680,2026-05-27,1.246,1.247,1.234,1.24
563900,2026-05-21,1.212,1.217,1.19,1.191
563900,2026-05-22,1.191,1.194,1.18,1.186
563900,2026-05-25,1.183,1.189,1.176,1.18
563900,2026-05-26,1.18,1.19,1.177,1.189
563900,2026-05-27,1.189,1.19,1.168,1.179
563900,2026-05-28,1.173,1.174,1.165,1.168
563900,2026-05-29,1.168,1.182,1.167,1.179
563990,2026-05-21,1.309,1.316,1.284,1.285
563990,2026-05-22,1.286,1.286,1.275,1.282
563990,2026-05-25,1.281,1.285,1.269,1.274
563990,2026-05-26,1.274,1.29,1.271,1.289
563990,2026-05-27,1.289,1.291,1.265,1.27
563990,2026-05-28,1.27,1.271,1.255,1.261
563990,2026-05-29,1.264,1.276,1.26,1.267
